imageID,good,acquisition_date,cell_type,source_split,metadata_logistic_prob_good,image_logistic_prob_good,image_boosted_prob_good,fusion_boosted_prob_good,mobilenet_logistic_prob_good,mobilenet_logistic_random_oof_prob_good
220429_03,0,220429,HPMEC,test,0.96544820716218,0.8164069101383562,0.8003737659372498,0.8466054402150419,0.5573190450668335,0.4139206111431122
220429_05,1,220429,HPMEC,val,0.96544820716218,0.6832310144347222,0.610104067530318,0.7386437005071048,0.9190831780433655,0.8146177530288696
220429_07,0,220429,HPMEC,train,0.96544820716218,0.6591214282777227,0.738523959242213,0.7835152634489067,0.7982075810432434,0.6740930676460266
220429_11,1,220429,HPMEC,val,0.9059733360337098,0.45860191280125095,0.39611990929811375,0.6679150274670217,0.7947182059288025,0.8223004937171936
220429_15,1,220429,HPMEC,train,0.9059733360337098,0.6786814391793802,0.4527363414328622,0.6485656087030541,0.9535710215568542,0.8488802313804626
220429_16,0,220429,HPMEC,train,0.9059733360337098,0.6744045239340176,0.42395097871759707,0.6903649692374341,0.9814929366111755,0.949081540107727
220429_17,0,220429,HPMEC,val,0.9059733360337098,0.6917359090745041,0.249584572326611,0.48398072986029256,0.9596796631813049,0.9257320761680603
220429_19,1,220429,HSAEC,train,0.944727531023716,0.7475831996887282,0.9416539768666894,0.9602551817881575,0.5401289463043213,0.28891417384147644
220429_20,1,220429,HSAEC,train,0.944727531023716,0.5522159950142892,0.6248161803856341,0.8936720016976744,0.537680983543396,0.6898494958877563
220429_24,1,220429,HSAEC,train,0.944727531023716,0.7134267887643185,0.8641988897566185,0.9480789274775742,0.7218586206436157,0.699354887008667
220429_27,1,220429,HSAEC,train,0.8549444941957355,0.7204796364070682,0.763955639127973,0.935880524745317,0.7285792827606201,0.39716899394989014
220429_30,1,220429,HSAEC,val,0.8549444941957355,0.636092697325542,0.4949847172569449,0.8423835370029223,0.8586405515670776,0.7311930656433105
220502_1,1,220502,HSAEC,train,0.4222286218844153,0.5488563939537603,0.9001378454726584,0.8269297596726131,0.24677912890911102,0.1849977970123291
220502_2,1,220502,HSAEC,test,0.4222286218844153,0.8030468976045261,0.8915309889176757,0.7331627936234356,0.3507395386695862,0.6685488820075989
220502_3,1,220502,HSAEC,train,0.4222286218844153,0.7274067318557095,0.8816415734136438,0.7291090455551268,0.7948163151741028,0.8755526542663574
220502_5,1,220502,HSAEC,train,0.4222286218844153,0.7209430109156801,0.8745513933237783,0.8445484194618713,0.309247761964798,0.496116042137146
220502_6,1,220502,HSAEC,test,0.4222286218844153,0.7718200906475539,0.7244219334382366,0.6246216047971154,0.6155112385749817,0.7499111890792847
220502_8,1,220502,HSAEC,val,0.4222286218844153,0.7540778516816334,0.8677334195946336,0.729738461369092,0.25753989815711975,0.3452773988246918
220503_1,1,220503,HSAEC,test,0.4357620465654573,0.6618815856083622,0.7737766843072109,0.6094115902028158,0.2605971395969391,0.19831590354442596
220503_3,0,220503,HSAEC,test,0.4357620465654573,0.7547194915097428,0.71337396472771,0.5775762236947999,0.7564278841018677,0.8391396403312683
220503_7,1,220503,HSAEC,val,0.4357620465654573,0.7364493049276859,0.7775920023583849,0.7040562080483246,0.5199121832847595,0.38836154341697693
220506_13,0,220506,CACO,train,0.33618644965076905,0.6715937229465885,0.8898748036447158,0.8464220881134352,0.5474043488502502,0.7393444180488586
220506_15,1,220506,CACO,train,0.33618644965076905,0.659311917706778,0.846237235285226,0.8380582164428027,0.8658668398857117,0.8499546647071838
220506_2,0,220506,HSAEC,train,0.6805232329918313,0.6874574395510739,0.6255234942785388,0.8555492577676007,0.44309067726135254,0.5840279459953308
220506_5,1,220506,HSAEC,train,0.6805232329918313,0.6765860974342164,0.9441980882345766,0.9512077194822044,0.8663139343261719,0.9236539006233215
220506_6,1,220506,HSAEC,test,0.6805232329918313,0.7332550093836802,0.8751385453084908,0.9367654799969649,0.5724979639053345,0.6954694390296936
220506_7,1,220506,HSAEC,train,0.6805232329918313,0.5945705405474183,0.8225108206430574,0.9231449706242104,0.678999125957489,0.7688533663749695
220506_8,0,220506,HSAEC,train,0.6805232329918313,0.6344442479017753,0.851059174290104,0.921558447632887,0.41061297059059143,0.6330918073654175
220512_1,0,220512,HSAEC,train,0.49945031447798455,0.5200196093680594,0.7134499434504421,0.30744540735608605,0.5104681253433228,0.4093819558620453
220512_14,1,220512,CACO,test,0.5633641136129084,0.5117150131742049,0.5566952762721962,0.508007616543425,0.7258895039558411,0.6742169260978699
220512_15,1,220512,CACO,test,0.5633641136129084,0.5866167587522959,0.3890133739805978,0.5045304748071845,0.5670173764228821,0.566956639289856
220512_2,1,220512,HSAEC,test,0.49945031447798455,0.6194480171321199,0.657630816123394,0.37134822577905285,0.6445563435554504,0.5116928815841675
220512_4,0,220512,HSAEC,test,0.49945031447798455,0.7004279759027202,0.7777089291066801,0.43797850306741765,0.27620887756347656,0.5177993774414062
220512_5,0,220512,HSAEC,train,0.49945031447798455,0.5334519479018954,0.512860224786575,0.15477410252840415,0.06308118999004364,0.02154015190899372
220512_7,1,220512,HSAEC,train,0.49945031447798455,0.6147048617499146,0.37405478571744405,0.23603758293517835,0.2398575246334076,0.12377464771270752
220515_10,1,220515,HSAEC,train,0.518274306445979,0.745764231083282,0.8704985079442918,0.6651797986181007,0.6017099618911743,0.7247950434684753
220515_11,1,220515,HSAEC,test,0.518274306445979,0.7432537137956676,0.9065821113502822,0.8548998319215401,0.6033957600593567,0.6798466444015503
220515_3,1,220515,CACO,test,0.4406997406494213,0.6529806751385369,0.7010967585093939,0.6013157297686872,0.9104751348495483,0.8253685832023621
220515_4,1,220515,CACO,train,0.4406997406494213,0.6611549163596262,0.8476398135532773,0.7497377240482426,0.8482997417449951,0.7030012607574463
220515_9,1,220515,HSAEC,train,0.518274306445979,0.6838787914596421,0.8760551877626805,0.6612358502018911,0.5844451785087585,0.703751266002655
220526_4,0,220526,HSAEC,train,0.6639389320332515,0.6689932984951104,0.8826534780951445,0.5812854378031288,0.5770801305770874,0.39212745428085327
220526_5,1,220526,HSAEC,train,0.6639389320332515,0.5909865823691958,0.8491562206021311,0.59792889149066,0.14291641116142273,0.09658637642860413
220606_12,0,220606,CACO,test,0.3239699012008228,0.41810831404489757,0.6222092674530648,0.48598821361183403,0.20625579357147217,0.3818688690662384
220606_2,1,220606,A549,train,0.6649610324051215,0.5383118543811773,0.4535744729271408,0.5802075859752805,0.6045733094215393,0.6638630628585815
220606_21,0,220606,CACO,train,0.3239699012008228,0.5875453233491651,0.7993627322627156,0.7101599995687119,0.2861599624156952,0.21121209859848022
220606_22,0,220606,CACO,train,0.3239699012008228,0.48493092115513936,0.6362662697103486,0.5414225795931656,0.07586419582366943,0.13825634121894836
220606_3,1,220606,A549,train,0.6649610324051215,0.5388668024848011,0.07990599344997104,0.15269082930260558,0.667546808719635,0.5776574611663818
220606_4,1,220606,A549,train,0.6649610324051215,0.5332083711728706,0.6033116164708903,0.5512770544799899,0.6713581681251526,0.69764244556427
220608_1,0,220608,CACO,train,0.4950172112916501,0.5620137096838372,0.3717963428673545,0.610946817360033,0.3065005838871002,0.266932874917984
220608_10,0,220608,CACO,val,0.4950172112916501,0.43425577558200973,0.7382202196996018,0.6100885870850722,0.44845983386039734,0.8059641122817993
220608_13,0,220608,A549,test,0.7857079081994118,0.5439369545923369,0.6858108353671571,0.8404056218551823,0.6016067266464233,0.4774206280708313
220608_14,0,220608,A549,train,0.7857079081994118,0.5182155344048942,0.7473464539948066,0.8567523808889809,0.7374780178070068,0.605384886264801
220608_15,0,220608,A549,test,0.7857079081994118,0.4985470413270554,0.8741777777416982,0.8445931821583339,0.6798060536384583,0.5223649740219116
220608_16,0,220608,A549,train,0.7857079081994118,0.4851746886222574,0.26966561103764164,0.27248164745793046,0.22746433317661285,0.2333415001630783
220608_17,0,220608,A549,train,0.7857079081994118,0.5590571281599171,0.6449038372659579,0.5871599114956274,0.6068728566169739,0.3983188569545746
220608_18,0,220608,A549,train,0.7857079081994118,0.4064146902617116,0.44457503411583493,0.44334034807123807,0.42001065611839294,0.23244203627109528
220608_19,0,220608,A549,train,0.7857079081994118,0.37330827921812143,0.21815843499176407,0.2730322440474957,0.5375763773918152,0.26094040274620056
220608_2,0,220608,CACO,train,0.4950172112916501,0.4665871116907216,0.4337742178837106,0.4867290440490591,0.2617107033729553,0.16577063500881195
220608_20,0,220608,A549,train,0.7857079081994118,0.6120807487645582,0.8870889642986649,0.9206450634611187,0.6044465899467468,0.4124823808670044
220608_21,0,220608,A549,test,0.7857079081994118,0.49516901529749363,0.8762225382242007,0.8853933798201574,0.5964916944503784,0.4464149475097656
220608_4,0,220608,CACO,train,0.4950172112916501,0.46919672873238055,0.493427183002016,0.5136909655987647,0.4356899559497833,0.34522199630737305
220608_6,0,220608,CACO,train,0.4950172112916501,0.643706407664865,0.8328295159837593,0.7165531280559911,0.29273390769958496,0.15402287244796753
220608_8,0,220608,CACO,test,0.4950172112916501,0.5189918554831304,0.4599932289717211,0.46874098327719,0.40266647934913635,0.44400617480278015
220609_10,1,220609,A549,train,0.6210872192626042,0.7331294493263528,0.4511332551052004,0.5178988409089653,0.38133659958839417,0.42131468653678894
220609_12,1,220609,A549,train,0.6210872192626042,0.6584618522985171,0.4323371672684394,0.6293238937521849,0.6370911002159119,0.6196280717849731
220609_13,1,220609,A549,train,0.6210872192626042,0.7203427319537102,0.6773127148916346,0.8542517972587468,0.7068368196487427,0.7184455990791321
220609_16,0,220609,A549,train,0.6210872192626042,0.8176401892159871,0.7879730704225698,0.9238709640367376,0.48868128657341003,0.7033258080482483
220609_2,0,220609,CACO,train,0.26783090538496424,0.5940221213852818,0.8336834903162701,0.8353953878385586,0.44748327136039734,0.5744414925575256
220609_7,1,220609,CACO,train,0.26783090538496424,0.732964805197653,0.8899384171184136,0.9081882126933678,0.457306444644928,0.49408426880836487
220610_10,0,220610,CACO,val,0.2731754913578705,0.8089043801068743,0.9575246501019311,0.8807860812081664,0.5202919244766235,0.4921456575393677
220610_12,1,220610,CACO,val,0.2731754913578705,0.8038970512300637,0.956664216924186,0.9552818275559459,0.47210749983787537,0.5425543189048767
220610_18,1,220610,A549,train,0.6274401260775795,0.7098347355777396,0.8153811961227934,0.806498349287283,0.7950254678726196,0.7870870232582092
220610_19,1,220610,A549,train,0.6274401260775795,0.822700745805763,0.9081348393883651,0.9242886169441404,0.7163658142089844,0.7538447380065918
220610_21,1,220610,A549,train,0.6274401260775795,0.7565423901267038,0.8097295414252311,0.9410981723663954,0.7033557891845703,0.7099271416664124
220610_22,0,220610,A549,train,0.6274401260775795,0.700343121537601,0.8145715257439522,0.8600223880964654,0.6856304407119751,0.7211388945579529
220610_23,0,220610,A549,train,0.6274401260775795,0.7650313741423037,0.7545687720911594,0.8707620491390817,0.4809041917324066,0.632162868976593
220610_7,1,220610,CACO,train,0.2731754913578705,0.537370845725355,0.6579224868285136,0.7969776821158944,0.4829205572605133,0.6508027911186218
220610_8,1,220610,CACO,train,0.2731754913578705,0.5202739713037907,0.7958350196018731,0.929903585993978,0.7501473426818848,0.8288789391517639
220611_1,1,220611,CACO,test,0.3371284222008562,0.9005010416101931,0.9384124242576166,0.8787293424464313,0.9829912185668945,0.9826645255088806
220611_11,0,220611,CACO,train,0.3371284222008562,0.6925169646966765,0.7303545557926839,0.7614283562143078,0.8128877878189087,0.8126019239425659
220611_13,1,220611,A549,test,0.7527543685321795,0.7001993977968658,0.8157665392803152,0.6921410527085257,0.7854079604148865,0.7475703358650208
220611_19,1,220611,A549,train,0.7527543685321795,0.784403015672506,0.8289010271498513,0.7713406326459059,0.710495114326477,0.404367595911026
220611_2,1,220611,CACO,val,0.3371284222008562,0.7619268298979798,0.9131793638802556,0.8463910554045828,0.9677413105964661,0.9662702083587646
220611_3,1,220611,CACO,train,0.3371284222008562,0.7010731914936786,0.9349257884746748,0.8469340597091538,0.9241312146186829,0.9327186942100525
220611_5,1,220611,CACO,test,0.3371284222008562,0.8086789937163865,0.913648764039945,0.854817200586258,0.9159952998161316,0.8494203090667725
220611_6,1,220611,CACO,val,0.3371284222008562,0.8707123024882422,0.9302346231575052,0.9022348138950177,0.8420957922935486,0.824910581111908
220612_12,1,220612,CACO,train,0.28406208878869915,0.8982122338603231,0.9448291516283066,0.7901947706740681,0.6721999645233154,0.5249953269958496
220612_14,1,220612,A549,train,0.6400129892802838,0.8599326054754708,0.9491366186607747,0.9449540119368754,0.7580439448356628,0.6383365392684937
220612_17,0,220612,A549,train,0.6400129892802838,0.9022316771704024,0.950068310518464,0.9565401210530592,0.2156999260187149,0.03928150609135628
220612_19,1,220612,A549,train,0.6400129892802838,0.9042810697408767,0.9504952546249995,0.9696272645086913,0.3233475387096405,0.30252987146377563
220612_21,1,220612,A549,train,0.6400129892802838,0.9100199945424544,0.9575635854243817,0.9853350585264318,0.7389003038406372,0.6983399391174316
220612_23,1,220612,A549,train,0.6400129892802838,0.8827008858510274,0.9338871392684902,0.9329809529095839,0.4171431064605713,0.4449489414691925
220612_4,1,220612,CACO,train,0.28406208878869915,0.8240200402917292,0.9039400720726671,0.938561690098762,0.8972976803779602,0.7855037450790405
220612_6,1,220612,CACO,val,0.28406208878869915,0.8282155007179983,0.8516038571404666,0.9257237161295376,0.7179787158966064,0.6765318512916565
220612_7,1,220612,CACO,train,0.28406208878869915,0.9116642116995893,0.9421587271413912,0.9574634597754331,0.9467381238937378,0.9516457915306091
220620_1,1,220620,A549,val,0.8629220237458534,0.8923065158123629,0.8194752328131629,0.6811305476782535,0.5813236832618713,0.8112329840660095
220620_11,0,220620,A549,train,0.8629220237458534,0.2585072918261244,0.12216523349797685,0.0906094657149551,0.7312721014022827,0.735456109046936
220620_12,1,220620,A549,val,0.8629220237458534,0.7875776452381155,0.9404448952681973,0.9237683916259769,0.6556010246276855,0.8930643796920776
220620_2,1,220620,A549,train,0.8629220237458534,0.8806870189269773,0.9156828580466533,0.889382705325407,0.6268523335456848,0.8128825426101685
220620_6,1,220620,A549,train,0.8629220237458534,0.8551914116061827,0.7775367893782887,0.629906623113279,0.7184855937957764,0.8551059365272522
220620_7,1,220620,A549,test,0.8629220237458534,0.8798813528781322,0.7472957088957644,0.5892944421196397,0.7677686214447021,0.8893613815307617
220620_9,1,220620,A549,train,0.8629220237458534,0.7893222296364113,0.7979220224346679,0.6487946696318361,0.7877721786499023,0.8123973608016968
220626_1,1,220626,HPMEC,train,0.6977256749026696,0.7365395394366364,0.6550738761820634,0.7514438630917857,0.5000795125961304,0.6459559798240662
220626_10,1,220626,HSAEC,test,0.4539791389210748,0.7609122824471609,0.8322201265911471,0.6625285626197874,0.7637339234352112,0.891074001789093
220626_11,1,220626,HSAEC,train,0.4539791389210748,0.7009753024064586,0.7570458296196625,0.7442997757770546,0.6601483225822449,0.7380533218383789
220626_13,1,220626,HSAEC,train,0.4539791389210748,0.7941162951222982,0.7801861269319766,0.8334949629645126,0.6568300724029541,0.8655095100402832
220626_15,1,220626,HSAEC,train,0.4539791389210748,0.7642459612380215,0.7945972649617694,0.7323931058194098,0.6542293429374695,0.8300206065177917
220626_2,1,220626,HPMEC,train,0.6977256749026696,0.7206576631763402,0.567469943231977,0.7148777376765925,0.671308159828186,0.785082221031189
220626_9,1,220626,HSAEC,train,0.4539791389210748,0.7349873718551759,0.8842659013838623,0.7506426438382986,0.805051326751709,0.9093719720840454
220630_01,0,220630,HSAEC,test,0.4222286218844153,0.565677518605296,0.4771146120760946,0.46205148866201884,0.38093334436416626,0.2853589355945587
220630_02,0,220630,HSAEC,test,0.4222286218844153,0.527589294650996,0.4778456536599341,0.31711356588785744,0.43436679244041443,0.38894397020339966
220630_07,0,220630,HSAEC,train,0.4222286218844153,0.6691039608766479,0.7430507388562619,0.34313361197114006,0.3167014420032501,0.4095851182937622
220630_08,0,220630,HSAEC,test,0.4222286218844153,0.7601634520082257,0.35215040917870716,0.29755153175107785,0.607417106628418,0.5643369555473328
220630_10,1,220630,HSAEC,test,0.4222286218844153,0.6976698965078785,0.4746799546676611,0.3279160493543872,0.29622945189476013,0.3345467150211334
220630_12,1,220630,HSAEC,train,0.4222286218844153,0.7091513370746173,0.442842957873954,0.2414691308346034,0.3960781991481781,0.3598233461380005
220630_14,0,220630,HSAEC,train,0.4222286218844153,0.5856931985615429,0.2487797071813992,0.2476092544456168,0.3548848032951355,0.295670747756958
220630_16,0,220630,HSAEC,train,0.4222286218844153,0.6818469031804344,0.4154961319793918,0.2168207048152844,0.4759673774242401,0.4636247754096985
220630_17,0,220630,HSAEC,train,0.4222286218844153,0.6062575527976948,0.17238629441211425,0.16059676983869436,0.6292677521705627,0.46529820561408997
220630_18,0,220630,HSAEC,val,0.4222286218844153,0.6246280033911527,0.14010289934506456,0.11262510685827314,0.6533635854721069,0.3708902895450592
220706_1,0,220706,HSAEC,val,0.6628063873185981,0.7062125094608643,0.9610924631148535,0.9380613783426331,0.27629369497299194,0.18046461045742035
220706_3,1,220706,HSAEC,train,0.6628063873185981,0.7628535770083918,0.7667522996181683,0.8232795688057186,0.6199038028717041,0.4135325253009796
220706_4,0,220706,HSAEC,train,0.6628063873185981,0.8055373173025564,0.4069931250489497,0.4216672889230216,0.34055042266845703,0.37575408816337585
220706_5,0,220706,HSAEC,test,0.6628063873185981,0.7349912677088579,0.686436533088221,0.6983076593290072,0.6562677025794983,0.6178242564201355
220706_6,0,220706,HSAEC,train,0.6628063873185981,0.6739371665086469,0.8270870517211435,0.7876009595085451,0.5896714329719543,0.5870882272720337
220708_1,0,220708,HPMEC,train,0.9456188794533888,0.3634883722604436,0.30221322289881664,0.3733949066128172,0.3886925280094147,0.3380419909954071
220708_11,0,220708,HSAEC,test,0.863826352908794,0.860127055287392,0.693856994685718,0.791837810644812,0.5609101057052612,0.6547673344612122
220708_12,0,220708,HSAEC,test,0.863826352908794,0.79788541115996,0.49908510992681004,0.8024546573383708,0.48488709330558777,0.47117874026298523
220708_13,0,220708,HSAEC,train,0.863826352908794,0.7500430198196945,0.5323011252137558,0.7306273168502863,0.7899014353752136,0.8053010702133179
220708_4,1,220708,HPMEC,test,0.9456188794533888,0.3392514035806945,0.20711272764025054,0.39941384252695133,0.2778388261795044,0.27230772376060486
220708_6,1,220708,HPMEC,test,0.9456188794533888,0.5165707190043065,0.5059712654090525,0.5668218207362754,0.5093106627464294,0.5124834775924683
220715_11,1,220715,HPMEC,train,0.8931320055176276,0.6481832415767232,0.3148315479585124,0.5566188571257371,0.7178522944450378,0.7932807207107544
220715_14,1,220715,HSAEC,train,0.6162047646768758,0.7024517434210312,0.7599362565045591,0.8864874642127041,0.3686719536781311,0.37073659896850586
220715_15,1,220715,HSAEC,train,0.6162047646768758,0.6636697419590639,0.9347371026698398,0.9442424741360461,0.14266057312488556,0.1887250393629074
220715_2,1,220715,HPMEC,train,0.8931320055176276,0.5978185763149733,0.610152608184506,0.7824596312205285,0.5428066849708557,0.4742920994758606
220715_3,1,220715,HPMEC,val,0.8931320055176276,0.7014274709181609,0.3331522719068331,0.4344914938391472,0.6259965300559998,0.49852219223976135
220715_4,1,220715,HPMEC,train,0.8931320055176276,0.4986640824942901,0.2590164202597414,0.3815765501427191,0.3490210473537445,0.14403165876865387
220715_7,0,220715,HPMEC,train,0.8931320055176276,0.42715524981817754,0.37990741533543415,0.44157361482952484,0.18757568299770355,0.2944523096084595
220716_6,1,220716,HSAEC,train,0.5869391175548572,0.7656489010743882,0.7810981165922805,0.8203472388572631,0.7290617227554321,0.6027114391326904
220716_8,1,220716,HSAEC,test,0.5869391175548572,0.8431448373372986,0.822398960308118,0.8468192206631322,0.9198250770568848,0.9460529685020447
220716_9,1,220716,HSAEC,test,0.5869391175548572,0.8294099647955955,0.8775839091718843,0.894693537729396,0.17915739119052887,0.41721174120903015
220718_1,0,220718,HSAEC,train,0.5075296782560424,0.8528966696324021,0.8057949012213512,0.7268374762919035,0.5247877836227417,0.4893757998943329
220718_2,0,220718,HSAEC,val,0.5075296782560424,0.6740261800384111,0.8519329555031085,0.8956870264171503,0.4261913299560547,0.40979039669036865
220718_4,0,220718,HSAEC,test,0.5075296782560424,0.6290474967270286,0.6959494278791107,0.6194944667710872,0.811843752861023,0.6104786992073059
220718_6,0,220718,HSAEC,test,0.5075296782560424,0.4267576166597844,0.8734076656784011,0.5559635334819654,0.9344913363456726,0.8284354209899902
220718_7,0,220718,HSAEC,train,0.5075296782560424,0.6734280703086316,0.8515476345705123,0.8502459021844767,0.7181825637817383,0.507985532283783
220718_9,0,220718,HSAEC,train,0.5075296782560424,0.47092429299130656,0.7787740087893955,0.648199395483296,0.4235363006591797,0.4759330749511719
220721_1,0,220721,HSAEC,train,0.5210317520463617,0.5729687676971639,0.3522951550655264,0.13406882594335007,0.13945943117141724,0.15588131546974182
220721_3,0,220721,HSAEC,train,0.5210317520463617,0.3452829369674871,0.1072587726372589,0.09140028845437259,0.3412476181983948,0.26702880859375
220721_6,0,220721,HSAEC,train,0.5210317520463617,0.20150511012336472,0.04378805195761929,0.03850520134004636,0.5775582194328308,0.7615713477134705
220722_1,0,220722,HSAEC,train,0.4630980821010262,0.7729239943152005,0.8599332641377525,0.7023701522101305,0.22221361100673676,0.24397405982017517
220722_5,0,220722,HSAEC,train,0.4630980821010262,0.6419128522855669,0.8034381375711425,0.6390422639742837,0.7197232842445374,0.6905757188796997
220724_1,0,220724,HSAEC,test,0.6258372468256109,0.8515699287684512,0.9209341239589178,0.8429316684799818,0.448197603225708,0.44447535276412964
220724_2,1,220724,HSAEC,train,0.6258372468256109,0.8427259634781865,0.9027762767714574,0.8560783594353664,0.7801085114479065,0.632797122001648
220724_3,0,220724,HSAEC,train,0.6258372468256109,0.8552991993209713,0.9358611217571735,0.9273747843376233,0.5412803888320923,0.5593416690826416
220724_5,0,220724,HSAEC,train,0.6258372468256109,0.9051206326976386,0.8769050543256822,0.8381516745763534,0.7444551587104797,0.40226155519485474
220724_8,0,220724,HSAEC,val,0.6258372468256109,0.8509855475836385,0.9564541525304615,0.9253417369020589,0.7045795917510986,0.41601788997650146
221010_11,1,221010,HPMEC,train,0.9379087216648847,0.7828190131773098,0.9238607833277837,0.9403318347872568,0.9762235283851624,0.9724418520927429
221010_15,1,221010,HPMEC,train,0.8261251315113518,0.7063045833681414,0.9127595335134265,0.9327052114560264,0.8350458145141602,0.9064770340919495
221010_16,1,221010,HPMEC,test,0.8261251315113518,0.6356209888341771,0.8324916686442017,0.7723532434432656,0.8512610197067261,0.8965598940849304
221010_18,0,221010,HSAEC,train,0.8039531243144364,0.8483526172397897,0.966079203894287,0.9650432029256139,0.9507260918617249,0.912613570690155
221010_19,0,221010,HSAEC,train,0.8039531243144364,0.8321176737745899,0.9785692091006641,0.986895496267323,0.8553172945976257,0.7838144302368164
221010_20,1,221010,HSAEC,test,0.8039531243144364,0.6791561967417837,0.9686583007661966,0.9454697209777437,0.9205113649368286,0.7601426243782043
221010_22,1,221010,HSAEC,train,0.8039531243144364,0.738942448489435,0.9091096959452225,0.9254085400284089,0.9384198188781738,0.9182609915733337
221010_26,1,221010,HSAEC,train,0.8039531243144364,0.7893502023990813,0.9649649579759924,0.9460547465669626,0.9952952265739441,0.9830946326255798
221010_29,1,221010,HPMEC,train,0.9379087216648847,0.9607938044533877,0.9769692399119346,0.9849105395666335,0.9871971607208252,0.9530614018440247
221010_30,0,221010,HPMEC,train,0.9379087216648847,0.8276838302023467,0.9466883782474174,0.9693914437919077,0.7546002268791199,0.891192615032196
221010_34,0,221010,HPMEC,train,0.9379087216648847,0.9463910590340077,0.967537390839166,0.9771204399217908,0.9797632098197937,0.9635688662528992
221010_38,0,221010,HPMEC,train,0.9379087216648847,0.9263868837417554,0.9727623667570876,0.9815333509294351,0.9743208289146423,0.9260475039482117
221010_4,1,221010,HPMEC,train,0.9379087216648847,0.9062499633797966,0.9738522564745422,0.9782589420468147,0.9785580635070801,0.9591436386108398
221010_47,1,221010,HSAEC,test,0.8039531243144364,0.8879883317577096,0.973873011077458,0.9539081816943513,0.9170951843261719,0.8667939901351929
221010_5,1,221010,HPMEC,test,0.9379087216648847,0.9324331850806157,0.9759902224490562,0.9799259055743689,0.9771803617477417,0.944205641746521
221010_53,1,221010,HSAEC,train,0.8039531243144364,0.7014702650106421,0.9322313516366322,0.932980482664629,0.7875174283981323,0.6022409200668335
221010_55,1,221010,HSAEC,val,0.8039531243144364,0.764060906845656,0.9425069462859599,0.9361538818879298,0.8960469365119934,0.8254114389419556
221010_6,1,221010,HPMEC,train,0.9379087216648847,0.9412247063080235,0.9797550537613937,0.9843938868699019,0.9881402254104614,0.9754299521446228
221010_61,1,221010,HPMEC,train,0.9379087216648847,0.6744213251621963,0.8737682177651022,0.9310099126141085,0.8739906549453735,0.9167987704277039
221010_62,1,221010,HPMEC,train,0.9379087216648847,0.6533479277263041,0.8100495884701554,0.8959710055336728,0.9141465425491333,0.9246696829795837
221010_64,1,221010,HPMEC,train,0.9379087216648847,0.912292079822584,0.9387136984196712,0.955753503457846,0.9519681334495544,0.8882932662963867
221010_65,1,221010,HPMEC,train,0.9379087216648847,0.5501362136128886,0.8511332712250059,0.8768216094918726,0.9134820699691772,0.9525860548019409
221010_67,1,221010,HUVEC,val,0.4531545221148327,0.8326324270128043,0.9795793702096952,0.9388303209736123,0.9628189206123352,0.9015932083129883
221010_70,1,221010,HUVEC,train,0.4531545221148327,0.868481025459884,0.9644229289145526,0.9323040762500818,0.9179790019989014,0.910851001739502
221010_72,1,221010,HUVEC,train,0.4531545221148327,0.8952936974466799,0.9762878088514567,0.9385114335650963,0.8851321339607239,0.9151860475540161
221010_76,1,221010,HPMEC,train,0.8261251315113518,0.8635316486733291,0.9412189265132226,0.8543291487958979,0.9451442360877991,0.9373562335968018
221010_80,1,221010,HUVEC,train,0.2067595550630297,0.6910249940254772,0.782486180940311,0.5670906282671707,0.750188410282135,0.8098287582397461
221010_9,1,221010,HPMEC,test,0.9379087216648847,0.6086405184636349,0.9260064921642082,0.9551190839694745,0.7665708661079407,0.7340781688690186
221010_91,1,221010,A549,train,0.8639227933163921,0.9614440763842065,0.9581712312129558,0.981131154478382,0.9293546676635742,0.8640117645263672
221010_93,1,221010,A549,train,0.8639227933163921,0.916598873693898,0.955667894156677,0.9600482938186093,0.9384304285049438,0.8797355890274048
221010_94,1,221010,A549,train,0.8639227933163921,0.8007662638480018,0.8479529076093688,0.9392342641685638,0.9688410758972168,0.9391554594039917
221010_96,1,221010,A549,test,0.8639227933163921,0.9208894392818373,0.9788916164565874,0.9897915062254643,0.8316140174865723,0.9238477945327759
221010_97,1,221010,A549,test,0.8639227933163921,0.9542555869537513,0.9622531094217666,0.9889929950479803,0.8863505125045776,0.8694315552711487
221012_12,1,221012,HSAEC,train,0.4144384904813012,0.8958891301503769,0.951879712408591,0.912239876209983,0.7716827988624573,0.883492648601532
221012_19,1,221012,HSAEC,train,0.4144384904813012,0.7727912768944077,0.9049361183727849,0.8480994811107495,0.6927140355110168,0.7124924063682556
221012_20,1,221012,HSAEC,train,0.4144384904813012,0.8711708094560243,0.8468707746033982,0.7991206833476378,0.7974968552589417,0.7854080200195312
221012_23,1,221012,HSAEC,train,0.4144384904813012,0.8962931672489105,0.9647742471438778,0.912330922878688,0.9015619158744812,0.8696743845939636
221012_24,1,221012,HSAEC,train,0.4144384904813012,0.7886062532773255,0.7634004969929237,0.46147140619635585,0.7701092958450317,0.8876392245292664
221012_3,1,221012,HSAEC,test,0.4144384904813012,0.9038592948098715,0.9029708554871897,0.8553313112816617,0.8638486862182617,0.864868700504303
221012_8,1,221012,HSAEC,train,0.4144384904813012,0.8365835917597276,0.8329314053932829,0.845488647754467,0.3824613094329834,0.365928053855896
221012_9,1,221012,HSAEC,train,0.4144384904813012,0.8534682699557354,0.8346656163417459,0.8583165775712783,0.6606166958808899,0.6197706460952759
221123_11,0,221123,A549,train,0.7610281880758317,0.9150839916398193,0.8448871327741188,0.7734071268504084,0.7053574919700623,0.585630476474762
221123_12,0,221123,A549,train,0.7610281880758317,0.7809672885755283,0.7418762200548996,0.7267753241204381,0.8018577694892883,0.37841445207595825
221123_2,0,221123,A549,test,0.7610281880758317,0.910197543538542,0.7686073589342721,0.7225377747562632,0.7836340069770813,0.6747767329216003
221214_21,1,221214,HPMEC,val,0.9142182956744196,0.7649216964308351,0.8394456787192726,0.9253808909327931,0.8414599895477295,0.8901410102844238
221214_24,1,221214,HPMEC,train,0.7603596667047705,0.6790948399857467,0.6885735709343896,0.877477665002353,0.8654559850692749,0.9296908378601074
221214_26,1,221214,HPMEC,test,0.7603596667047705,0.5290395947344676,0.7086704385280262,0.8807729709449438,0.8767933249473572,0.8965486884117126
221214_27,1,221214,HPMEC,train,0.7603596667047705,0.4026213788249513,0.6726572520531808,0.7779483803188789,0.8073700070381165,0.7744477391242981
221214_28,1,221214,HPMEC,train,0.7603596667047705,0.5431903516796337,0.82920431669146,0.8577856781926747,0.752916157245636,0.6875690817832947
221214_31,1,221214,HPMEC,train,0.7603596667047705,0.4024640490471819,0.8633581600664082,0.905663194253681,0.525310754776001,0.42284324765205383
221214_34,1,221214,HPMEC,train,0.7603596667047705,0.7120067834621705,0.8948656087974092,0.8929124497847907,0.827470600605011,0.8715258240699768
221215_1,1,221215,A549,train,0.656644550769381,0.6036273788985932,0.20042493355531552,0.22169809625568257,0.6212648153305054,0.7170016169548035
221215_11,1,221215,CACO,train,0.7832166353635052,0.5869877110494004,0.8960997341354365,0.8678021109199858,0.6171039938926697,0.6918690204620361
221215_14,1,221215,CACO,train,0.7832166353635052,0.6187985956407227,0.841483458079573,0.7541297465215159,0.8208490014076233,0.9224219918251038
221215_2,0,221215,A549,train,0.656644550769381,0.5024139830197709,0.09998312535698377,0.1622812163013574,0.7272524237632751,0.7018156051635742
221215_3,1,221215,A549,train,0.656644550769381,0.5456428141314115,0.47924332949260745,0.5113506099243157,0.5973965525627136,0.6817717552185059
221215_4,1,221215,A549,train,0.656644550769381,0.49882960205111165,0.5084724320377536,0.5103347327954368,0.8174212574958801,0.7959300875663757
221219_1,1,221219,A549,train,0.6877603999267007,0.8156311059108455,0.8339994857066744,0.5666935277708164,0.9293509721755981,0.8539121150970459
221219_10,0,221219,A549,train,0.6877603999267007,0.6939449503147883,0.839563079487921,0.5564375844200358,0.8190388083457947,0.7707152962684631
221219_16,1,221219,A549,test,0.6877603999267007,0.7291769416941967,0.7523644753363128,0.48539672628686,0.8062578439712524,0.8119843006134033
221219_2,1,221219,A549,train,0.6877603999267007,0.7866352154391161,0.7215150080974759,0.4459964177973578,0.7320396900177002,0.8335280418395996
221219_7,1,221219,A549,train,0.6877603999267007,0.590140717603628,0.5822125968838402,0.6712441742467522,0.7883701324462891,0.7999290823936462
230109_10,1,230109,HPMEC,train,0.9142182956744196,0.807589585897218,0.8430766919586357,0.7737496190255396,0.9188752770423889,0.9670044779777527
230109_100,1,230109,A549,train,0.9637750692995886,0.613258654359621,0.4113610738639983,0.5957211921606593,0.8106561899185181,0.8362945318222046
230109_101,1,230109,A549,train,0.9637750692995886,0.7690905084168581,0.801033904898707,0.8973795092232065,0.8675820231437683,0.752441942691803
230109_103,0,230109,A549,train,0.9637750692995886,0.6913490342510528,0.9034775748923666,0.9638357653156869,0.5626944899559021,0.51894211769104
230109_105,0,230109,A549,train,0.9637750692995886,0.8140313777661972,0.8407070227985596,0.9317679491423692,0.48415839672088623,0.19718989729881287
230109_106,0,230109,A549,train,0.9637750692995886,0.7788065546037488,0.6507611252249856,0.8574150735760927,0.7128326892852783,0.5490609407424927
230109_107,0,230109,A549,val,0.9637750692995886,0.7522331021525767,0.8798876001620343,0.8966763159548862,0.789481520652771,0.6740664839744568
230109_109,1,230109,A549,val,0.9637750692995886,0.7518615991193808,0.9231630869790675,0.9375670925570668,0.8143383264541626,0.6925911903381348
230109_111,1,230109,A549,train,0.9637750692995886,0.7661140376193807,0.907458120787714,0.9250953413736959,0.8404695987701416,0.65096116065979
230109_113,1,230109,A549,test,0.8879031169169702,0.722501920680627,0.8486557257957262,0.9016783517334653,0.8086332082748413,0.8344112038612366
230109_114,1,230109,A549,train,0.8879031169169702,0.7525682950521471,0.8594370391955843,0.9273780034763265,0.860153317451477,0.7536348104476929
230109_115,0,230109,A549,train,0.8879031169169702,0.6953903095249693,0.8251840852062285,0.8198296505283728,0.7661694288253784,0.5660520792007446
230109_117,1,230109,A549,train,0.8879031169169702,0.5655154890458434,0.5390561810084146,0.708288865270326,0.8533580899238586,0.7546897530555725
230109_119,0,230109,A549,train,0.8879031169169702,0.711126665656563,0.7993831393373684,0.8471169939987865,0.7821970582008362,0.6177682876586914
230109_121,0,230109,A549,val,0.8879031169169702,0.727313707948775,0.86347017343723,0.8846106346612326,0.7555640339851379,0.7367720603942871
230109_124,0,230109,A549,train,0.8879031169169702,0.7174167861005888,0.788386287036751,0.8897490013353684,0.8789426684379578,0.8197664022445679
230109_126,0,230109,A549,train,0.8879031169169702,0.6638653370618397,0.7751339129549214,0.8835267485780043,0.8260900974273682,0.7704282999038696
230109_127,0,230109,A549,train,0.8879031169169702,0.6693229959915781,0.8430498768931178,0.866421299267316,0.854804515838623,0.728069543838501
230109_13,1,230109,HPMEC,train,0.7603596667047705,0.8030042362399723,0.8791347672093655,0.795556417126403,0.9481972455978394,0.9856678247451782
230109_15,1,230109,HPMEC,train,0.7603596667047705,0.5316920684356484,0.3916607430260729,0.5777060469003831,0.6947603225708008,0.8352628946304321
230109_16,1,230109,HPMEC,train,0.7603596667047705,0.5522684856772024,0.7770568126161841,0.8238217193398584,0.8475881814956665,0.8680679798126221
230109_17,1,230109,HPMEC,train,0.7603596667047705,0.43303377777002944,0.4615859910410803,0.5512660203747327,0.6710644364356995,0.8844413757324219
230109_20,1,230109,HPMEC,test,0.7603596667047705,0.738407016569874,0.7642232477900042,0.7236615512093204,0.8624913096427917,0.9392620921134949
230109_21,1,230109,HPMEC,test,0.7603596667047705,0.6328930789769198,0.7440468118442621,0.837365881010394,0.7565872073173523,0.8668083548545837
230109_24,1,230109,HPMEC,train,0.7603596667047705,0.6181628477823543,0.34407343070294544,0.5643992367698107,0.8488937616348267,0.891619086265564
230109_3,1,230109,HPMEC,train,0.9142182956744196,0.694685670982618,0.9178446868450286,0.9182150930835717,0.7432601451873779,0.7868452668190002
230109_30,1,230109,A549,train,0.9637750692995886,0.7341250580283293,0.7728782271774731,0.8349202438277274,0.853224515914917,0.8744447827339172
230109_32,1,230109,A549,test,0.9637750692995886,0.6473835541211143,0.4293973235500271,0.8619930316881247,0.8873365521430969,0.8622391819953918
230109_33,1,230109,A549,test,0.9637750692995886,0.8149647085961028,0.8024431420584307,0.9068893709429751,0.759206235408783,0.6797671914100647
230109_4,1,230109,HPMEC,train,0.9142182956744196,0.7865778766725616,0.8387749262965426,0.8875665903534059,0.7693871259689331,0.900453507900238
230109_5,1,230109,HPMEC,train,0.9142182956744196,0.8490246010912967,0.7514433000365193,0.7031885067783418,0.8964373469352722,0.9074898958206177
230109_65,1,230109,HPMEC,train,0.9142182956744196,0.7685439421941679,0.9326015191136806,0.9418017878524259,0.9174546599388123,0.9307956695556641
230109_69,1,230109,HPMEC,train,0.9142182956744196,0.7993111303370851,0.9281458483416817,0.9280632742888115,0.9214029312133789,0.9715626835823059
230109_70,1,230109,HPMEC,train,0.9142182956744196,0.778198360266244,0.8937350453451215,0.9374082156080068,0.9162324070930481,0.9151260256767273
230109_72,1,230109,HPMEC,test,0.9142182956744196,0.633766552959992,0.7223408950039496,0.9002247702496312,0.867637038230896,0.8284940123558044
230109_74,1,230109,HPMEC,train,0.9142182956744196,0.6314712307813692,0.8695781621012068,0.8894965166055535,0.7426838278770447,0.785858690738678
230109_75,1,230109,HPMEC,train,0.9142182956744196,0.7204936352768502,0.9233647527151975,0.9541170826113962,0.8015663027763367,0.7951083779335022
230109_76,1,230109,HPMEC,train,0.9142182956744196,0.50344816031152,0.7980945854381115,0.7646984948634415,0.6567793488502502,0.7484210133552551
230109_79,1,230109,HPMEC,train,0.7603596667047705,0.5039876332591221,0.5250859162968026,0.523798798857707,0.7264898419380188,0.8098665475845337
230109_80,1,230109,HPMEC,train,0.7603596667047705,0.5985370114861752,0.8410484195163869,0.8609227042397314,0.7948038578033447,0.8154535889625549
230109_81,1,230109,HPMEC,val,0.7603596667047705,0.6474967009064302,0.8060017532862588,0.875136899845789,0.8563535213470459,0.9219537973403931
230109_82,1,230109,HPMEC,test,0.7603596667047705,0.7037145023648562,0.8459956880401839,0.9099483032895855,0.9041014909744263,0.9381183981895447
230109_83,1,230109,HPMEC,test,0.7603596667047705,0.7520377935903857,0.7494373539949213,0.6739172348338125,0.8989331722259521,0.9358919262886047
230109_84,1,230109,HPMEC,train,0.7603596667047705,0.6188216094982887,0.6708923907501355,0.6009226156808748,0.7425174117088318,0.8207065463066101
230109_86,1,230109,HPMEC,train,0.7603596667047705,0.74144704115358,0.7994750057801894,0.8233215838274051,0.9025753140449524,0.941974937915802
230109_9,1,230109,HPMEC,test,0.9142182956744196,0.7904377377555041,0.9439483281836456,0.9644717655752532,0.8385982513427734,0.8862712383270264
230109_91,1,230109,HPMEC,train,0.7603596667047705,0.7234298837279901,0.9057296271131152,0.9371517089442549,0.8766385912895203,0.9289494752883911
230109_92,1,230109,HPMEC,train,0.7603596667047705,0.7813187686144522,0.8885983092568434,0.8658917349484543,0.9113864898681641,0.9589574933052063
230109_93,1,230109,HPMEC,test,0.7603596667047705,0.5583751701065771,0.5470672613214518,0.6701720008075699,0.7657485008239746,0.8389904499053955
230109_95,0,230109,HPMEC,test,0.7603596667047705,0.7176810219885136,0.7664862537302255,0.7764986987805341,0.9403282403945923,0.9705016016960144
230109_98,1,230109,A549,train,0.9637750692995886,0.8122103047045752,0.8397257852669282,0.9432033863966398,0.7802518606185913,0.6256197094917297
230110_131,0,230110,A549,test,0.656644550769381,0.27151573417710584,0.03325136255263953,0.02922124755088174,0.5381715297698975,0.6016539931297302
230110_144,1,230110,A549,train,0.656644550769381,0.6006221448234038,0.04840059439069369,0.03665763532789217,0.6047130823135376,0.6664615869522095
230110_147,0,230110,A549,test,0.656644550769381,0.2840341806430429,0.05477593408755669,0.05468429463425442,0.4567014276981354,0.4175577461719513
230119_1,1,230119,HPMEC,train,0.8985529163652398,0.8464362667797557,0.9288341297746283,0.9485552772213955,0.9778001308441162,0.9799640774726868
230119_10,1,230119,HPMEC,train,0.8985529163652398,0.859522220107987,0.9452214697911072,0.9231683700129684,0.9751145243644714,0.9742112755775452
230119_12,1,230119,HPMEC,train,0.8985529163652398,0.782448922058063,0.9670449977823383,0.9688396514754833,0.9441797137260437,0.9637590646743774
230119_14,1,230119,HPMEC,train,0.8985529163652398,0.7880181131421243,0.9594483634609896,0.948902131597942,0.7503593564033508,0.8679137825965881
230119_2,1,230119,HPMEC,train,0.8985529163652398,0.8288130311353525,0.8930233037967231,0.8877903068649974,0.9634150266647339,0.9711133241653442
230119_23,1,230119,HPMEC,train,0.8985529163652398,0.7868899325228014,0.9257845787549261,0.9491708963719323,0.8018035292625427,0.910699188709259
230119_26,1,230119,HPMEC,test,0.8985529163652398,0.8328590334387727,0.9648172463367884,0.9687514015948387,0.9687568545341492,0.9565356373786926
230119_27,1,230119,HPMEC,train,0.8985529163652398,0.7573682635686175,0.8222651709287603,0.8493609532907992,0.9131239056587219,0.904036283493042
230119_32,1,230119,HPMEC,train,0.727457636641674,0.7780625774524392,0.5947409515808555,0.5821682995990183,0.9438660740852356,0.9308225512504578
230119_33,1,230119,HPMEC,val,0.727457636641674,0.6867324296877881,0.6104365209332081,0.7621590706820062,0.839250385761261,0.8363745212554932
230119_35,1,230119,HPMEC,train,0.727457636641674,0.7763492124979375,0.57233419860521,0.6320882384183408,0.9096617698669434,0.883355438709259
230119_40,1,230119,HPMEC,train,0.727457636641674,0.8006384075596593,0.6398010879976045,0.7606795392299269,0.8777702450752258,0.9016585350036621
230119_43,1,230119,HSAEC,train,0.7339742119708104,0.8245650941790075,0.42259137906913874,0.3436221089556232,0.6107697486877441,0.6693865656852722
230119_44,1,230119,HSAEC,test,0.7339742119708104,0.848467227109434,0.38381452143630673,0.31153575000444794,0.32808491587638855,0.4495388865470886
230119_45,1,230119,HSAEC,val,0.7339742119708104,0.8380376163945035,0.2981345116432057,0.26643508315491604,0.46742650866508484,0.6381597518920898
230119_46,1,230119,HSAEC,test,0.7339742119708104,0.8173879349666807,0.4171766024546501,0.3748706523425958,0.5486763715744019,0.6910668611526489
230119_48,1,230119,HSAEC,train,0.7339742119708104,0.7674480165570771,0.502949209959302,0.28347467382874686,0.3917579650878906,0.543546199798584
230119_50,1,230119,HSAEC,train,0.7339742119708104,0.8276016547810486,0.720722969221039,0.4768890940330383,0.3536340296268463,0.6776019930839539
230119_52,1,230119,HSAEC,test,0.7339742119708104,0.754102382971916,0.6448680825994699,0.4041164519652923,0.7798874974250793,0.7772415280342102
230119_54,1,230119,HSAEC,train,0.7339742119708104,0.6242588032966816,0.7078761172402408,0.36611850278842906,0.369028240442276,0.42669931054115295
230119_56,1,230119,HSAEC,test,0.7339742119708104,0.8594843398505635,0.6572368553004037,0.44682684219061874,0.5873225331306458,0.7905362844467163
230119_58,1,230119,HSAEC,train,0.7339742119708104,0.8507549369226907,0.6708305359594079,0.4374116195582098,0.6522814631462097,0.7310748100280762
230119_63,1,230119,HSAEC,train,0.7339742119708104,0.7669315212186558,0.7970132258381273,0.6849983392652277,0.7524138689041138,0.8529242277145386
230119_67,1,230119,HSAEC,train,0.7339742119708104,0.8404573704918145,0.7481770148544744,0.5116438094750315,0.6915480494499207,0.7863664627075195
230119_9,1,230119,HPMEC,train,0.8985529163652398,0.7770320674129172,0.8812682479262564,0.8094292988499744,0.8315815329551697,0.8242332935333252
230123_14,1,230123,HSAEC,val,0.5142690396526852,0.23798625471032858,0.1095822172874284,0.06674799324965623,0.6225008964538574,0.5480657815933228
230123_15,1,230123,HPMEC,train,0.7959143121420168,0.43717619082195835,0.211010788232784,0.19429692653523142,0.6410484313964844,0.4837210476398468
230123_16,0,230123,HSAEC,train,0.5142690396526852,0.18028644786574047,0.027509670362437167,0.039499929220147584,0.8493618965148926,0.5973418354988098
230123_23,1,230123,HSAEC,train,0.5142690396526852,0.4573298830271082,0.7367964107073354,0.6359320055305253,0.8341938257217407,0.7703637480735779
230123_5,0,230123,HSAEC,train,0.5142690396526852,0.25317246685607936,0.10544845041943811,0.0924854311619696,0.5847568511962891,0.6675615906715393
230123_9,1,230123,HPMEC,train,0.7959143121420168,0.2598971796957233,0.44986336267462707,0.23795211136131597,0.73921138048172,0.5685297846794128
230206_1,1,230206,HPMEC,train,0.8934043610911847,0.7950930115478376,0.6279143517138878,0.6716608263719991,0.8583794832229614,0.915438711643219
230206_11,1,230206,HPMEC,train,0.8934043610911847,0.7309280323421117,0.9532680275993747,0.9630077364787192,0.795312762260437,0.8578037023544312
230206_16,1,230206,A549,test,0.8366394068660198,0.4399951253132512,0.3121110689420456,0.20770507630495844,0.9972336888313293,0.95086669921875
230206_2,1,230206,HPMEC,train,0.8934043610911847,0.8039478324864954,0.9007116080572412,0.9104202245868389,0.9432689547538757,0.9194373488426208
230206_20,1,230206,A549,train,0.8366394068660198,0.48030894650638223,0.3722548162455131,0.3409744320261947,0.9465681314468384,0.8830057978630066
230206_23,1,230206,A549,train,0.8366394068660198,0.47746815794152575,0.5833359915960443,0.4411589196190951,0.9965583682060242,0.9705373048782349
230206_24,1,230206,A549,train,0.8366394068660198,0.717626443414174,0.7582208535121576,0.5553842312579694,0.9943569302558899,0.9755504131317139
230206_25,1,230206,A549,val,0.6068156849273411,0.9999796492418886,0.6037154643173271,0.5146381858109202,0.9907243847846985,0.9800414443016052
230206_29,1,230206,A549,val,0.6068156849273411,0.9999763648194728,0.5038189534279957,0.42978652536077494,0.9791606068611145,0.9729743003845215
230206_32,1,230206,A549,test,0.6068156849273411,0.9999862405445381,0.5349623248338637,0.4136920841525454,0.9666054248809814,0.9325985312461853
230206_33,1,230206,A549,test,0.6068156849273411,0.9999891131297192,0.4615747951082729,0.30190183363819634,0.9902239441871643,0.9786173105239868
230206_36,1,230206,A549,train,0.8366394068660198,0.9999844039767277,0.5424060060373828,0.5006902661429177,0.8206806778907776,0.7155975103378296
230206_37,1,230206,A549,test,0.8366394068660198,0.9999557352544309,0.2811197047696014,0.2642575261332726,0.9163162112236023,0.7122848033905029
230206_43,1,230206,A549,train,0.8366394068660198,0.9999559583589249,0.4164767292734928,0.3347795688971061,0.8787826895713806,0.7057170271873474
230206_45,1,230206,A549,train,0.8366394068660198,0.9999504321632336,0.24593193310824152,0.22174559485894552,0.9134336113929749,0.9296865463256836
230206_48,1,230206,A549,test,0.63284694086043,0.999970167954425,0.46435171093416855,0.44290432650887623,0.96478670835495,0.8886445164680481
230206_49,1,230206,A549,val,0.63284694086043,0.9999555908145928,0.4951588056307206,0.401604787351263,0.8278719782829285,0.6001448631286621
230206_54,1,230206,A549,train,0.63284694086043,0.9999768356164883,0.5206880039005378,0.42734444710251157,0.9596899747848511,0.9241205453872681
230206_56,1,230206,A549,test,0.63284694086043,0.9999899265256207,0.7375612976610358,0.7399117248359824,0.9534196853637695,0.9104458093643188
230206_57,1,230206,A549,test,0.63284694086043,0.9999856305889409,0.7440888998452609,0.6433006121670098,0.9286758303642273,0.9630138874053955
230206_6,1,230206,HPMEC,train,0.8934043610911847,0.7628790666106505,0.8748921654431268,0.891503715346687,0.8742870688438416,0.7985832691192627
230214_11,1,230214,HPMEC,train,0.668699298086795,0.9999888307026548,0.7770515073445255,0.700765838473079,0.8478572368621826,0.8688552379608154
230214_12,0,230214,HPMEC,train,0.668699298086795,0.9999848430626679,0.7649159534530392,0.7189998166726004,0.8000757098197937,0.7757133841514587
230214_2,1,230214,HPMEC,train,0.668699298086795,0.9999901423283676,0.7531020865973453,0.7569803268249248,0.9761534929275513,0.9482834935188293
230214_24,1,230214,HPMEC,val,0.668699298086795,0.9999863018330966,0.18614820806122107,0.14209788350619024,0.9801539182662964,0.9265927076339722
230214_27,1,230214,HPMEC,test,0.37820395437309395,0.9999873509939272,0.9036744535668647,0.8964111672601404,0.9911609888076782,0.985030472278595
230214_28,1,230214,HPMEC,train,0.37820395437309395,0.9999848111226319,0.8264147457441561,0.8019950278705946,0.9920256733894348,0.9691454172134399
230214_30,1,230214,HPMEC,test,0.37820395437309395,0.999966487907935,0.6109491936387472,0.5992322730909458,0.9997697472572327,0.9905346035957336
230214_36,0,230214,HPMEC,test,0.37820395437309395,0.9999464243816454,0.30595532080678933,0.28945976616075497,0.27584007382392883,0.1522284746170044
230214_38,1,230214,HPMEC,train,0.37820395437309395,0.9999723394979861,0.37356907625270236,0.46844785651131,0.7395181655883789,0.7251377105712891
230214_41,1,230214,HPMEC,test,0.37820395437309395,0.9999845877311649,0.3621893285477931,0.36502524818479454,0.9516391754150391,0.908549964427948
230214_44,1,230214,HPMEC,test,0.37820395437309395,0.9999854991530912,0.40518609534999794,0.42281501402047755,0.9326605200767517,0.9340991973876953
230214_46,0,230214,HPMEC,train,0.37820395437309395,0.9999856138756271,0.4476799061206135,0.48351944250592305,0.9843662977218628,0.9963605999946594
230214_47,1,230214,HPMEC,train,0.37820395437309395,0.9999855905270294,0.8935100729961082,0.9140008068899621,0.9794788956642151,0.9841020703315735
230214_7,1,230214,HPMEC,test,0.668699298086795,0.9998691447563041,0.12527612282046863,0.1809902586517499,0.9625229835510254,0.6774715781211853
230214_8,1,230214,HPMEC,train,0.668699298086795,0.9999586260149654,0.9584452845207836,0.9406879817554228,0.5253208875656128,0.38158848881721497
230215_10,1,230215,HPMEC,train,0.4196965248496606,0.8162819026456206,0.904196918497738,0.8589697985583924,0.9703391194343567,0.9732349514961243
230215_11,1,230215,HPMEC,val,0.4196965248496606,0.6717024477260027,0.9445065804546061,0.8733564199575538,0.8540599942207336,0.7290768623352051
230215_13,1,230215,HPMEC,test,0.4196965248496606,0.8849296181782664,0.8926859159993666,0.8771042289930945,0.999197781085968,0.9947052597999573
230215_14,1,230215,HPMEC,val,0.4196965248496606,0.8520059521594285,0.61824708293306,0.7595032883841749,0.8247512578964233,0.348367303609848
230215_23,0,230215,HPMEC,test,0.4196965248496606,0.9163337405703399,0.942312458614798,0.9323282250567573,0.9670841693878174,0.9611405730247498
230215_24,0,230215,HPMEC,train,0.4196965248496606,0.8391883055733127,0.9203484715975851,0.8808770194354577,0.9345627427101135,0.7019539475440979
230215_7,1,230215,HPMEC,train,0.4196965248496606,0.8938961900114848,0.7594249058227532,0.8325177816360271,0.9598363637924194,0.6440424919128418
230215_8,0,230215,HPMEC,train,0.4196965248496606,0.7049261466587211,0.8355394316604493,0.7324294735227986,0.9411717057228088,0.9105472564697266
230215_9,1,230215,HPMEC,train,0.4196965248496606,0.8940916762576872,0.9544761322206985,0.9171979876575229,0.9945507645606995,0.9878886342048645
230216_1,1,230216,HPMEC,val,0.43294409777335413,0.4078944403330353,0.8993440853031286,0.8053505190934559,0.9861094355583191,0.9855265617370605
230216_2,1,230216,HPMEC,train,0.43294409777335413,0.5188661846729232,0.811174477317452,0.6599478005015751,0.9994127750396729,0.9998526573181152
230216_3,1,230216,HPMEC,train,0.43294409777335413,0.5969314199196969,0.7799344469910839,0.8517417696350863,0.9892375469207764,0.9873493313789368
230216_5,1,230216,HPMEC,train,0.43294409777335413,0.7812188941530938,0.7229503845333007,0.5482616516993358,0.9961652755737305,0.98649662733078
230314_10,0,230314,HPMEC,test,0.5600206540598277,0.7154420698445475,0.8706699795557938,0.8159315908009629,0.7237648963928223,0.812306821346283
230314_13,0,230314,HPMEC,train,0.5600206540598277,0.5533290196945034,0.8739374747060609,0.6755799914879964,0.7394617795944214,0.7452574372291565
230314_17,0,230314,HPMEC,train,0.5600206540598277,0.3522002923457678,0.6696769254860698,0.6630855847010769,0.36490145325660706,0.3897237181663513
230314_20,0,230314,HPMEC,train,0.5600206540598277,0.7266286570463453,0.9137307469901058,0.80833247365881,0.6488662958145142,0.5178954601287842
230314_23,0,230314,HPMEC,val,0.5600206540598277,0.40469386514315375,0.8493473999290584,0.7078159996627942,0.6936638355255127,0.4694023132324219
230314_24,0,230314,HPMEC,val,0.5600206540598277,0.5431993097365821,0.8529172220343855,0.7654530046227667,0.8927198648452759,0.8355115652084351
230314_27,0,230314,HPMEC,val,0.5600206540598277,0.27861814797012613,0.09888427367130119,0.12633697181147963,0.16524632275104523,0.6180230975151062
230314_28,0,230314,HPMEC,train,0.5600206540598277,0.5291536741674094,0.7345064134775032,0.6015221538419516,0.40916287899017334,0.5433734655380249
230314_3,1,230314,HPMEC,train,0.5600206540598277,0.8554042807892199,0.8224464394194655,0.8926274616983658,0.5486347079277039,0.6896942257881165
230314_30,0,230314,HPMEC,train,0.5600206540598277,0.48818693768259885,0.4692376968835656,0.6025990295771133,0.7364085912704468,0.8454305529594421
230314_32,0,230314,HPMEC,train,0.5600206540598277,0.6712608433663593,0.7693945917120781,0.6813497757614949,0.8026918172836304,0.8068416714668274
230314_33,0,230314,HPMEC,train,0.5600206540598277,0.616601360565681,0.9049994249759868,0.8353410082752164,0.3273560702800751,0.5203720331192017
230314_35,0,230314,HPMEC,train,0.5600206540598277,0.46745536349785377,0.5708433488153829,0.5973587028184748,0.20542313158512115,0.3546884059906006
230314_36,1,230314,HPMEC,val,0.5600206540598277,0.8661248948536217,0.9042841983949991,0.9500780731189222,0.9990556836128235,0.9986094236373901
230314_38,1,230314,HPMEC,train,0.5600206540598277,0.8960359058080388,0.8481251755091865,0.8333727107836242,0.9990763664245605,0.9986171722412109
230314_4,1,230314,HPMEC,train,0.5600206540598277,0.6998819834153654,0.7741481191117173,0.8373988843853105,0.4877263903617859,0.5131528377532959
230314_40,1,230314,HPMEC,train,0.5600206540598277,0.8149357643503036,0.9216521940534794,0.9478866913947667,0.9938269257545471,0.9995396137237549
230314_41,1,230314,HPMEC,train,0.5600206540598277,0.8493456233438781,0.9423856847894025,0.9026008231404241,0.9990972280502319,0.9997357726097107
230314_42,1,230314,HPMEC,train,0.5600206540598277,0.8661991694382475,0.9360849299551898,0.9413242770549223,0.9989063739776611,0.9989606142044067
230314_45,1,230314,HPMEC,train,0.5600206540598277,0.7932462441044095,0.8909753967559103,0.89050456439975,0.9876359105110168,0.9961618185043335
230314_46,1,230314,HPMEC,val,0.5600206540598277,0.8303470832982528,0.8916122445595525,0.9214931789403932,0.9952539205551147,0.9995450377464294
230315_11,1,230315,HPMEC,train,0.42630709121647614,0.40321257486902085,0.6790757802597229,0.5622630779335328,0.9653828144073486,0.9411444664001465
230315_13,1,230315,HPMEC,train,0.42630709121647614,0.5478147928281571,0.5313948161211998,0.46486659107700246,0.9042187333106995,0.6968868374824524
230315_21,1,230315,HPMEC,val,0.42630709121647614,0.7497214101164096,0.9428691424701905,0.9180590304578701,0.9160951375961304,0.8310325741767883
230315_25,0,230315,HPMEC,train,0.42630709121647614,0.7821000560886742,0.9805446133170328,0.9892193876747429,0.6253646612167358,0.41890937089920044
230315_28,0,230315,HPMEC,train,0.42630709121647614,0.8157482957505642,0.9528684381823931,0.9489556757796229,0.20531441271305084,0.16051234304904938
230315_31,0,230315,HPMEC,train,0.42630709121647614,0.8668011612011767,0.9681838281940879,0.9507783944611258,0.772710382938385,0.6241819858551025
230315_39,1,230315,HPMEC,train,0.42630709121647614,0.8105232457664125,0.9161061258481302,0.9325277652618088,0.5666086077690125,0.49327602982521057
230315_4,1,230315,HPMEC,train,0.42630709121647614,0.31688026144768017,0.8492205320718947,0.7920149652551529,0.7777650356292725,0.7807750701904297
230315_41,0,230315,HPMEC,test,0.42630709121647614,0.32957883413365424,0.5839743273611717,0.4956349172289135,0.17020641267299652,0.10550429672002792
230315_46,1,230315,HPMEC,train,0.42630709121647614,0.7261124829179817,0.9275024869470719,0.8620681973167605,0.7398002743721008,0.6746448278427124
230315_47,1,230315,HPMEC,train,0.42630709121647614,0.6605315486072388,0.9215085230197994,0.9217381203624766,0.6059460639953613,0.5979064106941223
230315_5,1,230315,HPMEC,train,0.42630709121647614,0.4104640104699947,0.8102238054393306,0.7972416714089056,0.7732388973236084,0.6547411680221558
230315_50,1,230315,HPMEC,test,0.42630709121647614,0.507354050456621,0.8619749174678071,0.6511421578848833,0.8379206657409668,0.847370445728302
230315_58,0,230315,HPMEC,train,0.42630709121647614,0.7523052051348474,0.3822790174640758,0.4219893996031371,0.6551689505577087,0.379239946603775
230315_59,0,230315,HPMEC,train,0.42630709121647614,0.7342912680544181,0.1996294862004177,0.2680423183093313,0.5606877207756042,0.6006091237068176
230315_6,1,230315,HPMEC,train,0.42630709121647614,0.35381363923802334,0.8734854846747542,0.8176445240026724,0.7721166014671326,0.6000376343727112
230315_60,0,230315,HPMEC,val,0.42630709121647614,0.7152913174494242,0.532750650804295,0.5118754771428171,0.3035491108894348,0.2803327739238739
230315_61,0,230315,HPMEC,train,0.42630709121647614,0.7654064342618817,0.6174595637668031,0.6984114283374143,0.383942574262619,0.41570279002189636
230315_62,0,230315,HPMEC,train,0.42630709121647614,0.8006473614091137,0.8290313515344462,0.8197293211085946,0.8508292436599731,0.767391562461853
230315_68,1,230315,HPMEC,test,0.42630709121647614,0.5058971736523633,0.9031601066642481,0.8326146436456752,0.8433803915977478,0.8778032064437866
230315_69,1,230315,HPMEC,val,0.42630709121647614,0.703858844857972,0.769249936841271,0.6728131852930238,0.891105592250824,0.9412673115730286
230315_7,1,230315,HPMEC,train,0.42630709121647614,0.41915686718563017,0.8904798549743376,0.7587059087814892,0.8222050070762634,0.7018804550170898
230315_74,0,230315,HPMEC,train,0.42630709121647614,0.42051524746028407,0.17684829292582332,0.21625526618419685,0.04584125056862831,0.2710845172405243
230315_75,0,230315,HPMEC,val,0.42630709121647614,0.7024765491649118,0.7575247483958648,0.6405388054421267,0.5704993009567261,0.2851898670196533
230315_76,0,230315,HPMEC,train,0.42630709121647614,0.8717559110229391,0.9065232006243836,0.9169787376235922,0.7400878071784973,0.6444624662399292
230315_81,0,230315,HPMEC,train,0.42630709121647614,0.9580509591645704,0.9161765296952639,0.899844059196261,0.7203978300094604,0.5436680316925049
230315_92,0,230315,HPMEC,test,0.42630709121647614,0.7902144622032025,0.8498090118246361,0.8223595135689723,0.36284351348876953,0.23315759003162384
230315_94,0,230315,HPMEC,test,0.42630709121647614,0.7376869071924496,0.7260970348244775,0.6100276246900098,0.8489813208580017,0.8482649922370911
230316_1,1,230316,A549,train,0.9634255895272489,0.8428845518240463,0.920307908912868,0.9240008331708028,0.9696755409240723,0.9838018417358398
230316_18,1,230316,NHBE,train,0.9718038534372173,0.7702451502975454,0.8281576109881392,0.9582823315195994,0.9913195967674255,0.9973932504653931
230316_20,1,230316,NHBE,train,0.9718038534372173,0.7840664462799347,0.679721905823042,0.9040047326691902,0.9737389087677002,0.97337806224823
230316_22,1,230316,NHBE,train,0.9718038534372173,0.671160707810478,0.7321945332254584,0.8974309032458365,0.9832050204277039,0.9812953472137451
230316_24,1,230316,NHBE,train,0.9718038534372173,0.7661210940488639,0.8901235414164054,0.9281878315676908,0.9836854934692383,0.9881320595741272
230316_25,1,230316,NHBE,train,0.911198515299441,0.8212097097542826,0.8956430658087722,0.9444820156540003,0.9384468197822571,0.9549281001091003
230316_31,1,230316,NHBE,test,0.911198515299441,0.6504974630469424,0.5046296402387719,0.736104283853636,0.9815984964370728,0.9950219392776489
230316_32,1,230316,NHBE,train,0.911198515299441,0.7130370804379651,0.5392206806035965,0.8768574437976902,0.9735889434814453,0.9889028668403625
230316_33,1,230316,HPMEC,test,0.9142182956744196,0.7278719031914401,0.7367453917677288,0.7783787926968639,0.9871772527694702,0.9924167394638062
230316_34,1,230316,HPMEC,train,0.9142182956744196,0.7220801577755306,0.7625621269420378,0.7940923116984674,0.9642541408538818,0.9890243411064148
230316_40,1,230316,HPMEC,train,0.8532670128090974,0.6325975321394254,0.8336300778971761,0.8337227396153373,0.7569602727890015,0.7526007890701294
230316_41,1,230316,HPMEC,train,0.8532670128090974,0.5600278191165073,0.6866189310947954,0.7433519424159323,0.7958276867866516,0.880115807056427
230316_42,1,230316,HPMEC,train,0.8532670128090974,0.6973279591926017,0.8398122816436847,0.8851887007549015,0.660369336605072,0.5889080166816711
230316_43,1,230316,HPMEC,train,0.8532670128090974,0.6386583623227022,0.5775403715542039,0.7722483378046583,0.7090756297111511,0.7474627494812012
230316_44,1,230316,HPMEC,test,0.8532670128090974,0.6431710826069481,0.8697658945102621,0.8906305093119676,0.9023154377937317,0.9213298559188843
230316_5,1,230316,A549,test,0.9634255895272489,0.8720208480627843,0.9106029900542199,0.9012331898629642,0.9558706283569336,0.9811919331550598
230317_10,0,230317,HPMEC,train,0.43960525511492715,0.537738387765008,0.8012144881633328,0.7166017398246106,0.7566474080085754,0.9487259984016418
230317_100,1,230317,NHBE,train,0.6689672800434177,0.11835035778165119,0.4626203629686952,0.4519177348791715,0.14874416589736938,0.15819904208183289
230317_11,1,230317,HPMEC,test,0.43960525511492715,0.739234504133437,0.8503818629168798,0.8177054071854217,0.6205822825431824,0.6852638721466064
230317_13,1,230317,HPMEC,train,0.43960525511492715,0.6183597847063698,0.8442588510619177,0.8309292193646081,0.9409468770027161,0.8819772005081177
230317_17,1,230317,HPMEC,train,0.43960525511492715,0.7079064326854411,0.7532310433393783,0.763643687146938,0.6144199371337891,0.5054765939712524
230317_19,0,230317,HPMEC,train,0.43960525511492715,0.2960324400922086,0.3148228483781784,0.3265517016090374,0.37031233310699463,0.7789415717124939
230317_2,1,230317,HPMEC,train,0.43960525511492715,0.47235242166583546,0.7126681623343795,0.7995194590416838,0.6207919716835022,0.5827590823173523
230317_22,1,230317,HPMEC,train,0.43960525511492715,0.2670659726159425,0.6674046556421891,0.5866848676695219,0.477634996175766,0.6392700672149658
230317_25,1,230317,HPMEC,train,0.43960525511492715,0.2061587705958158,0.258509447480427,0.432289915146093,0.5164355039596558,0.5425416231155396
230317_29,1,230317,HPMEC,train,0.43960525511492715,0.3075398012398659,0.4576778962994519,0.2738494431114266,0.9189976453781128,0.9413261413574219
230317_32,0,230317,HPMEC,train,0.43960525511492715,0.23540214937809562,0.40288717141561825,0.3088352868476018,0.5757077932357788,0.6450983285903931
230317_35,1,230317,HPMEC,train,0.43960525511492715,0.23482695014760074,0.29441920538201655,0.2845935168744731,0.7132181525230408,0.5670821070671082
230317_39,0,230317,HPMEC,val,0.43960525511492715,0.19911693279301687,0.3992431240597008,0.43315697183896135,0.321366548538208,0.14553622901439667
230317_41,0,230317,HPMEC,train,0.43960525511492715,0.5513665485257252,0.8363245705579166,0.890705238694772,0.7489908933639526,0.7243406772613525
230317_45,0,230317,HPMEC,val,0.43960525511492715,0.4098340669521639,0.33325994907086415,0.27162074700051936,0.6824063658714294,0.7798026204109192
230317_46,0,230317,HPMEC,train,0.43960525511492715,0.3210132612297635,0.34213195467176455,0.40423583526696316,0.49619922041893005,0.3832922875881195
230317_49,0,230317,HPMEC,train,0.43960525511492715,0.6479861964668346,0.7840738458991877,0.7929891564751214,0.5925002098083496,0.6360270380973816
230317_5,1,230317,HPMEC,train,0.43960525511492715,0.33904360033547315,0.4825791364495038,0.5793624703518085,0.647411584854126,0.7072723507881165
230317_50,0,230317,HPMEC,train,0.43960525511492715,0.6615629354141455,0.875825385723469,0.8966044646583057,0.6232283115386963,0.5778660774230957
230317_52,0,230317,HPMEC,train,0.43960525511492715,0.46635758305678876,0.8204429857771003,0.7887419128909042,0.8038233518600464,0.7458399534225464
230317_54,0,230317,HPMEC,test,0.43960525511492715,0.49106632386261595,0.5711420750317661,0.603871391925725,0.8894449472427368,0.8992720246315002
230317_56,1,230317,HPMEC,train,0.43960525511492715,0.2524863401480259,0.8156426718136569,0.8551619563312665,0.24099084734916687,0.2800058126449585
230317_60,1,230317,HPMEC,train,0.43960525511492715,0.28450952041915256,0.09019952703334039,0.1339359612042246,0.7005375027656555,0.6673941612243652
230317_62,1,230317,HPMEC,train,0.43960525511492715,0.15481824727933693,0.2291049928529761,0.28749257801379435,0.33773288130760193,0.4186950922012329
230317_67,1,230317,NHBE,train,0.6689672800434177,0.28180720808503806,0.4440854856411852,0.4113727737993519,0.43597060441970825,0.5102115273475647
230317_7,1,230317,HPMEC,train,0.43960525511492715,0.31390516141448044,0.646594207064741,0.6131743788600194,0.507162868976593,0.3694819211959839
230317_70,1,230317,NHBE,train,0.6689672800434177,0.6615043219966825,0.7429594252587326,0.7369973027392079,0.9281225204467773,0.8645806312561035
230317_71,1,230317,NHBE,train,0.6689672800434177,0.6385570012145086,0.8893544094401765,0.8793172093668845,0.8545035123825073,0.9090638160705566
230317_72,1,230317,NHBE,test,0.6689672800434177,0.7602280278323921,0.6787029423698464,0.6407943137245837,0.9103418588638306,0.9163846373558044
230317_73,1,230317,NHBE,val,0.6689672800434177,0.6742813020711343,0.7580662106128592,0.7997934708947517,0.8077763319015503,0.8139797449111938
230317_74,1,230317,NHBE,test,0.6689672800434177,0.5569977987260282,0.6009437076428616,0.5259077392716017,0.8508685827255249,0.7672047019004822
230317_79,1,230317,NHBE,train,0.6689672800434177,0.7657009514703949,0.8289856664982075,0.8858641507919932,0.7102606892585754,0.5215906500816345
230317_86,1,230317,NHBE,train,0.6689672800434177,0.1761888572626964,0.7977738465805476,0.8868354321068022,0.2773427963256836,0.3981945216655731
230317_90,1,230317,NHBE,train,0.6689672800434177,0.27321542109486374,0.5166210609841981,0.48000034854247076,0.7941548824310303,0.804057240486145
230317_91,1,230317,NHBE,train,0.6689672800434177,0.4683454376007672,0.873937926065521,0.8203388708633634,0.773461103439331,0.7124474048614502
230317_94,1,230317,NHBE,val,0.6689672800434177,0.11107771212406439,0.2647249285789429,0.19799665876762296,0.21842557191848755,0.27257513999938965
230317_95,1,230317,NHBE,train,0.6689672800434177,0.2350874171316219,0.1736688040388317,0.23912018242029806,0.33182471990585327,0.45057201385498047
230317_96,1,230317,NHBE,train,0.6689672800434177,0.22120938450491695,0.8549495912876091,0.780569938833737,0.40976038575172424,0.5127381682395935
230317_99,1,230317,NHBE,train,0.6689672800434177,0.12189663248440263,0.21545197408577638,0.2520732826831473,0.45117634534835815,0.5883262157440186
230320_1,1,230320,HPMEC,train,0.4137930278106344,0.5435056097211669,0.22046538645627312,0.28688209273293186,0.6216464042663574,0.7527124285697937
230320_10,1,230320,HPMEC,train,0.4137930278106344,0.7803245156331422,0.6030294128961882,0.5936164274838848,0.9802826642990112,0.9581443071365356
230320_102,1,230320,HPMEC,test,0.42474096496426034,0.3492777033209424,0.5712650485763878,0.24343799957056766,0.2862870991230011,0.08986276388168335
230320_104,1,230320,HPMEC,test,0.42474096496426034,0.5283499384985378,0.5325710369181278,0.4670045912842404,0.8951758742332458,0.7879953384399414
230320_110,1,230320,HPMEC,train,0.42474096496426034,0.6739570502170903,0.5226816644937673,0.36506594854344365,0.45964905619621277,0.337091863155365
230320_111,1,230320,HPMEC,train,0.42474096496426034,0.7202720391308265,0.5541639569348945,0.43827936702433856,0.27321740984916687,0.37917134165763855
230320_113,1,230320,HPMEC,train,0.42474096496426034,0.8143206281702738,0.51472258123487,0.2912468830614144,0.5527026653289795,0.5392136573791504
230320_114,1,230320,HPMEC,test,0.42474096496426034,0.7755352619891054,0.3243506825312092,0.2749703921638807,0.3987843096256256,0.5745816826820374
230320_115,1,230320,HPMEC,train,0.42474096496426034,0.7259254083123278,0.37799625480448096,0.20290917507998324,0.47965556383132935,0.47841379046440125
230320_116,1,230320,HPMEC,train,0.42474096496426034,0.7526531839850066,0.5115013370118889,0.5277555252746632,0.15114252269268036,0.2683064639568329
230320_119,1,230320,HPMEC,train,0.42474096496426034,0.5818135479533805,0.602330507380812,0.48929101151430027,0.11395248770713806,0.1610773652791977
230320_122,1,230320,HPMEC,train,0.42474096496426034,0.6974054876106992,0.9044163771654072,0.8360720066880883,0.6191544532775879,0.671539306640625
230320_123,1,230320,HPMEC,train,0.42474096496426034,0.6959772887969098,0.8165154888532928,0.580619428289737,0.614129900932312,0.6889638900756836
230320_125,0,230320,HPMEC,train,0.42474096496426034,0.3867940726607375,0.2412128760328365,0.14446630350952758,0.5920398831367493,0.6720098853111267
230320_127,0,230320,HPMEC,train,0.42474096496426034,0.1840694595413186,0.6702424122768035,0.4692435321538697,0.5187802910804749,0.39104077219963074
230320_135,1,230320,NHBE,train,0.7692757782410903,0.3267733414713844,0.3106058519331703,0.8069652981904568,0.031861141324043274,0.013117955066263676
230320_136,1,230320,NHBE,train,0.7692757782410903,0.44429142698910545,0.5278044338249857,0.8343445846593782,0.38842132687568665,0.2641768157482147
230320_140,1,230320,NHBE,train,0.7692757782410903,0.5254065621288516,0.710191366189058,0.8600597466049484,0.927864134311676,0.9353280067443848
230320_141,1,230320,NHBE,val,0.7692757782410903,0.681518719112394,0.5161827795494797,0.7807636078030117,0.5209670662879944,0.4938361942768097
230320_142,1,230320,NHBE,train,0.7692757782410903,0.6069067252075182,0.7217759622447618,0.8778179932393249,0.0049476055428385735,0.029303502291440964
230320_144,1,230320,NHBE,train,0.7692757782410903,0.798167572887506,0.5471779837102322,0.8795377524734627,0.8637040257453918,0.920438826084137
230320_145,1,230320,NHBE,train,0.7692757782410903,0.7887226209347852,0.792605427998364,0.9452727364285481,0.8242323398590088,0.8481473922729492
230320_146,1,230320,NHBE,test,0.7692757782410903,0.7369443444730148,0.7470689523967875,0.9337438259727524,0.7601561546325684,0.6545490026473999
230320_147,1,230320,NHBE,test,0.7692757782410903,0.7057070592854222,0.7093472120045643,0.9316249638718602,0.7486608028411865,0.8138931393623352
230320_148,1,230320,NHBE,train,0.7692757782410903,0.6413788550691336,0.6345268044796682,0.8614876994901637,0.7658772468566895,0.8748388886451721
230320_150,1,230320,NHBE,train,0.7692757782410903,0.4018704138554187,0.7812922594687123,0.8318121673751709,0.2835705578327179,0.49102964997291565
230320_152,1,230320,NHBE,train,0.7692757782410903,0.5082409040709416,0.8003920677768567,0.9004371679202386,0.5694839358329773,0.7822691798210144
230320_153,1,230320,NHBE,train,0.7692757782410903,0.5692610648415477,0.7923791976692229,0.9376947565254761,0.710111141204834,0.8633045554161072
230320_156,1,230320,NHBE,test,0.7692757782410903,0.5691968003521284,0.8197853832698264,0.8965984868825055,0.9283080101013184,0.8284426927566528
230320_16,1,230320,HPMEC,train,0.4137930278106344,0.7833520622491924,0.7300260416149746,0.7184060270561425,0.39035341143608093,0.23911890387535095
230320_160,1,230320,NHBE,train,0.7692757782410903,0.34439958701580486,0.43380704798312764,0.7147988838481599,0.8224343061447144,0.7107096314430237
230320_163,1,230320,NHBE,train,0.7692757782410903,0.40529966346449187,0.3373964346313182,0.792410618590523,0.6171559691429138,0.4733022153377533
230320_166,0,230320,HPMEC,test,0.42474096496426034,0.35493252420508864,0.30235349384558674,0.37301984030921664,0.027912870049476624,0.20877188444137573
230320_168,0,230320,HPMEC,test,0.42474096496426034,0.41441021012714563,0.39239827425633145,0.29073834427730355,0.3357078731060028,0.22251081466674805
230320_169,0,230320,HPMEC,train,0.42474096496426034,0.4444031070864395,0.07769853116502075,0.10427222263740132,0.3727656900882721,0.2165718674659729
230320_17,0,230320,HPMEC,train,0.4137930278106344,0.6043737230219441,0.650871159340288,0.7458630429406459,0.32875412702560425,0.2629140019416809
230320_171,0,230320,HPMEC,test,0.42474096496426034,0.5754756617038126,0.13164651437931202,0.17614317306971086,0.8776936531066895,0.8622227311134338
230320_172,0,230320,HPMEC,test,0.42474096496426034,0.6198713650188412,0.057257372356001916,0.06532871580937294,0.7197187542915344,0.7754266858100891
230320_173,0,230320,HPMEC,train,0.42474096496426034,0.5390408441878269,0.05891187880323878,0.06427093056745858,0.6404791474342346,0.7371314764022827
230320_184,0,230320,HPMEC,train,0.42474096496426034,0.7430616766011575,0.3945575621028003,0.4549554258132744,0.9236478805541992,0.898254930973053
230320_186,1,230320,HPMEC,train,0.42474096496426034,0.7556094963061908,0.4554834695339565,0.4165788226002038,0.5461910367012024,0.6194215416908264
230320_187,1,230320,HPMEC,train,0.42474096496426034,0.7770349435254512,0.653810695600263,0.3914006241774683,0.5773483514785767,0.7334771752357483
230320_188,1,230320,HPMEC,train,0.42474096496426034,0.6475960834327382,0.33667617690915685,0.3267782309173387,0.6622050404548645,0.6498016119003296
230320_190,1,230320,HPMEC,train,0.42474096496426034,0.7285717375156001,0.3925648059957432,0.2547558446130453,0.6858398914337158,0.759682834148407
230320_192,1,230320,HPMEC,train,0.42474096496426034,0.8133925123582358,0.7839015941384183,0.5024311803820337,0.8818632960319519,0.9568678736686707
230320_193,1,230320,HPMEC,val,0.42474096496426034,0.6335909391327172,0.21050596854549303,0.08644137278588368,0.8112201690673828,0.9318162798881531
230320_195,1,230320,HPMEC,train,0.42474096496426034,0.34015086770966657,0.246890830045983,0.10752224094923683,0.8460140228271484,0.8798937797546387
230320_2,1,230320,HPMEC,train,0.4137930278106344,0.6022846185947934,0.6472769539830532,0.7064093664563421,0.9348134398460388,0.9253435134887695
230320_20,1,230320,HPMEC,test,0.4137930278106344,0.8628383781298361,0.8427382057818591,0.6083351039711861,0.7310658693313599,0.8727290630340576
230320_202,0,230320,NHBE,train,0.7692757782410903,0.3003840293233207,0.35634707338124805,0.7714040470167194,0.11309000104665756,0.47465822100639343
230320_203,0,230320,NHBE,train,0.7692757782410903,0.35790347454163246,0.20994652193343905,0.6179052863374963,0.8002014756202698,0.8209469318389893
230320_210,1,230320,NHBE,train,0.7692757782410903,0.6576149096413799,0.2945157505588535,0.8040272962348888,0.39448460936546326,0.40939319133758545
230320_212,0,230320,NHBE,test,0.7692757782410903,0.7784543863437016,0.5586248677631032,0.7154382353627822,0.48323890566825867,0.7196901440620422
230320_217,1,230320,NHBE,test,0.7692757782410903,0.799498400068507,0.4355951781974071,0.7394840863033011,0.5603621602058411,0.688160240650177
230320_218,1,230320,NHBE,train,0.7692757782410903,0.828532280493232,0.07482900828768083,0.40412741956526493,0.44563940167427063,0.6949573755264282
230320_221,1,230320,NHBE,train,0.7692757782410903,0.6466060267299337,0.28224882014234176,0.7207327806978533,0.7787879109382629,0.9270012974739075
230320_223,1,230320,NHBE,val,0.7692757782410903,0.3797319376299564,0.5165856102195083,0.817725711824242,0.8680388927459717,0.7967337965965271
230320_224,1,230320,NHBE,train,0.7692757782410903,0.4784774756079571,0.39454272227787035,0.8473704398285676,0.9642730951309204,0.929521381855011
230320_228,1,230320,NHBE,train,0.7692757782410903,0.5062421357190527,0.29753075848938054,0.8001644939212162,0.644931972026825,0.7300611138343811
230320_229,1,230320,NHBE,test,0.7692757782410903,0.541961446670566,0.3900731222582587,0.6215931776034688,0.3787611722946167,0.31786537170410156
230320_25,0,230320,HPMEC,train,0.4137930278106344,0.693358969065677,0.25081156777547764,0.19155345613481767,0.7563121318817139,0.5870983600616455
230320_26,0,230320,HPMEC,train,0.4137930278106344,0.6281894517823827,0.35007838685440945,0.15591456954852684,0.30010300874710083,0.5994709134101868
230320_31,0,230320,HPMEC,train,0.4137930278106344,0.6145790819992335,0.44173574255045356,0.3292340213354898,0.5984721183776855,0.6772193312644958
230320_33,1,230320,A549,train,0.5057699269062544,0.5967824547625068,0.5707583280455075,0.6970358050808203,0.8204813599586487,0.8771689534187317
230320_34,1,230320,A549,val,0.5057699269062544,0.7130809673690267,0.6393924206864069,0.7406195511744595,0.9456880688667297,0.9066915512084961
230320_35,1,230320,A549,train,0.5057699269062544,0.6631889489127057,0.6292647279701571,0.7839095717224924,0.9795060157775879,0.971900999546051
230320_36,1,230320,A549,val,0.5057699269062544,0.5882005724745967,0.8172959322602471,0.8024011762273959,0.9264698028564453,0.9036847352981567
230320_38,1,230320,A549,val,0.5057699269062544,0.5099473182634071,0.6195083873073918,0.5928830840802135,0.547905683517456,0.7920188307762146
230320_44,1,230320,A549,train,0.5057699269062544,0.899716263482331,0.7862924892060618,0.8607044674739875,0.9712693691253662,0.9750003814697266
230320_46,1,230320,A549,test,0.5057699269062544,0.8530895153438699,0.8937834822626471,0.937483793033181,0.9469819068908691,0.9589352011680603
230320_47,1,230320,A549,train,0.5057699269062544,0.8515600198712572,0.8914456594341431,0.9116935416265236,0.917281985282898,0.9312394857406616
230320_49,1,230320,A549,train,0.5057699269062544,0.7614379624589006,0.6103783936954386,0.820937421673953,0.5917115211486816,0.5644786357879639
230320_50,1,230320,A549,val,0.5057699269062544,0.6696430395982036,0.7123974461731791,0.8712409880897152,0.8132354021072388,0.6706566214561462
230320_64,1,230320,A549,test,0.5057699269062544,0.7650171627617336,0.8383131428742883,0.8122750593563053,0.10106294602155685,0.08792956173419952
230320_67,1,230320,A549,train,0.5057699269062544,0.7546587701775396,0.7297569103444288,0.8353622905672444,0.617051899433136,0.739372193813324
230320_69,1,230320,A549,test,0.5057699269062544,0.5935194443202542,0.7707067396549406,0.8147146372934743,0.38731107115745544,0.4764496684074402
230320_70,0,230320,HPMEC,train,0.42474096496426034,0.27142533220455634,0.08731484672990344,0.06482886309744458,0.023857655003666878,0.17024806141853333
230320_72,1,230320,HPMEC,train,0.42474096496426034,0.4570411181094146,0.1684954898590656,0.0955179049443357,0.7660182118415833,0.7826496362686157
230320_77,1,230320,HPMEC,test,0.42474096496426034,0.6840433954111376,0.26745993772259025,0.138109014530013,0.584807276725769,0.5986244082450867
230320_81,1,230320,HPMEC,train,0.42474096496426034,0.6439368629503834,0.32136172834579224,0.2465265539492664,0.6227387189865112,0.698503851890564
230320_86,1,230320,HPMEC,test,0.42474096496426034,0.4059851772835901,0.18191342529710314,0.21370576601678473,0.8383250832557678,0.8563631772994995
230320_88,1,230320,HPMEC,train,0.42474096496426034,0.2536585059860815,0.5055492887593254,0.35258903678307724,0.13372619450092316,0.1289726048707962
230320_89,1,230320,HPMEC,val,0.42474096496426034,0.3559763482424706,0.4014474003741844,0.3254868248603776,0.0390300452709198,0.08028644323348999
230320_9,1,230320,HPMEC,train,0.4137930278106344,0.6055835429519829,0.4905313891179461,0.5751144438550958,0.976841390132904,0.9437277317047119
230320_90,1,230320,HPMEC,val,0.42474096496426034,0.42813983617612306,0.5434889966359261,0.5289814322513341,0.3688376843929291,0.4789201319217682
230320_96,1,230320,HPMEC,train,0.42474096496426034,0.43624753186508175,0.6137378338871377,0.43883184620514387,0.4402506947517395,0.4569834768772125
230320_97,1,230320,HPMEC,train,0.42474096496426034,0.4657466294592879,0.7674071349788258,0.5851953440865469,0.5639030933380127,0.5122901201248169
230320_98,1,230320,HPMEC,val,0.42474096496426034,0.4502917198595204,0.42852865406591584,0.3592954028867943,0.11951600015163422,0.303469717502594
230320_99,0,230320,HPMEC,val,0.42474096496426034,0.38420998573333054,0.39694533083164685,0.3033325532786185,0.10669326037168503,0.10144653171300888
230321_1,1,230321,A549,test,0.6190825709199297,0.7099114104298895,0.845593083435366,0.8894650203239526,0.9632695913314819,0.941493809223175
230321_10,1,230321,HPMEC,train,0.44554135290206115,0.7308220080927403,0.8403835367500253,0.7181146182029324,0.9022002220153809,0.9219488501548767
230321_14,1,230321,HPMEC,test,0.44554135290206115,0.5471503689041585,0.7595076180478642,0.49180240411842036,0.8832213878631592,0.9251589775085449
230321_16,1,230321,HPMEC,train,0.44554135290206115,0.5618663612729627,0.5056630804980633,0.6477209610564058,0.6752018928527832,0.584080696105957
230321_2,1,230321,A549,train,0.6190825709199297,0.7659602663638652,0.9557655420524795,0.929315281826473,0.9748144745826721,0.9571170210838318
230321_3,1,230321,A549,val,0.6190825709199297,0.6890468272618133,0.6606252964293509,0.8187927292527274,0.9749783873558044,0.9837708473205566
230321_5,1,230321,A549,train,0.6190825709199297,0.7536419787163643,0.8295467764491548,0.9248661724577341,0.9546553492546082,0.9481894373893738
230328_12,1,230328,CACO,test,0.4652615961347644,0.7968399958844686,0.6392363281351829,0.6242968884705123,0.9246688485145569,0.9305385947227478
230328_15,1,230328,CACO,train,0.2077297799414795,0.7639470382245219,0.6998067007649612,0.6535131373425876,0.6966379880905151,0.8405147790908813
230328_17,1,230328,CACO,train,0.2077297799414795,0.827628732044039,0.6880396222428986,0.7717886210513206,0.9530766606330872,0.9463493227958679
230328_2,1,230328,CACO,train,0.4652615961347644,0.8064662833495031,0.6362084183129226,0.6666063548834843,0.8689185380935669,0.9459831714630127
230328_20,1,230328,CACO,val,0.2077297799414795,0.8036489391665105,0.604482591218763,0.7616885970490348,0.843602180480957,0.9655651450157166
230328_21,1,230328,CACO,val,0.2077297799414795,0.8304123454987009,0.5374601336815087,0.6180864757776049,0.845636785030365,0.8872418999671936
230328_22,1,230328,CACO,train,0.2077297799414795,0.8517390823577357,0.29281359390140654,0.404573183276968,0.7452317476272583,0.9156040549278259
230328_3,1,230328,CACO,test,0.4652615961347644,0.8473068121699279,0.38737062541892364,0.524796174934918,0.8449002504348755,0.9040200114250183
230328_7,1,230328,CACO,train,0.4652615961347644,0.8140498380475916,0.4636485117806689,0.5548786262186499,0.7289021015167236,0.9018684029579163
230328_8,1,230328,CACO,train,0.4652615961347644,0.83639550566631,0.6094039484044362,0.8041634698513048,0.9295511841773987,0.9289452433586121
230329_10,1,230329,CACO,train,0.19737497167759027,0.8717507402516032,0.8195724193017188,0.7653454670589606,0.9593225717544556,0.8284099698066711
230329_11,0,230329,CACO,val,0.19737497167759027,0.9123587686977025,0.8473358286954098,0.83333898566435,0.917269229888916,0.6130223870277405
230329_12,0,230329,CACO,train,0.19737497167759027,0.9223168426121501,0.8110507086281669,0.8786833392962489,0.8463919758796692,0.5241149067878723
230329_3,1,230329,CACO,train,0.19737497167759027,0.6002242237289869,0.8808085091921491,0.5616662716238227,0.9667516946792603,0.9152907133102417
230329_5,1,230329,CACO,train,0.19737497167759027,0.7789983825129037,0.9383407982956343,0.5909190321433696,0.9364355206489563,0.8660281300544739
230329_7,1,230329,CACO,train,0.19737497167759027,0.820828239934607,0.9553533765756096,0.8509553401197943,0.9922771453857422,0.8955419063568115
230329_8,1,230329,CACO,train,0.19737497167759027,0.7902490351130952,0.8693412411238624,0.7534177092039754,0.9821121692657471,0.9265387058258057
230403_11,0,230403,CACO,train,0.22105461577518112,0.556349914966615,0.6418314144774704,0.3334451333145094,0.9343690276145935,0.5582658648490906
230403_2,0,230403,CACO,train,0.22105461577518112,0.7723284974553946,0.8682274265607957,0.7430988036167989,0.960566520690918,0.6746260523796082
230403_6,0,230403,CACO,test,0.22105461577518112,0.557302092815544,0.7836558949294654,0.649191486121539,0.9363633990287781,0.816238284111023
230403_8,0,230403,CACO,train,0.22105461577518112,0.49274128435342046,0.48052285143448153,0.24266244185984354,0.9157972931861877,0.689089298248291
230403_9,1,230403,CACO,train,0.22105461577518112,0.6216903915994979,0.7560263024319132,0.4716256273025085,0.9509307742118835,0.6184582114219666
230405_1,0,230405,CACO,train,0.3115838940558888,0.7316687734714411,0.6228774582293548,0.6418424643537066,0.20804226398468018,0.37506842613220215
230405_10,0,230405,CACO,train,0.3115838940558888,0.5597568501703981,0.45116700874802446,0.39695632670297115,0.5544123649597168,0.5702144503593445
230405_102,0,230405,CACO,train,0.23514463446844913,0.3143419320190338,0.04683066353470998,0.03540776564282555,0.2299082726240158,0.1195303425192833
230405_103,0,230405,CACO,test,0.23514463446844913,0.35054296690234277,0.04877743246186865,0.040670599104025346,0.13421973586082458,0.0986315906047821
230405_11,0,230405,CACO,train,0.3115838940558888,0.582449955199357,0.2732312452293848,0.2955451359216393,0.5287520289421082,0.4205015003681183
230405_112,0,230405,CACO,train,0.23514463446844913,0.4387584804528696,0.14913967411507237,0.1222622687537087,0.10840205103158951,0.02945064939558506
230405_114,0,230405,CACO,train,0.23514463446844913,0.25960953897186145,0.13917409339980297,0.12399910044923963,0.07375683635473251,0.041362546384334564
230405_118,0,230405,CACO,train,0.23514463446844913,0.5469402512344378,0.44029509502548014,0.29277224509528826,0.0517185814678669,0.024049848318099976
230405_120,0,230405,CACO,val,0.23514463446844913,0.5493637260150933,0.628486835903121,0.45009558559527024,0.09572404623031616,0.046704817563295364
230405_121,0,230405,CACO,train,0.23514463446844913,0.5672183713718438,0.8348494785935966,0.7296588012016282,0.16529656946659088,0.09364744275808334
230405_124,0,230405,CACO,train,0.23514463446844913,0.3245056722371847,0.06615561338882528,0.045072435663816204,0.2840666174888611,0.1461028754711151
230405_126,0,230405,CACO,train,0.23514463446844913,0.6358662106320332,0.2708347040150633,0.1247549273027558,0.2917488217353821,0.6612550020217896
230405_127,0,230405,CACO,train,0.23514463446844913,0.65349507706443,0.2975152260788387,0.402387497334368,0.46991202235221863,0.2427297681570053
230405_130,0,230405,CACO,test,0.23514463446844913,0.25193451221420504,0.09086451397926903,0.05921132919315274,0.1746813803911209,0.07894037663936615
230405_132,0,230405,CACO,train,0.23514463446844913,0.2857284728923528,0.09086451397926903,0.06783701370829091,0.1759311854839325,0.11765637993812561
230405_137,0,230405,CACO,val,0.23514463446844913,0.2761159315529348,0.11455764763408548,0.10280260382063605,0.35346719622612,0.3575543463230133
230405_138,0,230405,CACO,train,0.23514463446844913,0.6678988783129438,0.20813161558557244,0.12901263666814536,0.387504518032074,0.46588656306266785
230405_15,0,230405,CACO,train,0.3115838940558888,0.601355629319852,0.3497091715454927,0.36835311137420296,0.1840493381023407,0.19487552344799042
230405_16,0,230405,CACO,test,0.3115838940558888,0.6183839627641059,0.28556609946932304,0.3030741389829216,0.4930900037288666,0.35265278816223145
230405_2,0,230405,CACO,train,0.3115838940558888,0.6993741849265611,0.6642223949499049,0.6106870169536276,0.3086898922920227,0.31286072731018066
230405_24,0,230405,CACO,train,0.3115838940558888,0.6702586885898613,0.5211366939695098,0.4369868339689999,0.8374647498130798,0.7565572261810303
230405_27,0,230405,CACO,test,0.3115838940558888,0.3142237928941561,0.30939610611827606,0.23838134522900983,0.6578270792961121,0.6768534779548645
230405_3,0,230405,CACO,val,0.3115838940558888,0.67011180143473,0.5265704583386701,0.564216390181312,0.4284989833831787,0.39485928416252136
230405_33,0,230405,CACO,train,0.3115838940558888,0.3232931522907254,0.3839197900614083,0.29147684894676446,0.39309433102607727,0.5228689908981323
230405_34,0,230405,CACO,train,0.3115838940558888,0.1836272534672021,0.537778314285477,0.39285442464097103,0.27741268277168274,0.23691733181476593
230405_38,0,230405,HUVEC,train,0.13407523576997696,0.314843015663234,0.07745362506796774,0.10356708946782188,0.019485151395201683,0.011133089661598206
230405_39,0,230405,HUVEC,test,0.13407523576997696,0.35382974267597883,0.18394929365306167,0.17356159005775815,0.06268325448036194,0.025558574125170708
230405_40,0,230405,HUVEC,train,0.13407523576997696,0.21780591882273442,0.1516218677479138,0.143174218425511,0.07200566679239273,0.05049274489283562
230405_42,0,230405,HUVEC,train,0.13407523576997696,0.238696196393004,0.04997259498637834,0.05684585098380388,0.02949841134250164,0.017355957999825478
230405_44,0,230405,HUVEC,train,0.13407523576997696,0.2441700416423821,0.06798422035282474,0.056364408467435366,0.05812694877386093,0.019213028252124786
230405_46,0,230405,HUVEC,train,0.13407523576997696,0.1710992697201125,0.06813534175524827,0.06005787597648734,0.12588869035243988,0.04858624190092087
230405_47,0,230405,HUVEC,test,0.13407523576997696,0.3048659583069626,0.08117488637538392,0.07084111703884675,0.22356495261192322,0.14765040576457977
230405_49,0,230405,HUVEC,train,0.13407523576997696,0.21607663993005768,0.05769940429872245,0.10632957366583197,0.1518714427947998,0.1136726662516594
230405_50,0,230405,HUVEC,train,0.13407523576997696,0.1500759265981304,0.04566156117662689,0.057169704847389306,0.1097254753112793,0.05945315957069397
230405_51,0,230405,HUVEC,train,0.13407523576997696,0.16889351460548835,0.05838502326290099,0.05421538691388652,0.1210848018527031,0.04173426702618599
230405_55,0,230405,HUVEC,train,0.13407523576997696,0.21227458577148917,0.18931104119149683,0.11171725675120366,0.0718599334359169,0.08722667396068573
230405_57,0,230405,HUVEC,train,0.13407523576997696,0.04691337554903766,0.030782613154574794,0.0462377850372867,0.0601053461432457,0.0425720252096653
230405_58,0,230405,HUVEC,val,0.13407523576997696,0.06336342388183919,0.03455084595393501,0.04283988686025806,0.10007423907518387,0.05061998963356018
230405_59,0,230405,HUVEC,train,0.13407523576997696,0.04453123928367276,0.023226797618282058,0.03623372319211463,0.05426397919654846,0.012759590521454811
230405_6,0,230405,CACO,train,0.3115838940558888,0.4815753110491944,0.6714552794205182,0.5998018001785933,0.7437946796417236,0.5731330513954163
230405_60,0,230405,HUVEC,train,0.13407523576997696,0.07332297631175928,0.050858204420826746,0.0782722980813165,0.05524098128080368,0.027400000020861626
230405_62,0,230405,HUVEC,train,0.13407523576997696,0.4505158344554959,0.07305500256153946,0.09367087565250344,0.22939243912696838,0.07959789037704468
230405_63,0,230405,HUVEC,test,0.13407523576997696,0.30486441295643363,0.07474481932757522,0.0781311006718146,0.06271301209926605,0.029373949393630028
230405_64,0,230405,HUVEC,train,0.13407523576997696,0.2712025666178764,0.1491732714844629,0.12291763830632507,0.09864675998687744,0.047060754150152206
230405_65,0,230405,HUVEC,test,0.13407523576997696,0.23561656327424513,0.1518487571595081,0.1923475770705091,0.1292809247970581,0.08531854301691055
230405_68,0,230405,HUVEC,train,0.13407523576997696,0.43036410063089064,0.44030173338920964,0.36460329177303114,0.1178566962480545,0.07357600331306458
230405_69,0,230405,HUVEC,train,0.13407523576997696,0.3973039440057044,0.3631866447717986,0.22552848275137802,0.07979024201631546,0.04282160848379135
230405_71,0,230405,HUVEC,test,0.13407523576997696,0.1997486514868529,0.05651096312901474,0.04386248703991877,0.19767437875270844,0.10273974388837814
230405_72,0,230405,HUVEC,train,0.13407523576997696,0.1415198495069199,0.1295124340690821,0.09196673520636973,0.22142331302165985,0.11907649785280228
230405_74,0,230405,HUVEC,test,0.13407523576997696,0.4138939111899285,0.17896999464517666,0.1097559442021012,0.43411803245544434,0.556617021560669
230405_76,0,230405,HUVEC,train,0.13407523576997696,0.29135450502291704,0.0995001874166881,0.07693892713917529,0.562483012676239,0.5058008432388306
230405_85,0,230405,HUVEC,test,0.13407523576997696,0.1910600213224575,0.1842098653504732,0.08759807462135823,0.12210473418235779,0.06534742563962936
230405_88,0,230405,CACO,train,0.23514463446844913,0.40722476006236785,0.06600111825601027,0.0559204383597328,0.5544469356536865,0.4467189311981201
230405_91,0,230405,CACO,train,0.23514463446844913,0.36212391071409045,0.13090892956319883,0.10453793025414665,0.12509426474571228,0.044933926314115524
230405_92,0,230405,CACO,train,0.23514463446844913,0.20731764749869494,0.10053608824172314,0.10197194466492213,0.20371398329734802,0.08821652084589005
230405_96,0,230405,CACO,test,0.23514463446844913,0.4706477658949608,0.3911727456285359,0.3754326806024683,0.07873817533254623,0.059609245508909225
230405_97,0,230405,CACO,train,0.23514463446844913,0.6633691620646233,0.6193894738113512,0.5856526786595635,0.13720756769180298,0.09037203341722488
230411_11,0,230411,HUVEC,train,0.17603170464907358,0.16622240078948772,0.09096953736159896,0.08576899706281767,0.060035984963178635,0.10478933900594711
230411_12,0,230411,HUVEC,train,0.17603170464907358,0.21582514898736135,0.03613423034323877,0.047709856390181556,0.10676192492246628,0.12027963995933533
230411_13,0,230411,HUVEC,test,0.17603170464907358,0.13752175678183867,0.015000487430535439,0.01684984206832815,0.10100238770246506,0.1297358125448227
230411_2,0,230411,HUVEC,train,0.17603170464907358,0.16877943003144438,0.16678248558932085,0.14838525812747283,0.10449833422899246,0.08210431039333344
230411_21,0,230411,HUVEC,train,0.17603170464907358,0.3028879900348803,0.0515502380861643,0.059526141627831236,0.27542880177497864,0.3052125871181488
230411_24,0,230411,HUVEC,train,0.17603170464907358,0.29325814088289087,0.10587678100000347,0.14317288609520895,0.18276599049568176,0.22138357162475586
230411_29,0,230411,HUVEC,train,0.17603170464907358,0.09707637608573322,0.16140614356567326,0.17624079936044165,0.029563451185822487,0.1321457475423813
230411_3,0,230411,HUVEC,test,0.17603170464907358,0.17347526827156884,0.05876822743149812,0.06657695593702839,0.09210783988237381,0.080894336104393
230411_31,0,230411,HUVEC,train,0.17603170464907358,0.35507307580539815,0.056954628401403834,0.07720511175535343,0.47783905267715454,0.46380913257598877
230411_39,0,230411,HUVEC,train,0.17603170464907358,0.5077855072095528,0.395916154063626,0.47840356151305896,0.2549434006214142,0.4218977093696594
230411_4,0,230411,HUVEC,train,0.17603170464907358,0.15702128591779171,0.09820519065950109,0.11031579944698774,0.09495476633310318,0.11469315737485886
230411_41,0,230411,CACO,train,0.38295271521858937,0.3575676243270753,0.04266930555764967,0.0625551141254068,0.14475661516189575,0.16499634087085724
230411_42,0,230411,CACO,train,0.38295271521858937,0.18441981643294086,0.08877956004460358,0.1005980226621664,0.17805130779743195,0.20266638696193695
230411_43,0,230411,CACO,train,0.38295271521858937,0.38815765259834495,0.04527873315145023,0.08007842260306318,0.3157811760902405,0.31172412633895874
230411_44,0,230411,CACO,train,0.38295271521858937,0.1842108996870036,0.0905821756323253,0.09684028826615755,0.04878043383359909,0.03925386816263199
230411_45,0,230411,CACO,train,0.38295271521858937,0.2835241526932995,0.051577533169044384,0.09563013351319548,0.04539624601602554,0.05489644408226013
230411_50,0,230411,CACO,train,0.38295271521858937,0.42308348643447147,0.1421393347266149,0.13098676830295983,0.2028736174106598,0.1781875491142273
230411_52,0,230411,CACO,train,0.38295271521858937,0.277161218702944,0.04740526147022114,0.05294939507329924,0.06662346422672272,0.10423333942890167
230411_54,0,230411,CACO,train,0.38295271521858937,0.04092174337607594,0.030947511196628624,0.0201447503206502,0.05839543044567108,0.048172056674957275
230411_55,0,230411,CACO,train,0.38295271521858937,0.2523486708365158,0.043877166502880885,0.03712155764734326,0.10752864181995392,0.04507553577423096
230411_6,0,230411,HUVEC,train,0.17603170464907358,0.1258052899207194,0.11743938666346854,0.09593888635579352,0.0910528376698494,0.08006918430328369
230411_60,0,230411,CACO,test,0.38295271521858937,0.45536190371890195,0.20925108333052156,0.1367678278206043,0.21549543738365173,0.17926962673664093
230411_61,0,230411,CACO,train,0.38295271521858937,0.3905145009719262,0.07616567032069528,0.1293712008267895,0.13111047446727753,0.08378269523382187
230411_62,0,230411,CACO,train,0.38295271521858937,0.38188067669683873,0.09443803675385361,0.10960588182774926,0.08860903978347778,0.05688067898154259
230411_63,0,230411,CACO,train,0.38295271521858937,0.43037761121980606,0.09815973104256646,0.14144665544632515,0.14813147485256195,0.22043940424919128
230411_65,0,230411,CACO,train,0.38295271521858937,0.4995492192276956,0.12487869956801362,0.22785955962697263,0.3256024420261383,0.42527180910110474
230411_66,0,230411,CACO,train,0.38295271521858937,0.4904254474021187,0.09392738345764214,0.12874520295977385,0.20375658571720123,0.2969180941581726
230411_67,0,230411,CACO,test,0.38295271521858937,0.45178685473978486,0.09462303260140889,0.10427349197707936,0.09425491094589233,0.1445014923810959
230411_74,0,230411,CACO,train,0.38295271521858937,0.5014661697397874,0.029596183491930873,0.07351123608358133,0.17962399125099182,0.18505612015724182
230411_78,0,230411,CACO,train,0.38295271521858937,0.5621871326969824,0.07103993337239849,0.18931798050035095,0.3255438506603241,0.3962157368659973
230411_79,0,230411,CACO,train,0.38295271521858937,0.6757089676501272,0.09079717807446651,0.18547057102665002,0.5817147493362427,0.4319356679916382
230411_8,0,230411,HUVEC,test,0.17603170464907358,0.11991558670558382,0.29262008351327595,0.19883377726418744,0.10936244577169418,0.22955118119716644
230411_9,0,230411,HUVEC,test,0.17603170464907358,0.12023471757031116,0.18695799654021317,0.13504597431698373,0.13157129287719727,0.15400345623493195
230419_1,0,230419,HPMEC,train,0.5697801789336221,0.22054213861041697,0.4293793841859344,0.3336859942985908,0.4483258128166199,0.4329768121242523
230419_100,0,230419,CACO,train,0.21162888867769983,0.18511993173174085,0.0261231290109943,0.009298261985623568,0.5007498264312744,0.3241693079471588
230419_102,0,230419,CACO,test,0.21162888867769983,0.04815921763741505,0.06592566746682645,0.03087288849913671,0.1440352350473404,0.10883631557226181
230419_104,0,230419,CACO,val,0.21162888867769983,0.024784428281640465,0.05825166854683792,0.04594945473977224,0.09445516765117645,0.08395250141620636
230419_105,0,230419,CACO,train,0.21162888867769983,0.027522794636429072,0.06490261429733564,0.04594945473977224,0.1429310142993927,0.10622819513082504
230419_108,0,230419,CACO,test,0.21162888867769983,0.2811053868702399,0.11873784583218155,0.03185285570618848,0.23315595090389252,0.11360214650630951
230419_110,0,230419,CACO,train,0.21162888867769983,0.025754229453587532,0.04214134373941674,0.019535834818206577,0.017695382237434387,0.037646036595106125
230419_112,0,230419,CACO,train,0.21162888867769983,0.03318690791513629,0.08759446495698882,0.05855888502301348,0.07180480659008026,0.08701059222221375
230419_114,0,230419,CACO,test,0.21162888867769983,0.043000217713832146,0.15262144269431188,0.10647467015054055,0.15778517723083496,0.1964874416589737
230419_118,1,230419,CACO,train,0.21162888867769983,0.10277651028711796,0.030965910673292033,0.01796116974085972,0.15868468582630157,0.1585153043270111
230419_119,1,230419,CACO,test,0.21162888867769983,0.08779990677104493,0.03746570577226633,0.02129468258503452,0.11112361401319504,0.21401633322238922
230419_120,1,230419,CACO,test,0.21162888867769983,0.10374662511877229,0.0564090045502409,0.03556477069081074,0.04317015781998634,0.06898968666791916
230419_124,1,230419,CACO,test,0.21162888867769983,0.18266317888679368,0.15373565415914217,0.11102142209142049,0.2603425085544586,0.2288067489862442
230419_16,0,230419,HPMEC,test,0.5697801789336221,0.1978990357945464,0.401779029025031,0.42130378252495554,0.7257766723632812,0.631630539894104
230419_21,0,230419,HPMEC,train,0.5697801789336221,0.5853477469233888,0.7647510680172994,0.634680953712417,0.8401332497596741,0.8348719477653503
230419_25,0,230419,HPMEC,train,0.5697801789336221,0.20305166136736802,0.17524306002052115,0.17470977959866443,0.7220255732536316,0.48983702063560486
230419_29,0,230419,HPMEC,train,0.5697801789336221,0.20815969044888666,0.33287419299120474,0.20736597417329614,0.5982232093811035,0.3975936770439148
230419_32,0,230419,HPMEC,test,0.5697801789336221,0.32771166340426633,0.8431612692898302,0.5504934430937077,0.8415701389312744,0.6134152412414551
230419_33,0,230419,HPMEC,test,0.5697801789336221,0.3496340528586855,0.5430001468560475,0.5895121156644944,0.4156080484390259,0.05104680359363556
230419_37,0,230419,HPMEC,train,0.5697801789336221,0.14968028570331984,0.46228438142390593,0.605074709362496,0.6165422797203064,0.69486403465271
230419_38,0,230419,HPMEC,train,0.5697801789336221,0.20342257907306865,0.4606616617567402,0.2879971007892858,0.7029137015342712,0.5958617329597473
230419_39,0,230419,HPMEC,val,0.5697801789336221,0.24263686469262954,0.46273817511583537,0.2601909334843609,0.2153846025466919,0.2582390308380127
230419_4,0,230419,HPMEC,train,0.5697801789336221,0.27527630290090166,0.34659958955200265,0.3919707788769185,0.6441083550453186,0.6625437140464783
230419_40,0,230419,HPMEC,train,0.5697801789336221,0.2838856303704701,0.38208767638113533,0.327341670985704,0.6186096668243408,0.5470623970031738
230419_41,0,230419,HPMEC,train,0.5697801789336221,0.4037161828667001,0.8193672179121706,0.5575344965823259,0.548503577709198,0.5463652610778809
230419_43,0,230419,HPMEC,train,0.5697801789336221,0.5980977780064609,0.8153284549295281,0.7650538487231107,0.5615800023078918,0.3164498507976532
230419_44,0,230419,HPMEC,val,0.5697801789336221,0.2554141785190607,0.5837581715411236,0.5972311240266941,0.5163671970367432,0.30842095613479614
230419_46,0,230419,HPMEC,test,0.5697801789336221,0.12931344724667163,0.4338238265229377,0.2597390578605193,0.36564797163009644,0.2975471317768097
230419_48,0,230419,HPMEC,train,0.5697801789336221,0.2634474629428829,0.696441211108856,0.5049620377928979,0.49174782633781433,0.3531505763530731
230419_52,0,230419,HPMEC,train,0.5697801789336221,0.2663561864297811,0.5692513449344022,0.46965174770185153,0.3663739562034607,0.21056413650512695
230419_53,0,230419,HPMEC,test,0.5697801789336221,0.13109918846820817,0.05882550120961915,0.28388394625684804,0.23250970244407654,0.16614758968353271
230419_58,0,230419,HPMEC,train,0.5697801789336221,0.1670504960745573,0.33167488617690644,0.5070553317608203,0.23436380922794342,0.23806938529014587
230419_60,0,230419,HPMEC,train,0.5697801789336221,0.19466886038180134,0.28798270064854864,0.5480479916001408,0.330022394657135,0.20996764302253723
230419_61,0,230419,HPMEC,train,0.5697801789336221,0.1089419204120185,0.06418921604333583,0.12970202447876059,0.4385676383972168,0.49007031321525574
230419_64,0,230419,HPMEC,train,0.5697801789336221,0.3949356705514072,0.17484852426412148,0.3263094498417991,0.6953471302986145,0.40658247470855713
230419_66,0,230419,HPMEC,train,0.5697801789336221,0.23314859836686808,0.15479489120769757,0.4696971111747196,0.3726269602775574,0.2818373441696167
230419_68,0,230419,HPMEC,train,0.5697801789336221,0.13499578829941958,0.20596920773294708,0.6364483646201795,0.1723266988992691,0.11719201505184174
230419_7,0,230419,HPMEC,train,0.5697801789336221,0.10090045950009816,0.054733872339762665,0.0924028580782953,0.6720529198646545,0.663783073425293
230419_71,0,230419,HPMEC,train,0.5697801789336221,0.04919602794383363,0.04987121517814271,0.21451059714023926,0.23863756656646729,0.16726455092430115
230419_73,0,230419,HPMEC,test,0.5697801789336221,0.29534782994522973,0.06853598712532775,0.35312422194369714,0.5398691296577454,0.45964038372039795
230419_84,0,230419,HPMEC,train,0.5697801789336221,0.025137487052472436,0.052737408337871425,0.3957870885789891,0.10354402661323547,0.11484568566083908
230419_90,0,230419,CACO,train,0.21162888867769983,0.3249421296623851,0.21140196668616368,0.039214648857645605,0.4941663444042206,0.5679015517234802
230419_94,0,230419,CACO,test,0.21162888867769983,0.4581201486701939,0.2020567489420568,0.07591830748958253,0.1845436990261078,0.1171148270368576
230419_95,0,230419,CACO,train,0.21162888867769983,0.19658569207999604,0.02994444578858158,0.03295443098914984,0.3634333312511444,0.347073495388031
230419_98,0,230419,CACO,train,0.21162888867769983,0.08910894697810799,0.1954392327754651,0.025880712418591568,0.14429718255996704,0.1700613647699356
230419_99,0,230419,CACO,val,0.21162888867769983,0.31563248511533626,0.07079483300395126,0.018990068510840313,0.4575576186180115,0.18894806504249573
230424_103,0,230424,A549,val,0.6202185141322526,0.6591431307547195,0.751917654930868,0.9079983498330875,0.49376922845840454,0.4196477234363556
230424_108,0,230424,A549,train,0.6202185141322526,0.5478251283277249,0.780566546925664,0.8339768534580331,0.24495738744735718,0.10155880451202393
230424_11,0,230424,HPMEC,train,0.6057116242968644,0.7742953633329819,0.8417401590676636,0.7416459498045331,0.9336538314819336,0.9434940814971924
230424_14,0,230424,HPMEC,train,0.6057116242968644,0.6581354779930847,0.894686059424039,0.7824881439302667,0.1759379357099533,0.06103717163205147
230424_16,0,230424,HPMEC,train,0.6057116242968644,0.32971609982518363,0.2061021382985741,0.18775354706651376,0.6580207943916321,0.41762468218803406
230424_17,0,230424,HPMEC,test,0.6057116242968644,0.289771999629311,0.17430715112211784,0.0937841199160091,0.45766711235046387,0.05731959268450737
230424_19,0,230424,HPMEC,train,0.6057116242968644,0.7106072582830162,0.6145579675842459,0.6474682322154585,0.5182731747627258,0.7204638123512268
230424_22,0,230424,HPMEC,val,0.6057116242968644,0.6830347040259561,0.7809527607979048,0.5837401582915794,0.4940885603427887,0.460171103477478
230424_24,0,230424,HPMEC,train,0.6057116242968644,0.6353219904713974,0.7656294496706777,0.7170875961796445,0.4917004406452179,0.39108553528785706
230424_26,0,230424,HPMEC,train,0.6057116242968644,0.012051691194887028,0.010216030807013521,0.00884540908503754,0.005056286230683327,0.026773711666464806
230424_28,0,230424,HPMEC,train,0.6057116242968644,0.6579650945106422,0.7121530125030954,0.6580112160959875,0.5741775631904602,0.4187256991863251
230424_33,1,230424,HPMEC,val,0.6057116242968644,0.6154105503962704,0.8252289564310034,0.6181930730046856,0.5159812569618225,0.4061925709247589
230424_38,0,230424,HPMEC,train,0.6057116242968644,0.009636011615386233,0.031002734321842307,0.028960906626455417,0.012977413833141327,0.03764276206493378
230424_41,1,230424,HPMEC,val,0.6057116242968644,0.6523905644684259,0.5326020914420466,0.5352926777341321,0.3910597264766693,0.38329145312309265
230424_45,1,230424,HPMEC,train,0.6057116242968644,0.5143882902284328,0.7051961301231475,0.7138163026188721,0.803320050239563,0.8498870730400085
230424_47,1,230424,HPMEC,train,0.6057116242968644,0.5610514129740967,0.7853095309083973,0.8305674382723556,0.6700968146324158,0.7072387933731079
230424_49,1,230424,HPMEC,val,0.6057116242968644,0.5506975186350018,0.45507804098064286,0.6788015314218001,0.5779582262039185,0.6322377324104309
230424_50,1,230424,HPMEC,train,0.6057116242968644,0.4148013244661333,0.5145013438935557,0.32474444886981774,0.05946112424135208,0.29057610034942627
230424_52,1,230424,HPMEC,train,0.6057116242968644,0.37071933246429556,0.5548553401946669,0.5752133647912586,0.0324789360165596,0.025986842811107635
230424_53,0,230424,HPMEC,train,0.6057116242968644,0.352505529474659,0.7424642243185141,0.6989151051435382,0.07006879895925522,0.02061019092798233
230424_54,0,230424,A549,val,0.6202185141322526,0.4987107570022341,0.7493354719042928,0.8429587449346599,0.2104729861021042,0.3571494519710541
230424_55,0,230424,A549,train,0.6202185141322526,0.4851711430897077,0.6749820858098853,0.7856444028499869,0.039817240089178085,0.05471207574009895
230424_56,0,230424,A549,train,0.6202185141322526,0.0148348987266281,0.011367382001894147,0.01336529306049344,0.010431777685880661,0.008533346466720104
230424_58,0,230424,A549,train,0.6202185141322526,0.021848475276599888,0.01498423244099617,0.0200846333815984,0.02115423046052456,0.020395569503307343
230424_59,0,230424,A549,train,0.6202185141322526,0.023906513848538664,0.02288942578264591,0.02808102683117502,0.009556826204061508,0.012252558022737503
230424_6,0,230424,HPMEC,val,0.6057116242968644,0.686619690493712,0.40005191310262644,0.46220404906993484,0.40614280104637146,0.3644128143787384
230424_62,1,230424,A549,test,0.6202185141322526,0.6620036778115801,0.729757808534563,0.9226150079085376,0.7495993375778198,0.6580837368965149
230424_68,1,230424,A549,train,0.6202185141322526,0.701978348605209,0.5805114361760205,0.6923471223777036,0.527877926826477,0.38104063272476196
230424_69,1,230424,A549,train,0.6202185141322526,0.31117692316961504,0.09111324851402666,0.20878333060123686,0.6299760937690735,0.43954840302467346
230424_72,1,230424,A549,val,0.6202185141322526,0.721076391812757,0.9232772177899203,0.9009471366583481,0.5204585790634155,0.7582348585128784
230424_77,0,230424,A549,test,0.6202185141322526,0.03117156224307513,0.00786605729934265,0.005924045294644899,0.15209722518920898,0.18305030465126038
230424_78,1,230424,A549,test,0.6202185141322526,0.5683943882568814,0.12460034479079954,0.21044166198924982,0.6952171921730042,0.7617486119270325
230424_8,0,230424,HPMEC,train,0.6057116242968644,0.5624926047026586,0.6594814012607333,0.6627479293334366,0.7427971363067627,0.5827117562294006
230424_83,1,230424,A549,test,0.6202185141322526,0.006579233173790102,0.009481103129634853,0.010038062208043439,0.06181878224015236,0.028529519215226173
230424_85,1,230424,A549,test,0.6202185141322526,0.5236815554190164,0.7725456620575398,0.7692083983159544,0.3032672703266144,0.2584078311920166
230424_86,1,230424,A549,train,0.6202185141322526,0.5454317662164805,0.4563596034549097,0.8171761066674998,0.24429461359977722,0.10311738401651382
230424_87,1,230424,A549,test,0.6202185141322526,0.5110478422414946,0.4830202505229716,0.7050416267939427,0.6476654410362244,0.5952747464179993
230424_88,1,230424,A549,test,0.6202185141322526,0.5624090957830605,0.41481297916742266,0.4862792190660627,0.6050876379013062,0.5627423524856567
230424_90,1,230424,A549,train,0.6202185141322526,0.5436305583190734,0.8192436855145527,0.8212755872259748,0.2777169644832611,0.1779727190732956
230424_97,1,230424,A549,train,0.6202185141322526,0.5815393365525684,0.6323530478249446,0.8363813776349962,0.09930968284606934,0.08408652245998383
230424_99,0,230424,A549,train,0.6202185141322526,0.6370209971159063,0.7085399511159494,0.7132174875821555,0.1509978473186493,0.2957717776298523
230425_1,0,230425,HPMEC,train,0.4830759732677949,0.1296307092564247,0.10694392578257665,0.0766085153000231,0.21965563297271729,0.4879514276981354
230425_10,0,230425,HPMEC,test,0.4830759732677949,0.7283955513022273,0.6818103216738892,0.4975568308576194,0.594889223575592,0.6139696836471558
230425_100,1,230425,A549,test,0.6191435849721576,0.7689078835208494,0.8589954529435668,0.9491474322344526,0.4890410900115967,0.3710036873817444
230425_102,0,230425,A549,train,0.6191435849721576,0.3171347515154312,0.07037079218576354,0.054739188178174226,0.30236852169036865,0.2858782708644867
230425_103,0,230425,A549,train,0.6191435849721576,0.3854808732924611,0.10662228774344153,0.38363955216044604,0.21654534339904785,0.2641342878341675
230425_106,0,230425,HPMEC,train,0.4830759732677949,0.22576376226566286,0.2529794347188869,0.21131324579062538,0.2144777625799179,0.14104975759983063
230425_109,1,230425,HPMEC,train,0.4830759732677949,0.22402290042221412,0.05687039566755651,0.056679077302367015,0.2578643560409546,0.35917139053344727
230425_110,1,230425,HPMEC,train,0.4830759732677949,0.22303623515819265,0.03428413601499528,0.029916286045842663,0.15796150267124176,0.307974249124527
230425_116,1,230425,HPMEC,val,0.4830759732677949,0.3139948112337718,0.42475642752577086,0.2656049044185937,0.39483004808425903,0.6265569925308228
230425_119,1,230425,HPMEC,train,0.4830759732677949,0.30135872224105875,0.2701032645247582,0.37574272274359277,0.2682437598705292,0.46393269300460815
230425_12,0,230425,HPMEC,train,0.4830759732677949,0.6926176969059903,0.6682138578952759,0.4723849474697714,0.9400776624679565,0.9910709857940674
230425_125,0,230425,HPMEC,train,0.4830759732677949,0.017837238129622908,0.023681979856621387,0.022672115371916126,0.05059608817100525,0.02479643188416958
230425_126,1,230425,HPMEC,val,0.4830759732677949,0.10335496191319274,0.22573934482903044,0.27705713557234496,0.14679695665836334,0.09105292707681656
230425_129,0,230425,HPMEC,train,0.4830759732677949,0.09529495910493256,0.10772782474631444,0.11050590991550871,0.2028578370809555,0.23595738410949707
230425_131,0,230425,HPMEC,test,0.4830759732677949,0.014311181181744665,0.10466149133023361,0.15628812994774827,0.2949695885181427,0.5400403141975403
230425_132,0,230425,HPMEC,train,0.4830759732677949,0.012583659444468744,0.07549281117082322,0.07698370320770445,0.2887604832649231,0.4863296151161194
230425_138,1,230425,HPMEC,train,0.4830759732677949,0.05065197492986033,0.030598081535623642,0.028449660445839128,0.06913235038518906,0.10245443880558014
230425_139,1,230425,HPMEC,train,0.4830759732677949,0.041218196541453714,0.029632342883578973,0.02491780053256669,0.07958667725324631,0.09714723378419876
230425_141,1,230425,HPMEC,val,0.4830759732677949,0.17124483304694824,0.22853392058031405,0.1887930607120347,0.2357890009880066,0.5070385932922363
230425_143,1,230425,A549,test,0.5713504464756665,0.2761061210441314,0.2171835652893049,0.31396120230095953,0.28002163767814636,0.32937946915626526
230425_145,1,230425,A549,test,0.5713504464756665,0.3006056474489598,0.13190753795662685,0.2935591088425884,0.29781460762023926,0.43163248896598816
230425_147,1,230425,A549,train,0.5713504464756665,0.4623717538973366,0.053960371844403644,0.2244933142305996,0.15628200769424438,0.3331395983695984
230425_15,0,230425,HPMEC,test,0.4830759732677949,0.08705005743760538,0.034906750095274754,0.016516366958214058,0.14783741533756256,0.12251726537942886
230425_151,1,230425,A549,train,0.5713504464756665,0.15303253107462597,0.22257631221788882,0.3758517326642411,0.24523578584194183,0.30107906460762024
230425_152,1,230425,A549,test,0.5713504464756665,0.2284465316415986,0.11574209716033179,0.33849129527581456,0.3478013873100281,0.6088373064994812
230425_154,1,230425,A549,train,0.5713504464756665,0.2947431863985968,0.084252772400045,0.4055109113178565,0.3206159174442291,0.442361056804657
230425_155,1,230425,A549,test,0.5713504464756665,0.32123632789406764,0.1523508436069041,0.43253182063096995,0.2954671084880829,0.40558919310569763
230425_156,1,230425,A549,train,0.5713504464756665,0.2193047601708416,0.09715902413317072,0.3389253650974239,0.19043312966823578,0.29342901706695557
230425_158,1,230425,A549,train,0.5713504464756665,0.31897062287554556,0.33421628063656256,0.7186434807843642,0.30719462037086487,0.5044472217559814
230425_159,1,230425,A549,train,0.5713504464756665,0.39162146322861335,0.4997168478073095,0.754903978792324,0.33385249972343445,0.42943689227104187
230425_162,0,230425,A549,val,0.5713504464756665,0.2337817900769072,0.4364754686291064,0.8051200891328953,0.10290256142616272,0.17227639257907867
230425_163,0,230425,A549,train,0.5713504464756665,0.09481906366259082,0.044128554669450856,0.321555306562533,0.07719366997480392,0.09254039078950882
230425_168,0,230425,A549,train,0.5713504464756665,0.001275738791840432,0.014986471842988455,0.017833217627481072,0.2165253609418869,0.1712654083967209
230425_169,0,230425,A549,train,0.5713504464756665,0.016716923078626225,0.06416854696239926,0.10551003119697129,0.4313708245754242,0.7533146739006042
230425_173,1,230425,A549,train,0.5713504464756665,0.3120200333017312,0.22780445921943476,0.6090363871080501,0.1364619880914688,0.18883168697357178
230425_177,1,230425,A549,train,0.5713504464756665,0.391631208990051,0.11920178774258139,0.5671907525031155,0.15460149943828583,0.19171549379825592
230425_178,0,230425,A549,train,0.5713504464756665,0.0386247213353989,0.024495964156957647,0.025226427632008382,0.045738086104393005,0.02267162874341011
230425_185,0,230425,CACO,train,0.38295271521858937,0.4181805857419045,0.0862289817142511,0.03623594362519608,0.6025802493095398,0.8036083579063416
230425_189,0,230425,CACO,val,0.38295271521858937,0.5123625349781701,0.14523122953884549,0.0854890753239108,0.21411390602588654,0.3766237795352936
230425_198,0,230425,CACO,val,0.38295271521858937,0.24221085459699315,0.072457106312975,0.06983858077465407,0.13306167721748352,0.336597740650177
230425_199,0,230425,CACO,val,0.38295271521858937,0.030271478625699642,0.036026224842006106,0.021297897176119324,0.060638677328825,0.1521269828081131
230425_2,0,230425,HPMEC,test,0.4830759732677949,0.19716343205361334,0.14989295208705522,0.17714451293211808,0.5189213156700134,0.6716955900192261
230425_200,0,230425,CACO,train,0.38295271521858937,0.19427577885557962,0.028050956084514744,0.027083652116063093,0.1916145235300064,0.236227348446846
230425_201,0,230425,CACO,train,0.38295271521858937,0.1463634048055062,0.06675218943110123,0.0970722361621745,0.3358123004436493,0.17600570619106293
230425_202,0,230425,CACO,train,0.38295271521858937,0.045289965541615324,0.06943742775481809,0.06145366208451562,0.04701820760965347,0.0947173610329628
230425_204,0,230425,CACO,val,0.38295271521858937,0.053773490230318396,0.38308548494140554,0.2705247964292228,0.057233456522226334,0.02952258288860321
230425_205,0,230425,CACO,test,0.38295271521858937,0.14753200110492137,0.029538740342244758,0.05705855042949217,0.12445782870054245,0.10985753685235977
230425_206,0,230425,CACO,train,0.38295271521858937,0.13901196328964455,0.35374302647439343,0.39915809717751427,0.3375067114830017,0.24087093770503998
230425_210,0,230425,CACO,train,0.38295271521858937,0.1419555437770996,0.13854440875806395,0.11148587787917943,0.08940140157938004,0.1037682294845581
230425_212,0,230425,CACO,train,0.38295271521858937,0.4703142283968147,0.06820797226115344,0.07331526889391092,0.14826980233192444,0.25354087352752686
230425_213,0,230425,CACO,test,0.38295271521858937,0.2847548065452175,0.1359187222632992,0.1594503304827059,0.4163056015968323,0.5507588386535645
230425_215,0,230425,CACO,train,0.38295271521858937,0.2456092540457023,0.06001318488204458,0.07612285117188698,0.5209723114967346,0.3121204674243927
230425_22,1,230425,HPMEC,train,0.4830759732677949,0.7129770778079948,0.7672410935388098,0.5813499362767418,0.8114184737205505,0.8738913536071777
230425_23,1,230425,HPMEC,train,0.4830759732677949,0.6598447692245832,0.6993134923330357,0.38930491501402215,0.81183922290802,0.7305012941360474
230425_24,1,230425,HPMEC,train,0.4830759732677949,0.29690823239579417,0.3581797309948078,0.15389103763988388,0.8922532200813293,0.8898028135299683
230425_28,1,230425,HPMEC,train,0.4830759732677949,0.3853415387260765,0.38063481349066514,0.25650334678422526,0.9075343608856201,0.7378340363502502
230425_29,1,230425,HPMEC,val,0.4830759732677949,0.12934658411422795,0.1762599324331141,0.19919754285237048,0.8231059908866882,0.5100919008255005
230425_32,1,230425,HPMEC,test,0.4830759732677949,0.38393930823068023,0.09619353506264858,0.05296291090839239,0.5000200867652893,0.2597806751728058
230425_34,1,230425,HPMEC,val,0.4830759732677949,0.8150866190154865,0.7299981818465511,0.2361044667863433,0.7390755414962769,0.7157135605812073
230425_35,1,230425,HPMEC,val,0.4830759732677949,0.6798680177353972,0.108088500901387,0.1511882810163643,0.8239122033119202,0.7851393818855286
230425_38,1,230425,HPMEC,train,0.4830759732677949,0.6902088416041766,0.911228035405599,0.6892505394764346,0.8663066029548645,0.8101003766059875
230425_41,1,230425,HPMEC,test,0.4830759732677949,0.6310395065367822,0.41609113884633914,0.25624196585580944,0.8491514325141907,0.9686115384101868
230425_43,1,230425,HPMEC,train,0.4830759732677949,0.7358539779567492,0.8395285424977671,0.6634216457801886,0.6018831729888916,0.5816299319267273
230425_45,1,230425,HPMEC,val,0.4830759732677949,0.6925417651494019,0.7296786102904185,0.6747689532105569,0.6987268328666687,0.7397998571395874
230425_47,1,230425,HPMEC,train,0.4830759732677949,0.6908905388322467,0.8393876847321071,0.6222565792925868,0.47004204988479614,0.38424426317214966
230425_49,1,230425,HPMEC,train,0.4830759732677949,0.4456742765864845,0.35775408998781366,0.21652838866208118,0.23338812589645386,0.13111869990825653
230425_5,0,230425,HPMEC,train,0.4830759732677949,0.29107592139654576,0.21147185899165494,0.2930013318790585,0.20531031489372253,0.22895382344722748
230425_51,1,230425,HPMEC,train,0.4830759732677949,0.1760073342989802,0.2993771748295697,0.3255040812320796,0.4289415776729584,0.6554766297340393
230425_52,0,230425,A549,train,0.6191435849721576,0.24597899492392244,0.25613631877336407,0.2552667403859184,0.31542569398880005,0.01832049898803234
230425_59,0,230425,A549,test,0.6191435849721576,0.2700117019766713,0.3096651952046131,0.39601198691445577,0.4179301857948303,0.07508566975593567
230425_6,0,230425,HPMEC,val,0.4830759732677949,0.16308728998395414,0.4089468224231324,0.31654017625311365,0.7386856079101562,0.18842649459838867
230425_60,0,230425,A549,train,0.6191435849721576,0.36518688189336873,0.33334348733154623,0.27931470406454956,0.4559318423271179,0.19911982119083405
230425_64,1,230425,A549,val,0.6191435849721576,0.6280996317114762,0.4884874333873503,0.8871979167137549,0.8428605198860168,0.654176652431488
230425_66,0,230425,A549,train,0.6191435849721576,0.6771556222550302,0.7784422350414272,0.9161447628568561,0.8575150966644287,0.6493635177612305
230425_68,0,230425,A549,train,0.6191435849721576,0.45742943679675574,0.14705397377024593,0.26052425929997314,0.30205991864204407,0.5501395463943481
230425_69,0,230425,A549,train,0.6191435849721576,0.36816613701062895,0.15635782158998532,0.46074891946195873,0.2621384263038635,0.32733282446861267
230425_70,1,230425,A549,train,0.6191435849721576,0.7505108843584413,0.6291443779425286,0.8697998186398674,0.9516093730926514,0.9683581590652466
230425_73,1,230425,A549,train,0.6191435849721576,0.6378351451255293,0.7431618477643724,0.8374787464904566,0.8758459091186523,0.9286161065101624
230425_74,1,230425,A549,train,0.6191435849721576,0.5324657508189748,0.625604503400911,0.7074696809034162,0.9211676120758057,0.9433049559593201
230425_75,1,230425,A549,train,0.6191435849721576,0.5143099351594587,0.3857250421594495,0.6498368601572883,0.8180262446403503,0.8635436296463013
230425_8,0,230425,HPMEC,test,0.4830759732677949,0.22976980958202473,0.2585142249821966,0.18368310442322616,0.26526355743408203,0.02355906553566456
230425_80,0,230425,A549,train,0.6191435849721576,0.10428116142850333,0.2898246538882411,0.4457539063990567,0.9075930118560791,0.93724125623703
230425_85,0,230425,A549,train,0.6191435849721576,0.0034250126447930057,0.01956698533226807,0.022317884688417968,0.23847657442092896,0.10559310019016266
230425_88,1,230425,A549,test,0.6191435849721576,0.7205726309772944,0.673855173544961,0.8825843278650606,0.8379509449005127,0.8173995018005371
230425_89,1,230425,A549,train,0.6191435849721576,0.6379315683730925,0.14188662223406034,0.1817819564108234,0.8747138381004333,0.9586899280548096
230425_90,1,230425,A549,test,0.6191435849721576,0.6608278713933676,0.607865118130481,0.8149525834337179,0.8916112184524536,0.9454888701438904
230425_94,1,230425,A549,train,0.6191435849721576,0.7462504766836737,0.809150089676557,0.9381247855043958,0.9622374176979065,0.9852830171585083
230425_95,1,230425,A549,train,0.6191435849721576,0.7358224942974875,0.8167593183202586,0.9364954411767248,0.9002560973167419,0.9096490740776062
230425_97,1,230425,A549,val,0.6191435849721576,0.7356092439561405,0.6973367400062578,0.9066724608522102,0.8202805519104004,0.7673676013946533
230425_98,1,230425,A549,train,0.6191435849721576,0.7009499925456188,0.6814577623281801,0.9259788617393999,0.9123891592025757,0.8828015327453613
230425_99,1,230425,A549,train,0.6191435849721576,0.7360262594370776,0.7826678585117087,0.9268885079595414,0.7675079107284546,0.7047695517539978
230510_1,1,230510,HPMEC,train,0.39660948149252523,0.7047437561210022,0.42189128648551044,0.37712273233427684,0.5104355812072754,0.2572115957736969
230510_12,0,230510,HPMEC,train,0.39660948149252523,0.5672011391595433,0.20208443197120102,0.30165165176071873,0.19021648168563843,0.10975025594234467
230510_15,1,230510,HPMEC,train,0.39660948149252523,0.6923490741550117,0.41743831051792735,0.4269335686607639,0.8693901300430298,0.7722742557525635
230510_16,1,230510,HPMEC,train,0.39660948149252523,0.6360900210334675,0.18544328587828363,0.09471625215171489,0.08679250627756119,0.12874126434326172
230510_22,1,230510,HPMEC,train,0.39660948149252523,0.8561266059797504,0.8817908065023582,0.8072976778355039,0.8865645527839661,0.8599026799201965
230510_24,0,230510,HPMEC,train,0.39660948149252523,0.8327760173253512,0.8928449118071085,0.7674266135231498,0.8012639880180359,0.8057299852371216
230510_25,0,230510,HPMEC,val,0.39660948149252523,0.8206489444884841,0.3810478347441378,0.230016887872207,0.7650120258331299,0.8105300068855286
230510_28,0,230510,HPMEC,train,0.39660948149252523,0.7448174911180641,0.7843156163027286,0.6527173775290646,0.8766148686408997,0.738587498664856
230510_29,0,230510,HPMEC,train,0.39660948149252523,0.7874041635634552,0.8551617007117793,0.7096532145311685,0.924232542514801,0.892117440700531
230510_30,1,230510,HPMEC,train,0.39660948149252523,0.49839273472780865,0.7042986491812616,0.6025459422572981,0.5427064299583435,0.48177042603492737
230510_31,0,230510,HPMEC,test,0.39660948149252523,0.15396504049909185,0.03243647195134754,0.02002378915228618,0.03450465574860573,0.02430151216685772
230510_34,0,230510,HPMEC,train,0.39660948149252523,0.7011000329832268,0.5676178191095834,0.44900177599435265,0.4736030101776123,0.3120187222957611
230510_35,0,230510,HPMEC,test,0.39660948149252523,0.08300480864945779,0.057056466459199824,0.047507610937565226,0.019275972619652748,0.018267981708049774
230510_37,0,230510,HPMEC,test,0.39660948149252523,0.05980519947735653,0.21947450109282343,0.08534116249195334,0.11327929049730301,0.022116396576166153
230510_38,0,230510,HPMEC,train,0.39660948149252523,0.3197820039588265,0.24920606429031114,0.1686928040696394,0.30542829632759094,0.06356693804264069
230510_48,1,230510,A549,train,0.49144589974418307,0.7876337155117399,0.808297054832529,0.8669137526622176,0.8516064286231995,0.8062692284584045
230510_49,1,230510,A549,train,0.49144589974418307,0.7025892288389112,0.4457626525946267,0.8183554702040234,0.5131556987762451,0.28033503890037537
230510_5,0,230510,HPMEC,train,0.39660948149252523,0.23615999908608568,0.15498476092975982,0.14891742576793998,0.14279918372631073,0.021278705447912216
230510_51,1,230510,A549,train,0.49144589974418307,0.6934104107713822,0.6543284067913773,0.7497340878380417,0.2892000675201416,0.7230626344680786
230510_53,1,230510,A549,train,0.49144589974418307,0.6516652144863885,0.7038847331059598,0.7802489146108056,0.7232006192207336,0.8072127103805542
230510_56,1,230510,A549,val,0.49144589974418307,0.7506557882472071,0.7555566906855727,0.8553039319187384,0.5723192691802979,0.5996274352073669
230510_57,1,230510,A549,test,0.49144589974418307,0.718824677827766,0.846650230333414,0.9090213734317025,0.8020622134208679,0.7880293726921082
230510_58,1,230510,A549,train,0.49144589974418307,0.6745721253335163,0.7006526798227923,0.8528512101319798,0.8522681593894958,0.8053712248802185
230510_61,1,230510,A549,val,0.49144589974418307,0.8437149683139387,0.9024462621526376,0.9169928015168323,0.8428031206130981,0.8664372563362122
230510_65,1,230510,A549,train,0.49144589974418307,0.7911181346902826,0.7311580636436059,0.8708328763571076,0.6171796321868896,0.8277856111526489
230510_66,1,230510,A549,test,0.49144589974418307,0.7750726771966754,0.4650308609834326,0.80090986780517,0.8301746845245361,0.8785085678100586
230510_67,1,230510,A549,train,0.49144589974418307,0.8330029820150051,0.9140129235911816,0.923442889345894,0.8012591600418091,0.7740876078605652
230510_7,1,230510,HPMEC,train,0.39660948149252523,0.9045541346892932,0.7052489460273242,0.7480088603911673,0.9096956253051758,0.7906787991523743
230510_71,1,230510,A549,test,0.49144589974418307,0.6436067447362466,0.517519625141149,0.8035012394376364,0.21938246488571167,0.6748759150505066
230510_72,1,230510,A549,test,0.49144589974418307,0.6849845789553197,0.6272411628717011,0.8453313181553449,0.5364296436309814,0.48817843198776245
230510_73,1,230510,A549,train,0.49144589974418307,0.7057594342165884,0.6820577131015703,0.8696791562833267,0.30251801013946533,0.3940873444080353
230510_74,1,230510,A549,test,0.49144589974418307,0.6803529523808028,0.8935715233446122,0.8977258884282759,0.529454231262207,0.41507965326309204
230510_75,1,230510,A549,train,0.49144589974418307,0.589561861090194,0.7731157118948528,0.8343830309536525,0.6896616816520691,0.6600775122642517
230510_77,0,230510,HPMEC,test,0.39660948149252523,0.9240639817372549,0.8624644194038664,0.7889386201564416,0.7354697585105896,0.5513073205947876
230510_78,0,230510,HPMEC,train,0.39660948149252523,0.9205154238330103,0.7656109027342293,0.787436801183699,0.726023256778717,0.5052459239959717
230510_79,0,230510,HPMEC,train,0.39660948149252523,0.8541961476843726,0.8326759059020388,0.6673363572730264,0.6188699007034302,0.44683095812797546
230510_83,0,230510,HPMEC,train,0.39660948149252523,0.9015644102829198,0.8152733659316607,0.7151822363941999,0.5847135186195374,0.5243430137634277
230510_85,0,230510,HPMEC,test,0.39660948149252523,0.9009955380816108,0.7526063958734986,0.7971023614975324,0.4127669334411621,0.21408140659332275
230510_87,0,230510,NHBE,train,0.7262821626250546,0.9152150435351302,0.8898806166699255,0.959910585625678,0.7888349890708923,0.6303702592849731
230510_89,0,230510,NHBE,test,0.7262821626250546,0.8927195733417314,0.8733736247435167,0.9535050839875372,0.4954134523868561,0.38491302728652954
230510_90,0,230510,NHBE,test,0.7262821626250546,0.9293156980067877,0.9180378612959644,0.9410610963983072,0.5965585112571716,0.35982009768486023
230510_92,0,230510,NHBE,train,0.7262821626250546,0.9225947908211857,0.9135204724463754,0.9354399706739036,0.5796710252761841,0.5834607481956482
230512_12,1,230512,HPMEC,train,0.41040000694101236,0.49572863318184196,0.7923834425313927,0.819639742391716,0.7240179777145386,0.7427818179130554
230512_15,1,230512,HPMEC,train,0.41040000694101236,0.52715569096566,0.8928313776171566,0.7704643620307731,0.3035317361354828,0.36711645126342773
230512_20,1,230512,HPMEC,train,0.41040000694101236,0.785882487262166,0.8588464909011453,0.8583888712429667,0.7409495711326599,0.6258364915847778
230512_24,1,230512,HPMEC,test,0.41040000694101236,0.6359339322095131,0.4195609343117496,0.2835899897984947,0.9196208715438843,0.8815702199935913
230512_26,0,230512,HPMEC,train,0.41040000694101236,0.6484299643049152,0.44313272036945506,0.4615775782687274,0.9340241551399231,0.8346431255340576
230512_29,0,230512,HPMEC,test,0.41040000694101236,0.15693283228853103,0.23030502882182352,0.1703366171833811,0.1212688684463501,0.046765848994255066
230512_33,0,230512,HPMEC,train,0.41040000694101236,0.4090727584328612,0.8523933495535457,0.7303460577921186,0.3988860845565796,0.366662859916687
230512_35,0,230512,HPMEC,train,0.41040000694101236,0.43377813992622205,0.753144543650846,0.5292326882245368,0.5933126211166382,0.4317745268344879
230512_42,1,230512,A549,train,0.5057699269062544,0.7334718678070259,0.7819770867868495,0.8054883269972652,0.8758518099784851,0.8646557331085205
230512_43,0,230512,A549,test,0.5057699269062544,0.18818876294379422,0.15332709989177515,0.23446235766977083,0.17480821907520294,0.08904122561216354
230512_44,1,230512,A549,train,0.5057699269062544,0.8183711490299592,0.7887596551423708,0.8593359594521753,0.8984451293945312,0.9030061960220337
230512_46,0,230512,A549,train,0.5057699269062544,0.3633161121341995,0.8265056402585239,0.7576420785808834,0.4872977137565613,0.6436755657196045
230512_47,0,230512,A549,train,0.5057699269062544,0.2687999610007409,0.8282008283416364,0.7079482948218907,0.6700248718261719,0.7148577570915222
230512_48,0,230512,A549,train,0.5057699269062544,0.4609719654733126,0.6791129959939732,0.7768455763376589,0.5422981381416321,0.5033074021339417
230512_54,1,230512,A549,test,0.5057699269062544,0.8121805497045683,0.8141360585551696,0.8662912768596537,0.8812054395675659,0.9044667482376099
230512_55,1,230512,A549,train,0.5057699269062544,0.7441896043652148,0.8265086481499262,0.7895637409035803,0.9393550753593445,0.963736355304718
230512_57,1,230512,A549,train,0.5057699269062544,0.7221490046422794,0.9203598694477308,0.9289500828044777,0.8819377422332764,0.8878427147865295
230512_63,1,230512,A549,train,0.5057699269062544,0.5872539389065359,0.6752605189006211,0.6138100388886989,0.6163686513900757,0.6336671113967896
230512_65,1,230512,A549,train,0.5057699269062544,0.5372510941817347,0.5652898636236462,0.7047778400240946,0.5230264663696289,0.6846991181373596
230512_66,0,230512,A549,train,0.5057699269062544,0.37369328383960065,0.598884035327617,0.7231911544655063,0.1537557691335678,0.6014652848243713
230512_70,0,230512,A549,val,0.5057699269062544,0.4671980455020326,0.7669150326372303,0.8236774932538016,0.12830579280853271,0.17778435349464417
230512_72,0,230512,HPMEC,train,0.41040000694101236,0.9102055270125874,0.8298393417249467,0.7960456204309925,0.6572771668434143,0.452710896730423
230512_73,0,230512,HPMEC,val,0.41040000694101236,0.9115308870670826,0.6309045108612653,0.707114661361278,0.18882028758525848,0.16828657686710358
230512_8,1,230512,HPMEC,test,0.41040000694101236,0.8143918041098603,0.7273826425246385,0.757278502645264,0.9517212510108948,0.8804559111595154
230512_80,0,230512,HPMEC,test,0.41040000694101236,0.8882736003165064,0.6945732727698989,0.7096242186180873,0.3310143053531647,0.18906809389591217
230512_81,0,230512,NHBE,train,0.7375244450825967,0.9255953404761348,0.9116075991978442,0.9312451626258522,0.6456007957458496,0.4615625739097595
230512_83,0,230512,NHBE,train,0.7375244450825967,0.8149243253982928,0.8345087756675845,0.9301470036051206,0.6182509660720825,0.530394434928894
230512_86,0,230512,NHBE,train,0.7375244450825967,0.9029427494428982,0.8544583219573066,0.9404558435045405,0.4187585413455963,0.3191677927970886
230512_87,0,230512,NHBE,test,0.7375244450825967,0.0537135358764333,0.1531356141422572,0.20568034684969497,0.020314518362283707,0.009343752637505531
230512_88,0,230512,NHBE,test,0.7375244450825967,0.9069951475848894,0.8442312430489105,0.9453484198495681,0.34291398525238037,0.41540807485580444
230517_10,1,230517,HPMEC,train,0.4674553539122347,0.2158249158863475,0.49321982438577283,0.7019146084850416,0.8618695139884949,0.891420304775238
230517_12,1,230517,HPMEC,val,0.4674553539122347,0.5001356573916075,0.6455485355660657,0.6472601123112405,0.7868202924728394,0.7481222748756409
230517_13,1,230517,HPMEC,train,0.4674553539122347,0.619836743135606,0.9327504170324554,0.9114958670487622,0.7955938577651978,0.7741766571998596
230517_16,1,230517,HPMEC,train,0.4674553539122347,0.6617555075969958,0.9022588385535597,0.8701935920361132,0.8133483529090881,0.841525673866272
230517_2,1,230517,HPMEC,train,0.4674553539122347,0.6914043522688682,0.22999981738607836,0.2525762659616131,0.7715091109275818,0.7625008225440979
230517_23,1,230517,HPMEC,test,0.4674553539122347,0.7572560077377573,0.9225330272075738,0.7538703171498883,0.7847683429718018,0.7899693846702576
230517_25,1,230517,HPMEC,val,0.4674553539122347,0.684457069353921,0.8545861642356258,0.7126890963232012,0.7802385687828064,0.7805851101875305
230517_28,0,230517,HPMEC,train,0.4674553539122347,0.5609129410256205,0.10933501245517843,0.10708912176503131,0.09812720865011215,0.10044556856155396
230517_29,0,230517,HPMEC,test,0.4674553539122347,0.6084983203727752,0.7156232051150003,0.7785006733191111,0.7875080108642578,0.759006142616272
230517_3,1,230517,HPMEC,test,0.4674553539122347,0.48586195538774607,0.36664321004536543,0.40818481758281955,0.1933164894580841,0.09525878727436066
230517_30,0,230517,HPMEC,train,0.4674553539122347,0.7461964060927729,0.6853457719460954,0.6292051553581632,0.8719927072525024,0.9291735887527466
230517_31,0,230517,HPMEC,train,0.4674553539122347,0.7480155581817732,0.8983841526382819,0.7540210681201569,0.4402860403060913,0.6620058417320251
230517_38,1,230517,A549,test,0.6442815088946058,0.5985426697875219,0.5503830331108053,0.6897779476961088,0.49283379316329956,0.3957028388977051
230517_5,1,230517,HPMEC,train,0.4674553539122347,0.7612629330387373,0.5828225136427814,0.4484845513967542,0.944550096988678,0.947498619556427
230517_52,1,230517,A549,train,0.6442815088946058,0.7873930458906624,0.9491301238128477,0.8828261355457929,0.8608152270317078,0.8957631587982178
230517_56,0,230517,A549,train,0.6442815088946058,0.730071763061807,0.7607606433722391,0.9020156595777,0.8397529721260071,0.9033557176589966
230517_57,1,230517,A549,test,0.6442815088946058,0.7145126450959403,0.8592066732939305,0.917516505677252,0.8240249156951904,0.8574322462081909
230517_59,1,230517,A549,train,0.6442815088946058,0.6951184955692397,0.5408061479453049,0.8406562929772853,0.7479856610298157,0.8992013335227966
230517_6,1,230517,HPMEC,train,0.4674553539122347,0.8049367548714713,0.7717314580284919,0.7139590362276504,0.9191422462463379,0.9192391633987427
230517_60,1,230517,A549,train,0.6442815088946058,0.5984574656202547,0.5211350942947631,0.7874110698019642,0.7877804636955261,0.8603895306587219
230517_61,1,230517,A549,train,0.6442815088946058,0.623775273095221,0.22683578001973667,0.5502091030406587,0.781927764415741,0.8130898475646973
230517_66,1,230517,A549,test,0.6442815088946058,0.7426347748299917,0.9045772974302604,0.9277336442454309,0.8414860963821411,0.7869252562522888
230517_69,0,230517,A549,val,0.6442815088946058,0.6237078139492538,0.6029839183158433,0.9205201839886396,0.4767681658267975,0.5883961915969849
230517_7,1,230517,HPMEC,train,0.4674553539122347,0.7614670034174176,0.7019399888926818,0.6027965248210585,0.8987845778465271,0.9082930088043213
230517_77,0,230517,HPMEC,train,0.4674553539122347,0.8701208061784301,0.13969780209425672,0.163108624964497,0.5708754062652588,0.3800464868545532
230517_80,0,230517,HPMEC,train,0.4674553539122347,0.8845244308030978,0.39113968976227304,0.3160040817170722,0.6037737727165222,0.5629310607910156
230517_81,0,230517,HPMEC,val,0.4674553539122347,0.8289441150353997,0.058036488297066306,0.07038299600409254,0.6430544853210449,0.5179457664489746
230517_84,0,230517,NHBE,train,0.5781599640055035,0.5313803915787669,0.013754130945376902,0.023727001107863698,0.2601523995399475,0.23227809369564056
230517_85,0,230517,NHBE,test,0.5781599640055035,0.7692492242979904,0.01756798656732665,0.03354036791507183,0.41585472226142883,0.28837573528289795
230517_86,0,230517,NHBE,train,0.5781599640055035,0.8765329932473062,0.020428280922235833,0.0193978873173484,0.3453044295310974,0.37966784834861755
230523_100,0,230523,HPMEC,test,0.7228394557787006,0.20954852756191672,0.024213090528704437,0.04722715101841338,0.5279296040534973,0.8291617035865784
230523_105,0,230523,HPMEC,train,0.7228394557787006,0.19918427174492173,0.04493038735223644,0.06700488058991046,0.33622387051582336,0.5161319375038147
230523_109,0,230523,HPMEC,train,0.7228394557787006,0.20147549099668186,0.06803074222251049,0.12645220738947982,0.3188040554523468,0.4285222291946411
230523_11,0,230523,HPMEC,test,0.7228394557787006,0.020690556875759776,0.11954172285107151,0.09986672953202456,0.018042506650090218,0.6052669882774353
230523_110,1,230523,HPMEC,train,0.7228394557787006,0.41381835365924147,0.1212014539430448,0.19994073457444891,0.33225998282432556,0.5341110229492188
230523_111,0,230523,HPMEC,train,0.7228394557787006,0.010732856579390134,0.014562676980800604,0.025773828309256695,0.03827917203307152,0.06002979725599289
230523_13,0,230523,HPMEC,test,0.7228394557787006,0.644281912280538,0.5783372225105478,0.4559135485968918,0.07615941762924194,0.15800736844539642
230523_14,0,230523,HPMEC,train,0.7228394557787006,0.6576417149797478,0.6102263274372084,0.6419413089035424,0.16136032342910767,0.4044581651687622
230523_16,0,230523,HPMEC,val,0.7228394557787006,0.447598905882993,0.8540969968810844,0.7500421973953703,0.2335709184408188,0.20926089584827423
230523_18,0,230523,HPMEC,train,0.7228394557787006,0.011262913912349062,0.03911271561475875,0.05198168202317411,0.008378357626497746,0.2668030858039856
230523_21,1,230523,HPMEC,test,0.7228394557787006,0.4276074074891138,0.8064048861095141,0.6564329543903954,0.1765555888414383,0.1394529491662979
230523_23,0,230523,HPMEC,train,0.7228394557787006,0.36845637645265084,0.5336829805332916,0.6428566893016803,0.1154102236032486,0.18950864672660828
230523_25,0,230523,HPMEC,train,0.7228394557787006,0.4827467309760289,0.634753191149274,0.6328828081443113,0.21925005316734314,0.3919652998447418
230523_27,0,230523,HPMEC,train,0.7228394557787006,0.5209989753747476,0.7000057139052448,0.7169626780266938,0.015818361192941666,0.08528829365968704
230523_29,0,230523,HPMEC,test,0.7228394557787006,0.030108428696088957,0.1667738333688575,0.22440870102383886,0.004147805273532867,0.40178027749061584
230523_30,0,230523,HPMEC,train,0.7228394557787006,0.45760332265637904,0.48129731415128113,0.3323573270482069,0.04915180057287216,0.10747285187244415
230523_32,0,230523,HPMEC,train,0.7228394557787006,0.4274997271075708,0.6927114851315627,0.5715624610081026,0.04913745075464249,0.15494176745414734
230523_34,0,230523,HPMEC,train,0.7228394557787006,0.46937062345514635,0.6781712390914729,0.5804505939566927,0.01979529857635498,0.27406251430511475
230523_38,1,230523,HPMEC,train,0.7228394557787006,0.3716697412773714,0.26687597135832547,0.20726841861510178,0.4246056079864502,0.6852025985717773
230523_39,1,230523,HPMEC,train,0.7228394557787006,0.4722024806755929,0.27772305628501154,0.2666445353402145,0.2935338318347931,0.45027780532836914
230523_42,0,230523,HPMEC,train,0.7228394557787006,0.3398915296595492,0.26925180364872964,0.2913668017125785,0.828342854976654,0.7918882369995117
230523_43,0,230523,HPMEC,test,0.7228394557787006,0.35684868782924783,0.19670328648642518,0.25986820982037,0.6705331206321716,0.6458320617675781
230523_48,0,230523,HPMEC,test,0.7228394557787006,0.030414022211974073,0.06234639786809264,0.12773729377321955,0.026481861248612404,0.01804223656654358
230523_49,0,230523,HPMEC,test,0.7228394557787006,0.4494724427542311,0.4850717991567107,0.17907819429963853,0.6460468173027039,0.7185476422309875
230523_53,1,230523,HPMEC,train,0.7228394557787006,0.4917051348033889,0.5668955204348892,0.45723622651988893,0.7827840447425842,0.841578483581543
230523_54,1,230523,HPMEC,train,0.7228394557787006,0.49740752347380435,0.4092251742728188,0.24435575883498992,0.580842137336731,0.6145883202552795
230523_56,1,230523,HPMEC,val,0.7228394557787006,0.3087414184743834,0.29244787531731503,0.1947228125197492,0.4323428273200989,0.21808254718780518
230523_57,1,230523,HPMEC,train,0.7228394557787006,0.6082613805457611,0.5492478755811622,0.32551660504884755,0.6130175590515137,0.6221966743469238
230523_66,1,230523,HPMEC,test,0.7228394557787006,0.440163590782118,0.42032704755350325,0.33022819715792223,0.9344866275787354,0.8345016241073608
230523_69,1,230523,HPMEC,test,0.7228394557787006,0.5493638425654938,0.7053437135055967,0.5092091054470701,0.9730198979377747,0.9551991820335388
230523_71,0,230523,HPMEC,train,0.7228394557787006,0.6042161024326906,0.5736299270940275,0.4058060189894464,0.769926905632019,0.785624086856842
230523_76,0,230523,HPMEC,test,0.7228394557787006,0.018069729259937366,0.022573465959002517,0.06116487644278689,0.011299819685518742,0.010446751490235329
230523_77,1,230523,HPMEC,train,0.7228394557787006,0.5110364322332884,0.34077874613157466,0.47822932943866997,0.2386367917060852,0.3997361958026886
230523_8,0,230523,HPMEC,val,0.7228394557787006,0.637112661798992,0.6795972392139196,0.5248414488249372,0.11071683466434479,0.4111509323120117
230523_83,0,230523,HPMEC,test,0.7228394557787006,0.9385164476647992,0.0689487522981602,0.06968980144219897,0.12484504282474518,0.08621026575565338
230523_88,1,230523,HPMEC,train,0.7228394557787006,0.19734534055831693,0.062336034239292744,0.06603419198271449,0.06002495810389519,0.21272176504135132
230523_89,0,230523,HPMEC,train,0.7228394557787006,0.2940441404390207,0.03822812476027246,0.05224027649844642,0.11432331800460815,0.5511484742164612
230523_91,0,230523,HPMEC,train,0.7228394557787006,0.3409512586584414,0.09009921630394482,0.089125574479338,0.22061018645763397,0.4259093403816223
230523_92,1,230523,HPMEC,train,0.7228394557787006,0.5449516909209344,0.2124355317266902,0.2193445960085751,0.37689903378486633,0.3906017243862152
230523_93,0,230523,HPMEC,train,0.7228394557787006,0.2801834086997298,0.06297462879626266,0.12352522055637223,0.7056318521499634,0.5421859622001648
230523_94,0,230523,HPMEC,train,0.7228394557787006,0.0089791372225001,0.016712118194858856,0.02796217968643556,0.07594988495111465,0.06694215536117554
230523_96,0,230523,HPMEC,test,0.7228394557787006,0.23438735956121226,0.04511397383480612,0.07767804015250993,0.22955840826034546,0.41180604696273804
230523_97,0,230523,HPMEC,train,0.7228394557787006,0.16486908260596322,0.07218487892321294,0.09694863464701949,0.19757507741451263,0.21367691457271576
230524_101,0,230524,HPMEC,train,0.39660948149252523,0.26715354620335424,0.017964881772258353,0.016668278863492574,0.523972749710083,0.5421085953712463
230524_102,0,230524,HPMEC,test,0.39660948149252523,0.27590256358994947,0.04461356073305487,0.02984150190985078,0.18312421441078186,0.3985837399959564
230524_104,0,230524,HPMEC,test,0.39660948149252523,0.01309591708591909,0.01485635408348612,0.011442961940735198,0.0757787749171257,0.028229376301169395
230524_105,0,230524,HPMEC,train,0.39660948149252523,0.3215316157000753,0.08373140708584072,0.11174236031512473,0.3391013443470001,0.5165515542030334
230524_107,0,230524,HPMEC,train,0.39660948149252523,0.5647358209140855,0.7793009374515496,0.8170215758135808,0.4545528292655945,0.44238272309303284
230524_12,0,230524,HPMEC,train,0.39660948149252523,0.22288166906039553,0.40351818621715596,0.22878648214402314,0.1937040537595749,0.23580454289913177
230524_15,0,230524,HPMEC,train,0.39660948149252523,0.3745607561661344,0.5323117581447344,0.358126294972139,0.10193536430597305,0.11442049592733383
230524_16,0,230524,HPMEC,train,0.39660948149252523,0.21675286269324506,0.5839003086874918,0.431401057863689,0.1001877561211586,0.061798300594091415
230524_17,0,230524,HPMEC,train,0.39660948149252523,0.026023847096034735,0.035258540876172376,0.024527930850581133,0.08384420722723007,0.09817992895841599
230524_18,0,230524,HPMEC,test,0.39660948149252523,0.2781510549020553,0.17833324885477825,0.2346791334461858,0.21470648050308228,0.2884729504585266
230524_21,0,230524,HPMEC,val,0.39660948149252523,0.04768737896393856,0.15173412901346425,0.13674243100772862,0.11741507053375244,0.05166719853878021
230524_24,0,230524,HPMEC,train,0.39660948149252523,0.33172339121083855,0.3068172768956649,0.2238531979703968,0.33536019921302795,0.07383761554956436
230524_27,0,230524,HPMEC,train,0.39660948149252523,0.47414890396680587,0.34549478873711875,0.2012378374462098,0.3035934269428253,0.27996698021888733
230524_32,1,230524,HPMEC,train,0.39660948149252523,0.15989091708472425,0.2941787136281061,0.29424864242120896,0.38733425736427307,0.23065721988677979
230524_33,0,230524,HPMEC,train,0.39660948149252523,0.12354282941980094,0.2574147115961103,0.16913662541188534,0.2485264539718628,0.2554279863834381
230524_38,1,230524,HPMEC,train,0.39660948149252523,0.7314853485078305,0.6089697904740512,0.6583533415404734,0.7439699769020081,0.43482980132102966
230524_39,0,230524,HPMEC,test,0.39660948149252523,0.5146326906361166,0.5123801547317076,0.3946914872661299,0.6749160885810852,0.6147359609603882
230524_4,0,230524,HPMEC,val,0.39660948149252523,0.21969438523170567,0.15631058950714702,0.10598223395085575,0.3054986298084259,0.46288299560546875
230524_40,0,230524,HPMEC,train,0.39660948149252523,0.5132287138251537,0.4886036868922046,0.38008752696464315,0.5909237265586853,0.7248483896255493
230524_44,0,230524,HPMEC,val,0.39660948149252523,0.5222135293148049,0.6763683982566719,0.627192500759217,0.6908657550811768,0.7272993326187134
230524_46,1,230524,HPMEC,test,0.39660948149252523,0.7235782485621106,0.8119189456169553,0.7696450119771814,0.7315086126327515,0.7000246047973633
230524_47,1,230524,HPMEC,train,0.39660948149252523,0.6874503448706616,0.8562667567454135,0.7973856269030888,0.7669678330421448,0.47306936979293823
230524_48,0,230524,HPMEC,val,0.39660948149252523,0.6378300822754946,0.21795250742263986,0.27779477637802924,0.8211979269981384,0.4658207297325134
230524_49,1,230524,HPMEC,train,0.39660948149252523,0.71028803508922,0.8067668427219215,0.7183968092172575,0.6981461644172668,0.31970131397247314
230524_51,1,230524,HPMEC,train,0.39660948149252523,0.6593304772497325,0.7149334776161183,0.8411336435812219,0.9374682903289795,0.8526841998100281
230524_52,1,230524,HPMEC,train,0.39660948149252523,0.6773817158129215,0.9488305092380475,0.8853089733783164,0.9476959109306335,0.9135861992835999
230524_54,1,230524,HPMEC,train,0.39660948149252523,0.68486960179269,0.8367986674742754,0.8230349178350959,0.5937108993530273,0.6292445063591003
230524_58,0,230524,HPMEC,train,0.39660948149252523,0.6417622377867596,0.5894362238789236,0.5983347638379121,0.7818698883056641,0.72275310754776
230524_59,0,230524,HPMEC,test,0.39660948149252523,0.704324464575029,0.3686741469272673,0.3292761762019943,0.8400706648826599,0.8757861256599426
230524_6,0,230524,HPMEC,train,0.39660948149252523,0.5219490183715403,0.16501868621439217,0.19240732514508158,0.5033105611801147,0.5108184814453125
230524_60,0,230524,HPMEC,train,0.39660948149252523,0.7409112587613905,0.5219018691712809,0.5674164144262537,0.8139113783836365,0.873668372631073
230524_66,1,230524,HPMEC,val,0.39660948149252523,0.6102623810758732,0.64429180546653,0.7760804794948267,0.7375876307487488,0.7143265008926392
230524_67,1,230524,HPMEC,val,0.39660948149252523,0.6854374408314798,0.3198242373118,0.44281068582981264,0.9798864722251892,0.9490469694137573
230524_68,1,230524,HPMEC,test,0.39660948149252523,0.7401331150060725,0.6654038581720205,0.4884159507151631,0.9281629920005798,0.923655092716217
230524_69,1,230524,HPMEC,train,0.39660948149252523,0.7176932736838763,0.7654896548956883,0.7470557682705723,0.7947506904602051,0.7558777928352356
230524_7,0,230524,HPMEC,train,0.39660948149252523,0.5797431447867032,0.7235770517532585,0.5890164889333802,0.3110581636428833,0.15646116435527802
230524_74,1,230524,HPMEC,train,0.39660948149252523,0.5600987579167551,0.7467156466639763,0.6642268460172054,0.11716150492429733,0.07091255486011505
230524_77,1,230524,HPMEC,train,0.39660948149252523,0.49075109466975775,0.5286769208879926,0.4482158906709633,0.47327306866645813,0.5300730466842651
230524_78,0,230524,HPMEC,train,0.39660948149252523,0.4223889372709771,0.8051649562515856,0.7720087765174132,0.7591731548309326,0.8282650709152222
230524_81,0,230524,HPMEC,train,0.39660948149252523,0.413464171485881,0.40154976121484015,0.565941810843892,0.3081424832344055,0.46336862444877625
230524_83,0,230524,HPMEC,train,0.39660948149252523,0.41128027969439984,0.30978591901067165,0.44324483192279157,0.4998270869255066,0.1654950976371765
230524_88,0,230524,HPMEC,train,0.39660948149252523,0.4794383481070108,0.5378119081045629,0.5468221986646248,0.31661221385002136,0.18642321228981018
230524_89,0,230524,HPMEC,train,0.39660948149252523,0.6087420273870221,0.6934071885554555,0.65133286880412,0.1871548593044281,0.19063213467597961
230524_93,0,230524,HPMEC,train,0.39660948149252523,0.40418112595256545,0.7713374553044423,0.7921377185950218,0.33889278769493103,0.42561519145965576
230524_96,0,230524,HPMEC,train,0.39660948149252523,0.47792290165148593,0.6491985938138075,0.7835895922662955,0.23366591334342957,0.2783680558204651
230524_97,0,230524,HPMEC,train,0.39660948149252523,0.5286764246447124,0.7779230869691796,0.8308876385846383,0.02410643920302391,0.03040972910821438
230525_100,1,230525,HPMEC,train,0.4041433218476043,0.5197053328195274,0.26211429464144886,0.41872124880714057,0.5793571472167969,0.6557566523551941
230525_101,1,230525,HPMEC,test,0.4041433218476043,0.49908701468930744,0.7837487132331109,0.7708390331640214,0.47491103410720825,0.8965925574302673
230525_103,1,230525,HPMEC,train,0.4041433218476043,0.5528578857871462,0.8201726579744145,0.7635557257126641,0.30910101532936096,0.5953046679496765
230525_104,1,230525,HPMEC,train,0.4041433218476043,0.5382998013923725,0.43720401189559616,0.5803165483607811,0.690626323223114,0.8798139691352844
230525_107,1,230525,HPMEC,train,0.4041433218476043,0.5037799383481452,0.7793595144651564,0.82607835556829,0.7260551452636719,0.6692460775375366
230525_108,0,230525,HPMEC,train,0.4041433218476043,0.41479385957457043,0.5219832921814308,0.6451326656823408,0.870884895324707,0.6886682510375977
230525_109,0,230525,HPMEC,test,0.4041433218476043,0.3110546230293485,0.2095645807018146,0.42481636132875816,0.28953200578689575,0.44167664647102356
230525_11,0,230525,HPMEC,train,0.4041433218476043,0.46720502098765765,0.436845072351694,0.45979360262963603,0.1766209751367569,0.2792859673500061
230525_111,0,230525,A549,train,0.9149744437059919,0.06850993190769708,0.02701567882357675,0.06502019350891919,0.04448774456977844,0.012558359652757645
230525_113,0,230525,A549,val,0.9149744437059919,0.10282111819601757,0.03609217821227704,0.12091997797932724,0.07681064307689667,0.07617016136646271
230525_117,1,230525,A549,test,0.9149744437059919,0.5317358013227715,0.4509219685631992,0.6418679518866925,0.44955581426620483,0.5342504978179932
230525_119,1,230525,A549,train,0.9149744437059919,0.33641412075776594,0.3352983728447375,0.3569074736273335,0.7371398210525513,0.35820215940475464
230525_12,0,230525,HPMEC,train,0.4041433218476043,0.6200228024072525,0.8926649333861615,0.7944140272763539,0.1175365224480629,0.30770254135131836
230525_125,0,230525,A549,val,0.9149744437059919,0.4492648033410657,0.2127817890388309,0.31490785555768286,0.5915729999542236,0.680519163608551
230525_127,0,230525,A549,train,0.9149744437059919,0.5893733481632429,0.6780214423374645,0.776813659540974,0.8963637948036194,0.8467237949371338
230525_128,0,230525,A549,train,0.9149744437059919,0.5899297691505383,0.42681556045217556,0.6579320753077801,0.8607364296913147,0.7070336937904358
230525_129,1,230525,A549,train,0.9149744437059919,0.26391933400405193,0.1859137176835074,0.16154316131892404,0.9178928136825562,0.9335814118385315
230525_13,0,230525,HPMEC,train,0.4041433218476043,0.5634227239567113,0.7731394778187289,0.7593829364227747,0.14433982968330383,0.36517852544784546
230525_130,1,230525,A549,train,0.9149744437059919,0.6454197229825825,0.3161024160266549,0.7554670867719672,0.9401931166648865,0.9477137923240662
230525_131,1,230525,A549,train,0.9149744437059919,0.6454430515909558,0.657192640294639,0.861510665649798,0.9495645761489868,0.9815863966941833
230525_132,1,230525,A549,test,0.9149744437059919,0.3180442894757557,0.09270960284122685,0.25600562446768504,0.9419670104980469,0.9345044493675232
230525_135,1,230525,A549,test,0.9149744437059919,0.696560321117046,0.6614659406764005,0.8401819295615645,0.9799597263336182,0.9381417036056519
230525_137,1,230525,A549,train,0.9149744437059919,0.45713484231455537,0.2572976207870595,0.7232260716281562,0.9163495302200317,0.8602388501167297
230525_141,1,230525,A549,train,0.9149744437059919,0.7212456195289229,0.3687878218503143,0.7683971041427642,0.9688058495521545,0.9517157077789307
230525_142,1,230525,A549,train,0.9149744437059919,0.778304634461612,0.4766993630539978,0.6530871375457463,0.9691251516342163,0.9746986031532288
230525_143,1,230525,A549,test,0.9149744437059919,0.7686827467871709,0.5342935430879826,0.7332704031743905,0.9337421655654907,0.9194415807723999
230525_148,0,230525,HPMEC,train,0.4041433218476043,0.22300253283503824,0.10796023324837753,0.16807891861579863,0.022701691836118698,0.12468723207712173
230525_15,0,230525,HPMEC,train,0.4041433218476043,0.5306106887538837,0.7290600074801503,0.7477137013212076,0.2716536521911621,0.3023536801338196
230525_150,0,230525,HPMEC,train,0.4041433218476043,0.25934081244178897,0.1737051201172212,0.3306484339498904,0.0422796793282032,0.048134464770555496
230525_153,1,230525,HPMEC,test,0.4041433218476043,0.2752568394117684,0.32425104641121627,0.3140586123922279,0.7341548800468445,0.8790819644927979
230525_161,1,230525,HPMEC,train,0.4041433218476043,0.12465442563878407,0.08784735410631755,0.06613551127148985,0.3108031153678894,0.5921314358711243
230525_164,1,230525,HPMEC,train,0.4041433218476043,0.22283345265089835,0.2745967101932738,0.37403048437952524,0.4577666223049164,0.47696584463119507
230525_168,1,230525,HPMEC,test,0.4041433218476043,0.2517982637221762,0.18126449388486626,0.1780304856744763,0.5296664237976074,0.6700891256332397
230525_169,1,230525,HPMEC,train,0.4041433218476043,0.2666509607578474,0.09911230584647776,0.1563460632287246,0.44695234298706055,0.5981606245040894
230525_17,0,230525,HPMEC,train,0.4041433218476043,0.020715691529670156,0.07703123026496175,0.11041976050767648,0.010121979750692844,0.31457844376564026
230525_170,1,230525,HPMEC,val,0.4041433218476043,0.28540184373282507,0.19031192850450832,0.31534653995736733,0.2629457712173462,0.3254918158054352
230525_171,1,230525,HPMEC,train,0.4041433218476043,0.37506089962992456,0.269661413028284,0.14565496100624334,0.36405709385871887,0.45645254850387573
230525_174,1,230525,HPMEC,train,0.4041433218476043,0.34516341028297803,0.31932003856740404,0.2476672692653214,0.2560628354549408,0.27600380778312683
230525_176,0,230525,HPMEC,train,0.4041433218476043,0.2255317975264011,0.10679079865178402,0.16324549756963266,0.3664148449897766,0.546342134475708
230525_178,0,230525,HPMEC,train,0.4041433218476043,0.2579896284036536,0.046060697270426665,0.07198941526673591,0.20725591480731964,0.482437402009964
230525_179,0,230525,HPMEC,train,0.4041433218476043,0.31589961539324085,0.07386955597414908,0.14085111365923295,0.4359719753265381,0.6288087368011475
230525_18,0,230525,HPMEC,train,0.4041433218476043,0.008781496005152548,0.11800585473191638,0.11125628810964044,0.01910552941262722,0.41050583124160767
230525_180,1,230525,HPMEC,train,0.4041433218476043,0.4724301142787657,0.25220229421489126,0.4060261436243258,0.33617717027664185,0.3341914713382721
230525_182,1,230525,A549,train,0.9149744437059919,0.2685010373017647,0.11904389076961794,0.2373108970758422,0.11052073538303375,0.19352251291275024
230525_183,0,230525,A549,train,0.9149744437059919,0.29723652139759077,0.052020035520296395,0.2467508343502182,0.04649215564131737,0.0882812887430191
230525_187,1,230525,A549,test,0.9149744437059919,0.2838456070357095,0.11099242277015844,0.3236358770960797,0.08421016484498978,0.11477551609277725
230525_193,1,230525,A549,val,0.9149744437059919,0.16209976280776767,0.17122479886110392,0.3472184509524116,0.05760189890861511,0.4845053255558014
230525_195,1,230525,A549,train,0.9149744437059919,0.14243571195320992,0.17783646800527858,0.2161912078159077,0.10698370635509491,0.28236016631126404
230525_2,1,230525,HPMEC,val,0.4041433218476043,0.39116132133796555,0.8544905079090717,0.8459698647579929,0.15389315783977509,0.5391359925270081
230525_209,1,230525,A549,train,0.9149744437059919,0.5785749975806201,0.41330827885180926,0.47131027365098555,0.5465377569198608,0.39163100719451904
230525_21,0,230525,HPMEC,test,0.4041433218476043,0.4203884719141643,0.5548762400071702,0.6521036844629267,0.01033812016248703,0.07657544314861298
230525_211,0,230525,A549,test,0.9149744437059919,0.3803002707315722,0.2318496566740441,0.19193157422065565,0.14959806203842163,0.4709486961364746
230525_212,0,230525,A549,test,0.9149744437059919,0.250439865426728,0.0743385558413383,0.11374894803519933,0.22571563720703125,0.5222415924072266
230525_217,1,230525,A549,train,0.9149744437059919,0.4725250834571764,0.34892776498816863,0.582205545313484,0.27574560046195984,0.37389037013053894
230525_24,1,230525,HPMEC,train,0.4041433218476043,0.5613858602358868,0.8957227486418328,0.8780945287475124,0.032919496297836304,0.21806186437606812
230525_26,0,230525,HPMEC,test,0.4041433218476043,0.03803927607941581,0.031070975993841864,0.051901118451923224,0.0026751463301479816,0.06685333698987961
230525_28,1,230525,HPMEC,train,0.4041433218476043,0.24697845688575,0.3743385059192621,0.3798647924347594,0.0037164082750678062,0.38865113258361816
230525_29,0,230525,HPMEC,train,0.4041433218476043,0.023960456985011553,0.05397616011503849,0.06773738466919596,0.014761636964976788,0.03971138596534729
230525_30,1,230525,HPMEC,train,0.4041433218476043,0.45670897626957874,0.8212629239419938,0.7935331039816864,0.04692576080560684,0.19464866816997528
230525_34,1,230525,HPMEC,test,0.4041433218476043,0.41104194955045886,0.8321962468605164,0.9047530389401723,0.052209898829460144,0.2820407748222351
230525_35,1,230525,HPMEC,train,0.4041433218476043,0.09984386111591463,0.31848120784490214,0.2954682800420003,0.002102686557918787,0.08657447248697281
230525_39,1,230525,A549,train,0.9149744437059919,0.6425209276528897,0.7678070503958548,0.799856519106567,0.4845596253871918,0.8227090239524841
230525_40,1,230525,A549,train,0.9149744437059919,0.5550997724683776,0.6106169559741128,0.7059081847744767,0.41023996472358704,0.695780873298645
230525_44,1,230525,A549,train,0.9149744437059919,0.5341095295805294,0.7382621663368424,0.8140574636799842,0.04795762524008751,0.239361971616745
230525_46,1,230525,A549,test,0.9149744437059919,0.0344360579399395,0.13641403487880524,0.12621478952897336,0.07433108240365982,0.4022413492202759
230525_47,1,230525,A549,train,0.9149744437059919,0.11784928831629306,0.04739448305881068,0.06123402455311726,0.02535763569176197,0.32657936215400696
230525_49,1,230525,A549,train,0.9149744437059919,0.7010475672088279,0.5966681157906782,0.720372266760767,0.18577693402767181,0.3439158499240875
230525_5,1,230525,HPMEC,train,0.4041433218476043,0.5890087951999023,0.8317586715560625,0.8425095482919054,0.5885609984397888,0.5476284623146057
230525_51,1,230525,A549,train,0.9149744437059919,0.628910964587783,0.8392521622223411,0.8164553095548356,0.29315266013145447,0.49695172905921936
230525_57,1,230525,A549,train,0.9149744437059919,0.5747417292828414,0.47960724037849684,0.5812645231376138,0.15981149673461914,0.3594638407230377
230525_58,0,230525,A549,train,0.9149744437059919,0.5972752955332007,0.42036153485551125,0.6681963213969659,0.010970855131745338,0.08505197614431381
230525_6,1,230525,HPMEC,train,0.4041433218476043,0.5781559605794231,0.8316329475159596,0.7563525697026264,0.7570859789848328,0.7419766783714294
230525_62,1,230525,A549,train,0.9149744437059919,0.19468957112439755,0.1246551053555502,0.1671701621940524,0.03062841109931469,0.12370406091213226
230525_63,0,230525,A549,train,0.9149744437059919,0.04140798492680305,0.023834129359092064,0.043718677549051635,0.013179006054997444,0.4356331527233124
230525_64,0,230525,A549,train,0.9149744437059919,0.003708189287983783,0.07749188567014285,0.06550535084743153,0.008940405212342739,0.2744329869747162
230525_65,1,230525,A549,test,0.9149744437059919,0.35866247710787436,0.2206151960640178,0.3717923596451649,0.010733147151768208,0.6993691325187683
230525_67,0,230525,A549,train,0.9149744437059919,0.5822276789831595,0.2177593096895093,0.6293000574234937,0.27186715602874756,0.6063640713691711
230525_68,1,230525,A549,val,0.9149744437059919,0.6045661663584547,0.3963145907759431,0.7311517003333926,0.15862922370433807,0.496805340051651
230525_7,1,230525,HPMEC,train,0.4041433218476043,0.363623877740531,0.334516087937901,0.35692897323373846,0.018842048943042755,0.13258768618106842
230525_70,1,230525,A549,train,0.9149744437059919,0.5229779119483257,0.5522710639184665,0.7584738021367314,0.16502314805984497,0.6368833184242249
230525_72,1,230525,A549,val,0.9149744437059919,0.06880000288667333,0.07116482911474478,0.08795294391323537,0.0009142503840848804,0.40805718302726746
230525_73,1,230525,HPMEC,test,0.4041433218476043,0.5421196120651871,0.7578051567163938,0.6958773352791905,0.4860524535179138,0.7017318606376648
230525_78,1,230525,HPMEC,train,0.4041433218476043,0.45201679228135977,0.27854824649489074,0.1554896891959725,0.6511303782463074,0.7324209809303284
230525_8,1,230525,HPMEC,train,0.4041433218476043,0.026375336205238357,0.06674784285832609,0.13205476185203774,0.027737556025385857,0.4338102638721466
230525_81,0,230525,HPMEC,test,0.4041433218476043,0.0659396644443119,0.08886948538034527,0.14347031705152358,0.045518502593040466,0.010402005165815353
230525_84,1,230525,HPMEC,train,0.4041433218476043,0.41222527799645,0.32957264067521097,0.2726288566636422,0.4424248933792114,0.8609983325004578
230525_86,1,230525,HPMEC,test,0.4041433218476043,0.5802836507014917,0.541503823914827,0.582626791127621,0.5799731016159058,0.7089568376541138
230525_87,1,230525,HPMEC,val,0.4041433218476043,0.5214769214167242,0.4347390869267016,0.5536407796886055,0.6697776913642883,0.8071374893188477
230525_89,1,230525,HPMEC,train,0.4041433218476043,0.5867457839190648,0.7050694619762312,0.683718962440911,0.7933071255683899,0.8222576379776001
230525_9,1,230525,HPMEC,train,0.4041433218476043,0.025661617502698745,0.1040807745901608,0.1234557317213858,0.04095500707626343,0.4340539276599884
230525_91,0,230525,HPMEC,train,0.4041433218476043,0.5109148323065366,0.6829633581205655,0.6584036493103449,0.7700921893119812,0.7545821070671082
230525_96,1,230525,HPMEC,train,0.4041433218476043,0.5479199231990579,0.48087617828584184,0.44565920075588017,0.3183198869228363,0.6162565350532532
230525_98,1,230525,HPMEC,train,0.4041433218476043,0.647555882644266,0.7250434806411622,0.6598888050687326,0.4258171319961548,0.5806073546409607
230525_99,1,230525,HPMEC,test,0.4041433218476043,0.5573584198396849,0.574260930549802,0.5635492633294725,0.569908857345581,0.5381146669387817
230529_10,1,230529,HPMEC,train,0.4836612521114578,0.1800009204777144,0.11544341115623936,0.10856656722856925,0.020103279501199722,0.2191082388162613
230529_104,0,230529,HPMEC,test,0.4836612521114578,0.6675730194669679,0.7639080381013845,0.6372290702117985,0.07417018711566925,0.14382916688919067
230529_109,1,230529,A549,test,0.6588556655273932,0.6699779750832595,0.8097872682305991,0.8993793605561311,0.7750025987625122,0.8084522485733032
230529_110,1,230529,A549,train,0.6588556655273932,0.6582182689836229,0.7177151352599676,0.9277495190040095,0.6612433791160583,0.7836647033691406
230529_111,1,230529,A549,val,0.6588556655273932,0.738654682786394,0.8685893473025933,0.8921897193788241,0.671782374382019,0.7627928853034973
230529_112,1,230529,A549,train,0.6588556655273932,0.6791868724066701,0.38771783650248565,0.7525566391839845,0.32725849747657776,0.4381473660469055
230529_115,0,230529,A549,train,0.6588556655273932,0.6367699255925802,0.16247823776499695,0.20136765095084175,0.5967113971710205,0.5644078850746155
230529_119,1,230529,A549,train,0.6588556655273932,0.6246410880964901,0.43390581620244284,0.639527851310398,0.7140885591506958,0.8505139350891113
230529_121,1,230529,A549,train,0.6588556655273932,0.675642198363219,0.8234290050866301,0.9513233948208945,0.8852118849754333,0.9548231959342957
230529_122,1,230529,A549,train,0.6588556655273932,0.654880991112877,0.715792174745544,0.8481989268544313,0.8375343084335327,0.8756576180458069
230529_124,0,230529,A549,train,0.6588556655273932,0.7116530174136405,0.8871205010174629,0.887754822615073,0.461881160736084,0.7087703347206116
230529_126,0,230529,A549,test,0.6588556655273932,0.6874679549861478,0.13094350308851604,0.3780878093974713,0.782386302947998,0.8929330706596375
230529_129,1,230529,A549,train,0.6588556655273932,0.8047930326846028,0.9663415718451777,0.9783640298060288,0.9793283343315125,0.976847767829895
230529_130,1,230529,A549,train,0.6588556655273932,0.8331185423385309,0.9537474895864029,0.9734274902249427,0.9091929793357849,0.9427588582038879
230529_137,1,230529,A549,test,0.6588556655273932,0.7400287247383964,0.9254708617858179,0.9475592660886013,0.9358553886413574,0.822455108165741
230529_139,0,230529,A549,train,0.6588556655273932,0.4881641181623813,0.35789711430930854,0.5944925761140317,0.36980199813842773,0.5921418070793152
230529_14,1,230529,HPMEC,train,0.4836612521114578,0.38206004394330745,0.2961164275291249,0.501989874963634,0.09119535982608795,0.14555640518665314
230529_140,1,230529,A549,train,0.6588556655273932,0.723958384862322,0.9321582044165296,0.9670349980522164,0.7125429511070251,0.7804602980613708
230529_146,0,230529,HPMEC,train,0.4836612521114578,0.25022935636894483,0.2611298846070416,0.3192059482064308,0.14537683129310608,0.20846961438655853
230529_149,0,230529,HPMEC,train,0.4836612521114578,0.2117067192467271,0.15617323213092116,0.16055840214246656,0.26384133100509644,0.32130715250968933
230529_151,0,230529,HPMEC,train,0.4836612521114578,0.3547608957962607,0.4665704857135797,0.4090392131144809,0.4336978495121002,0.6956374049186707
230529_153,0,230529,HPMEC,train,0.4836612521114578,0.11508536517263016,0.08833201335720253,0.07469573241335081,0.06925636529922485,0.13699448108673096
230529_157,0,230529,HPMEC,test,0.4836612521114578,0.16503693274636116,0.054277593640404506,0.1835766906340575,0.09585034102201462,0.24163971841335297
230529_159,1,230529,HPMEC,train,0.4836612521114578,0.14914093346369248,0.05936619652316085,0.09287292157766018,0.044226378202438354,0.08564633876085281
230529_160,0,230529,HPMEC,train,0.4836612521114578,0.009502772805819853,0.04003450904920364,0.04263358893986369,0.010185865685343742,0.0581795834004879
230529_163,0,230529,HPMEC,train,0.4836612521114578,0.4207064448842607,0.06024025199489151,0.07245689723063385,0.3942306935787201,0.43587979674339294
230529_165,0,230529,HPMEC,train,0.4836612521114578,0.41138210137916337,0.16807084348539741,0.31220596879814755,0.16875337064266205,0.2974454462528229
230529_167,1,230529,HPMEC,train,0.4836612521114578,0.25271080889835656,0.14065025563763225,0.10507431560677374,0.225956529378891,0.5544794797897339
230529_171,1,230529,HPMEC,train,0.4836612521114578,0.6557227190581912,0.21352055117496213,0.43208158318211326,0.38964566588401794,0.3463888168334961
230529_173,0,230529,HPMEC,test,0.4836612521114578,0.3246166700316466,0.13969308142621156,0.2026124498969085,0.09813809394836426,0.22563233971595764
230529_175,0,230529,HPMEC,train,0.4836612521114578,0.18202109047310863,0.028818482254953703,0.0672216871892557,0.13465431332588196,0.12737271189689636
230529_18,0,230529,HPMEC,val,0.4836612521114578,0.1688563891940229,0.04404889645825603,0.056680880641971056,0.009604865685105324,0.29211464524269104
230529_181,1,230529,A549,train,0.6588556655273932,0.5023079823682294,0.38266606136845793,0.7300935770807455,0.37830427289009094,0.8023123145103455
230529_183,1,230529,A549,train,0.6588556655273932,0.33417865758570486,0.2848438617290016,0.39427932117669445,0.43286648392677307,0.5892910957336426
230529_185,1,230529,A549,train,0.6588556655273932,0.27235052385920755,0.4308000436318951,0.6603046627291216,0.3163766860961914,0.3258190155029297
230529_188,0,230529,A549,train,0.6588556655273932,0.034293376780347745,0.030340387561566994,0.07698526442065905,0.07501646876335144,0.06637976318597794
230529_19,0,230529,HPMEC,train,0.4836612521114578,0.5454224952487132,0.2264634821227855,0.4478939362450352,0.14287394285202026,0.18738184869289398
230529_190,0,230529,A549,train,0.6588556655273932,0.20902507215950022,0.14452494844240907,0.3069662022195669,0.22754508256912231,0.6101110577583313
230529_192,1,230529,A549,val,0.6588556655273932,0.3030997691543759,0.037082588760314686,0.07069243405241835,0.07682159543037415,0.10718929767608643
230529_198,0,230529,A549,train,0.6588556655273932,0.5203495026587389,0.6254966308269838,0.7629900282469642,0.7627919912338257,0.9320762753486633
230529_199,0,230529,A549,train,0.6588556655273932,0.3995749490000135,0.07436723719438591,0.0782818795221154,0.5072193145751953,0.7391364574432373
230529_203,1,230529,A549,train,0.6588556655273932,0.3482245686615084,0.092909192158118,0.18443327655789374,0.476523220539093,0.5598083138465881
230529_206,1,230529,A549,train,0.6588556655273932,0.44269057524952904,0.44471625341726195,0.6292374542741586,0.38290226459503174,0.44051381945610046
230529_208,0,230529,A549,train,0.6588556655273932,0.3631644176723057,0.04507397826645174,0.07127665840322635,0.17672225832939148,0.48952603340148926
230529_209,0,230529,A549,train,0.6588556655273932,0.35405802590251373,0.11927407693863107,0.17367281106180815,0.1185547485947609,0.36849063634872437
230529_214,0,230529,A549,train,0.6588556655273932,0.3109674738280066,0.04105751478391502,0.06147586405532794,0.2569289803504944,0.3115953803062439
230529_22,0,230529,HPMEC,val,0.4836612521114578,0.590303342237502,0.793202545102563,0.817041679210339,0.1037915050983429,0.33650028705596924
230529_26,0,230529,HPMEC,train,0.4836612521114578,0.018236099606858715,0.19897692748924986,0.17930799005120407,0.03220023587346077,0.15595532953739166
230529_27,0,230529,HPMEC,train,0.4836612521114578,0.03000132475254414,0.08703823379808495,0.07143862688954292,0.02539982460439205,0.4149085581302643
230529_29,0,230529,HPMEC,train,0.4836612521114578,0.06509654133652211,0.126353491287796,0.17978516868106853,0.0971585065126419,0.3380037546157837
230529_33,0,230529,HPMEC,train,0.4836612521114578,0.0008171088544777498,0.06966670640210024,0.03970858235988326,0.0184672512114048,0.46258363127708435
230529_34,0,230529,HPMEC,train,0.4836612521114578,0.0019236502733107738,0.144840199203118,0.12311843365872038,0.031082840636372566,0.2843073308467865
230529_38,1,230529,A549,train,0.6588556655273932,0.7223657136751925,0.9372760745427678,0.9479521430790954,0.5402518510818481,0.7954785823822021
230529_40,1,230529,A549,train,0.6588556655273932,0.6898998047183915,0.9251445561783826,0.9312159609084478,0.5036011338233948,0.34679386019706726
230529_42,1,230529,A549,train,0.6588556655273932,0.30833074761598794,0.3402174717794953,0.38918601954714727,0.03676406294107437,0.10893095284700394
230529_43,1,230529,A549,train,0.6588556655273932,0.07027885409393234,0.08125385619043718,0.07797158497094027,0.04643338546156883,0.2802774906158447
230529_49,1,230529,A549,train,0.6588556655273932,0.5772797627458895,0.6436863765485111,0.8323032427807404,0.46214690804481506,0.5394722819328308
230529_50,1,230529,A549,train,0.6588556655273932,0.5889138001919862,0.45875809346074814,0.698506066192257,0.16274593770503998,0.32864055037498474
230529_55,0,230529,A549,train,0.6588556655273932,0.2052092631947313,0.250260265815384,0.27445304587039165,0.00847000814974308,0.4302065074443817
230529_56,0,230529,A549,val,0.6588556655273932,0.6038599168894373,0.6683708482523381,0.8709226472309235,0.08170885592699051,0.20136499404907227
230529_58,1,230529,A549,train,0.6588556655273932,0.6573752832845311,0.8902928973192845,0.9414772109563332,0.05658617988228798,0.1217617318034172
230529_61,1,230529,A549,train,0.6588556655273932,0.2035506052824545,0.19775708646508017,0.2862564009678842,0.0024157820735126734,0.026190847158432007
230529_62,1,230529,A549,val,0.6588556655273932,0.071865513468345,0.22427280647592607,0.2646312128548521,0.014660044573247433,0.6478325724601746
230529_63,0,230529,A549,train,0.6588556655273932,0.01069121245430259,0.1671747308038676,0.10307127803798607,0.02197527326643467,0.647957444190979
230529_65,0,230529,A549,val,0.6588556655273932,0.08003011509631498,0.14314990617423123,0.3566251164335726,0.1930539458990097,0.3386566638946533
230529_67,0,230529,A549,test,0.6588556655273932,0.05430294118970781,0.046149747621835345,0.1067197056375639,0.07150133699178696,0.1296728104352951
230529_69,0,230529,A549,train,0.6588556655273932,0.03327777989813624,0.10897727875304662,0.10235404314542255,0.08752868324518204,0.13442879915237427
230529_73,1,230529,HPMEC,val,0.4836612521114578,0.6916009269406197,0.6939889062870115,0.4956918629878935,0.5527453422546387,0.8438120484352112
230529_74,0,230529,HPMEC,test,0.4836612521114578,0.6135608489897445,0.47994549698939987,0.4280035238070993,0.3731655478477478,0.5641095638275146
230529_8,1,230529,HPMEC,train,0.4836612521114578,0.05312484066126296,0.048249674468555055,0.10187767776927013,0.007256351411342621,0.24796557426452637
230529_89,0,230529,HPMEC,val,0.4836612521114578,0.6286905124584135,0.8291127831202861,0.7660326465836997,0.394147127866745,0.6463744044303894
230529_97,1,230529,HPMEC,train,0.4836612521114578,0.857953397812371,0.8731893676447096,0.8579023873290944,0.8439061045646667,0.9431231617927551
230529_98,1,230529,HPMEC,train,0.4836612521114578,0.7766507805684421,0.7282446223110669,0.8798809935999026,0.8352363705635071,0.7660306692123413
