imageID,good,acquisition_date,cell_type,source_split,metadata_logistic_prob_good,image_logistic_prob_good,image_boosted_prob_good,fusion_boosted_prob_good,mobilenet_logistic_prob_good,mobilenet_logistic_random_oof_prob_good
220429_01,1,220429,HPMEC,train,0.9645750538992135,0.7257689873068816,0.7884808211208175,0.8838016770131677,0.6570991277694702,0.6908772587776184
220429_02,1,220429,HPMEC,train,0.9645750538992135,0.6687259489420189,0.6889325186630247,0.8616137310818934,0.7570045590400696,0.7506688237190247
220429_03,0,220429,HPMEC,test,0.9645750538992135,0.7220133556773667,0.6516529698844736,0.8899465438497146,0.682288646697998,0.44115862250328064
220429_04,0,220429,HPMEC,train,0.9645750538992135,0.7282138726641785,0.7308635585632561,0.8863226818163942,0.8834271430969238,0.7574011087417603
220429_05,1,220429,HPMEC,val,0.9645750538992135,0.5929120757473467,0.39082855943622213,0.7640071596185568,0.8866614103317261,0.7701967358589172
220429_06,1,220429,HPMEC,train,0.9645750538992135,0.541095731022538,0.7679242468591909,0.9396729907336807,0.8178871273994446,0.7708194851875305
220429_07,0,220429,HPMEC,train,0.9645750538992135,0.6026866602944182,0.5028272153562163,0.804429377146883,0.6659331321716309,0.6361423134803772
220429_08,0,220429,HPMEC,train,0.9645750538992135,0.5929935262812195,0.23683875967489684,0.719064216647416,0.8254368901252747,0.6839223504066467
220429_10,1,220429,HPMEC,test,0.9001792743885536,0.42582896629904465,0.360808019465365,0.8626528217540743,0.8997470140457153,0.8200643658638
220429_11,1,220429,HPMEC,val,0.9001792743885536,0.4545612712362696,0.36181124450595775,0.8624037720767045,0.7994789481163025,0.7976774573326111
220429_12,1,220429,HPMEC,test,0.9001792743885536,0.6899332935915617,0.5852807992241178,0.8916340943552522,0.882967472076416,0.7905774116516113
220429_13,0,220429,HPMEC,train,0.9001792743885536,0.5721446180493769,0.3300544410454233,0.8770503929610717,0.8661821484565735,0.7207666635513306
220429_14,1,220429,HPMEC,train,0.9001792743885536,0.5486816281988192,0.39179515253737035,0.8553965285150515,0.8649981021881104,0.8172693848609924
220429_15,1,220429,HPMEC,train,0.9001792743885536,0.6434702078806829,0.3730779949800647,0.8808513822090935,0.9066788554191589,0.8274558186531067
220429_16,0,220429,HPMEC,train,0.9001792743885536,0.6464674569590444,0.4179332490440653,0.8788722468466282,0.9487904906272888,0.9381770491600037
220429_17,0,220429,HPMEC,val,0.9001792743885536,0.6404130661991964,0.3149586859453454,0.8795389596314859,0.9183629155158997,0.873418927192688
220429_19,1,220429,HSAEC,train,0.933752608896558,0.7510512240981322,0.8379099401519157,0.9492353017486141,0.6545653343200684,0.6451501250267029
220429_20,1,220429,HSAEC,train,0.933752608896558,0.5404828564389436,0.7208043490256962,0.9499619048202437,0.4955669939517975,0.3753367066383362
220429_21,1,220429,HSAEC,test,0.933752608896558,0.761569164066171,0.8885788437574531,0.9522521963151898,0.881130039691925,0.8771178126335144
220429_22,1,220429,HSAEC,train,0.933752608896558,0.7254791382788611,0.8314511028027883,0.9544887925250295,0.8072808384895325,0.8025392889976501
220429_23,1,220429,HSAEC,train,0.933752608896558,0.7368235147113444,0.8283280181073231,0.9575148538946932,0.8424501419067383,0.7053332924842834
220429_24,1,220429,HSAEC,train,0.933752608896558,0.6214644618327679,0.8612303358708349,0.9444406770368047,0.7775104641914368,0.7937233448028564
220429_25,1,220429,HSAEC,train,0.933752608896558,0.6747458465030267,0.886223708200202,0.9268290708120893,0.9368934035301208,0.9138753414154053
220429_26,1,220429,HSAEC,train,0.8235754947534967,0.6245705251710767,0.7846894287157956,0.9270688238982622,0.559649646282196,0.6085246205329895
220429_27,1,220429,HSAEC,train,0.8235754947534967,0.5931744716151195,0.7769284909162595,0.9159105586008298,0.6512975096702576,0.6954926252365112
220429_28,1,220429,HSAEC,train,0.8235754947534967,0.5714947621024649,0.7879918986130958,0.9249081247807632,0.6398680210113525,0.6105875372886658
220429_29,1,220429,HSAEC,train,0.8235754947534967,0.6013280696529099,0.7397530073070117,0.8986881397838469,0.6990388035774231,0.7573104500770569
220429_30,1,220429,HSAEC,val,0.8235754947534967,0.632484904649751,0.6176897861168296,0.8781944794702357,0.8084192276000977,0.764151930809021
220429_31,1,220429,HSAEC,train,0.8235754947534967,0.5667688723662005,0.82245921421492,0.9295176356228437,0.7938829064369202,0.7139807939529419
220429_32,1,220429,HSAEC,test,0.8235754947534967,0.533151940686726,0.7191620738562489,0.9051702775125652,0.7838068604469299,0.7454857230186462
220429_33,1,220429,HSAEC,train,0.8235754947534967,0.5341922584935175,0.19457737370953954,0.7325583735541734,0.6197535395622253,0.5320426225662231
220502_1,1,220502,HSAEC,train,0.5278557527317881,0.4515238439213315,0.5682786974933074,0.508520606320445,0.44809490442276,0.42389461398124695
220502_2,1,220502,HSAEC,test,0.5278557527317881,0.8163266837098423,0.8882286385862462,0.8283521968964975,0.6066021919250488,0.4737686812877655
220502_3,1,220502,HSAEC,train,0.5278557527317881,0.7409028459077888,0.8149703754171818,0.7771003902344868,0.8289708495140076,0.7894192934036255
220502_4,1,220502,HSAEC,train,0.5278557527317881,0.7672356282683214,0.8486351534583325,0.8203025115621169,0.7685270309448242,0.7756639122962952
220502_5,1,220502,HSAEC,train,0.5278557527317881,0.6931535562160444,0.8271899465147635,0.80315577761253,0.45125672221183777,0.37009450793266296
220502_6,1,220502,HSAEC,test,0.5278557527317881,0.795782582795139,0.8210515770067334,0.7619001380754179,0.6075757145881653,0.5298358201980591
220502_7,1,220502,HSAEC,train,0.5278557527317881,0.7415106663157005,0.6466296976362419,0.6852228020191986,0.7506709694862366,0.6179860830307007
220502_8,1,220502,HSAEC,val,0.5278557527317881,0.792303854558151,0.7734449974341083,0.7056371883684073,0.4854688346385956,0.4668552279472351
220503_1,1,220503,HSAEC,test,0.5333069218947015,0.5936698270650226,0.7224560945938255,0.5289738514394596,0.4072612226009369,0.4598678648471832
220503_2,1,220503,HSAEC,test,0.5333069218947015,0.79268411239373,0.8490102860949023,0.7134908460734222,0.525031566619873,0.646600604057312
220503_3,0,220503,HSAEC,test,0.5333069218947015,0.8276436101121817,0.8578630844762232,0.8177173117319866,0.7865003347396851,0.8183375597000122
220503_4,0,220503,HSAEC,train,0.5333069218947015,0.8008094831686167,0.8456765368055857,0.8355790499011527,0.7541245222091675,0.7833932638168335
220503_5,1,220503,HSAEC,train,0.5333069218947015,0.709366906858469,0.8508940373121445,0.734386425327444,0.5263459086418152,0.5396370887756348
220503_6,0,220503,HSAEC,test,0.5333069218947015,0.868298618928159,0.8305291653986222,0.7995075358533675,0.2640761733055115,0.37869909405708313
220503_7,1,220503,HSAEC,val,0.5333069218947015,0.7463207106945899,0.5342514682127671,0.41953884996287605,0.6872654557228088,0.5881212949752808
220503_8,0,220503,HSAEC,test,0.5333069218947015,0.7882488506674938,0.699481912228176,0.5159161118458722,0.6365349888801575,0.6827423572540283
220506_1,0,220506,HSAEC,train,0.6179364680437047,0.8127061863538078,0.8094152805151227,0.8441341594268746,0.7721254825592041,0.5587825775146484
220506_10,1,220506,CACO,train,0.42174132975891676,0.8040199089230731,0.8822637209765968,0.8597803601034235,0.7726598978042603,0.5826985239982605
220506_11,1,220506,CACO,val,0.42174132975891676,0.8391167678721215,0.9299480498148925,0.8902164468117754,0.8176894187927246,0.8377563953399658
220506_12,1,220506,CACO,test,0.42174132975891676,0.8299143287206596,0.862012302490944,0.8274328726060554,0.8496078252792358,0.8051549196243286
220506_13,0,220506,CACO,train,0.42174132975891676,0.7342182119820768,0.8988983840505611,0.8668922005303951,0.824751615524292,0.6602745652198792
220506_14,0,220506,CACO,train,0.42174132975891676,0.7311170982404873,0.9226433247257556,0.8778895280798205,0.8429535031318665,0.8611540198326111
220506_15,1,220506,CACO,train,0.42174132975891676,0.7095116351759777,0.8428024771836321,0.8506951942973834,0.6656861901283264,0.6628051400184631
220506_2,0,220506,HSAEC,train,0.6179364680437047,0.8063381692818353,0.9086194233188695,0.9463258844718861,0.5449010133743286,0.43685978651046753
220506_3,0,220506,HSAEC,train,0.6179364680437047,0.8346585519130318,0.9027719767488771,0.9437763938501932,0.6325976252555847,0.4907565712928772
220506_4,0,220506,HSAEC,test,0.6179364680437047,0.7945504894575188,0.794457872015221,0.894835025207407,0.7742568850517273,0.6694934964179993
220506_5,1,220506,HSAEC,train,0.6179364680437047,0.7893190325485927,0.9352305435575741,0.9437599274222429,0.8224619030952454,0.7471312880516052
220506_6,1,220506,HSAEC,test,0.6179364680437047,0.82531396590725,0.918581995388557,0.9373034340245913,0.8303068280220032,0.7275707125663757
220506_7,1,220506,HSAEC,train,0.6179364680437047,0.810545973351973,0.9251078740722308,0.9431657398496901,0.8580778241157532,0.7766016125679016
220506_8,0,220506,HSAEC,train,0.6179364680437047,0.8635688931975042,0.9440479500645301,0.9601424393744388,0.6558904647827148,0.638191819190979
220506_9,0,220506,CACO,train,0.42174132975891676,0.8202825491702759,0.8764357150562276,0.8219721532824,0.8596639037132263,0.7710144519805908
220512_1,0,220512,HSAEC,train,0.5938962850203718,0.522337079830813,0.6331317569536403,0.27476924288053606,0.3439897298812866,0.3314679265022278
220512_10,0,220512,CACO,train,0.49400320906816114,0.7247207853551112,0.6988139948722094,0.6933701570967179,0.6334459185600281,0.7008951902389526
220512_11,1,220512,CACO,train,0.49400320906816114,0.6756776386397139,0.7666515650078637,0.7649627116945648,0.8887508511543274,0.8427967429161072
220512_12,1,220512,CACO,train,0.49400320906816114,0.6271455156005453,0.6653559375666767,0.5328847378605899,0.36769434809684753,0.3262636959552765
220512_13,0,220512,CACO,train,0.49400320906816114,0.6139242909275028,0.6438879362386011,0.7292049565788016,0.40341755747795105,0.3487582504749298
220512_14,1,220512,CACO,test,0.49400320906816114,0.5737598023286218,0.6255256027732926,0.7519642953028313,0.8604629039764404,0.6995734572410583
220512_15,1,220512,CACO,test,0.49400320906816114,0.6059929404696845,0.729136956923368,0.6994354620293068,0.7562994360923767,0.6181948781013489
220512_2,1,220512,HSAEC,test,0.5938962850203718,0.6291410570142786,0.7014772801289639,0.48843351626233694,0.5867236852645874,0.40128016471862793
220512_3,0,220512,HSAEC,train,0.5938962850203718,0.7612421031895485,0.5239704692562253,0.3205397467387855,0.16623394191265106,0.15731613337993622
220512_4,0,220512,HSAEC,test,0.5938962850203718,0.6930633391594706,0.8554235062692209,0.6736261427039706,0.3437996506690979,0.3376326858997345
220512_5,0,220512,HSAEC,train,0.5938962850203718,0.5836506838704358,0.3780140557543246,0.26545501187741666,0.33615824580192566,0.2655613124370575
220512_6,0,220512,HSAEC,val,0.5938962850203718,0.5848798622036341,0.5702519528081057,0.27304565823973814,0.3246242105960846,0.3024942874908447
220512_7,1,220512,HSAEC,train,0.5938962850203718,0.6024381221556179,0.6937276075783051,0.6102736213004205,0.4425351023674011,0.25756555795669556
220512_8,1,220512,HSAEC,train,0.5938962850203718,0.613866661402235,0.5455483008991329,0.41317509915221123,0.4118104577064514,0.3910340666770935
220512_9,1,220512,CACO,train,0.49400320906816114,0.7365196430272208,0.7802368301973098,0.6544893173989573,0.47307151556015015,0.41440901160240173
220515_1,1,220515,CACO,test,0.40912200561353024,0.6497233145034333,0.7308843913124857,0.45050216040661534,0.3198679983615875,0.32639023661613464
220515_10,1,220515,HSAEC,train,0.6021979729168667,0.8176662358308782,0.8808091718116284,0.6483073370772714,0.7938867807388306,0.7143970727920532
220515_11,1,220515,HSAEC,test,0.6021979729168667,0.7836020555233009,0.92678438831001,0.7904950403586819,0.9167885780334473,0.8177701830863953
220515_12,0,220515,HSAEC,train,0.6021979729168667,0.7693528820312617,0.8160207729068837,0.6823692937373577,0.6490391492843628,0.502839207649231
220515_2,1,220515,CACO,test,0.40912200561353024,0.6490695289048762,0.8131637065412117,0.7565772810871371,0.6452263593673706,0.7204960584640503
220515_3,1,220515,CACO,test,0.40912200561353024,0.5786372241038603,0.7678975219165216,0.7507664610177975,0.6568554639816284,0.7607494592666626
220515_4,1,220515,CACO,train,0.40912200561353024,0.5833430011735833,0.7097734948509791,0.6106360833910472,0.4549897611141205,0.6901443600654602
220515_5,0,220515,CACO,train,0.40912200561353024,0.6285500659872507,0.780504427324139,0.5993363809779072,0.399932861328125,0.2693498730659485
220515_6,1,220515,CACO,train,0.40912200561353024,0.6885820778522318,0.7705239369262157,0.7078143484919448,0.6223235130310059,0.5869305729866028
220515_7,1,220515,CACO,train,0.40912200561353024,0.6445950342233675,0.8181241048839004,0.7289282765930843,0.6432036757469177,0.8235514163970947
220515_8,1,220515,CACO,train,0.40912200561353024,0.7048978161782066,0.8119877999726287,0.6893512261363799,0.5648047924041748,0.6837257146835327
220515_9,1,220515,HSAEC,train,0.6021979729168667,0.782916687414744,0.8489934111214332,0.5136099816374006,0.8215959668159485,0.6851775050163269
220526_1,0,220526,HSAEC,test,0.9282476610666043,0.8863212326956774,0.9209948460882685,0.6634952473638456,0.5683531761169434,0.41084086894989014
220526_2,0,220526,HSAEC,train,0.9282476610666043,0.8214357565760293,0.7687583606686188,0.5710930194252315,0.38979917764663696,0.48852866888046265
220526_3,1,220526,HSAEC,train,0.9282476610666043,0.7249735918788743,0.7121879297990417,0.47289155424873974,0.33686313033103943,0.5092270374298096
220526_4,0,220526,HSAEC,train,0.9282476610666043,0.8515693552975304,0.9260567486304226,0.8468188891852906,0.6343371868133545,0.32701486349105835
220526_5,1,220526,HSAEC,train,0.9282476610666043,0.7394728821816907,0.8875512193804774,0.8476640097500452,0.2185710370540619,0.1840006709098816
220526_6,1,220526,HSAEC,train,0.9282476610666043,0.8094482809767832,0.781535461106249,0.7039669842782073,0.7910367250442505,0.7626639604568481
220606_1,1,220606,A549,val,0.7606925122741647,0.7262923315905494,0.43416208603371115,0.45690181113002115,0.4868040978908539,0.4717796742916107
220606_10,1,220606,A549,train,0.7606925122741647,0.6854764883414666,0.7307921832581118,0.7465497202177095,0.7731993794441223,0.46106386184692383
220606_11,0,220606,A549,train,0.7606925122741647,0.6757055748104671,0.4490530091053325,0.5536307860015911,0.8647223114967346,0.5900774002075195
220606_12,0,220606,CACO,test,0.42332631556504585,0.6962447082281646,0.9519644135865156,0.9100565456769819,0.8127352595329285,0.5363096594810486
220606_13,0,220606,CACO,test,0.42332631556504585,0.8489159975303355,0.8890033965376491,0.7960754308547341,0.7125232815742493,0.4456135928630829
220606_14,0,220606,CACO,test,0.42332631556504585,0.7716267820506754,0.9477571699591614,0.8938918116832502,0.7407052516937256,0.6439492106437683
220606_15,0,220606,CACO,val,0.42332631556504585,0.5013631227021486,0.37651766239465984,0.32416665058150596,0.83556067943573,0.7040202021598816
220606_16,0,220606,CACO,train,0.42332631556504585,0.7117127011709258,0.9114956637747269,0.8520136632601694,0.6903282403945923,0.4897153079509735
220606_17,1,220606,CACO,test,0.42332631556504585,0.425245705153671,0.7497416048193194,0.5009950724769471,0.40892982482910156,0.35015609860420227
220606_18,0,220606,CACO,train,0.42332631556504585,0.6867041273611585,0.9035278396545775,0.7545144456569078,0.718850314617157,0.5598450899124146
220606_19,1,220606,CACO,val,0.42332631556504585,0.6810938455343829,0.956064786334736,0.9076265687148071,0.6758641600608826,0.49838992953300476
220606_2,1,220606,A549,train,0.7606925122741647,0.5065253490441365,0.4010003795931246,0.3766868117014398,0.6548444032669067,0.651100754737854
220606_20,1,220606,CACO,train,0.42332631556504585,0.7845196818306824,0.9264525974359579,0.8505385909028333,0.3176054358482361,0.1967553198337555
220606_21,0,220606,CACO,train,0.42332631556504585,0.7599527528249413,0.9328431389811616,0.8595530259784657,0.6813926100730896,0.5641365647315979
220606_22,0,220606,CACO,train,0.42332631556504585,0.6875906743026927,0.8256732039781279,0.664203752698238,0.6290048956871033,0.20370547473430634
220606_3,1,220606,A549,train,0.7606925122741647,0.6974201666405584,0.3675121235458043,0.45437399245152255,0.8021537065505981,0.6769450306892395
220606_4,1,220606,A549,train,0.7606925122741647,0.6326058304200873,0.4000731435690655,0.5421233245262262,0.7765699625015259,0.7244254946708679
220606_5,0,220606,A549,test,0.7606925122741647,0.607234232288924,0.4040493908683837,0.497422122163332,0.734574556350708,0.6554294228553772
220606_6,1,220606,A549,train,0.7606925122741647,0.5632538570128574,0.6145324618939683,0.5779162391965295,0.8784083127975464,0.7801687717437744
220606_7,1,220606,A549,train,0.7606925122741647,0.6448485870032208,0.5782549458103607,0.498006581074547,0.9082549214363098,0.7079324126243591
220606_8,0,220606,A549,train,0.7606925122741647,0.4973591529375393,0.4650951373351036,0.5967714708005529,0.7235760688781738,0.44371363520622253
220608_1,0,220608,CACO,train,0.42015795461082905,0.7613105123006637,0.5004694115512978,0.5738600978949506,0.604148268699646,0.3364640772342682
220608_10,0,220608,CACO,val,0.42015795461082905,0.5251831792536892,0.6735486221745235,0.46600972467475976,0.9631836414337158,0.7625505328178406
220608_11,0,220608,CACO,train,0.42015795461082905,0.28303882505028627,0.2714133688575861,0.14843443216089341,0.47340553998947144,0.4128950834274292
220608_12,0,220608,A549,train,0.7583194975179313,0.8426391322871094,0.8701607371037551,0.8757661885021338,0.8293260335922241,0.7080777287483215
220608_13,0,220608,A549,test,0.7583194975179313,0.6301085249509416,0.8008278619195093,0.6907162601611492,0.8457880020141602,0.6394209861755371
220608_14,0,220608,A549,train,0.7583194975179313,0.5623573097911306,0.7929600407879653,0.8726701267382282,0.8459368348121643,0.6618687510490417
220608_15,0,220608,A549,test,0.7583194975179313,0.7015391428354752,0.8666253688507368,0.8667162225641257,0.781387209892273,0.6096253395080566
220608_16,0,220608,A549,train,0.7583194975179313,0.6907168788980945,0.6790210131785999,0.715540658428896,0.5485544800758362,0.3411421775817871
220608_17,0,220608,A549,train,0.7583194975179313,0.7120588198679625,0.603633698268715,0.7849065615858614,0.7184034585952759,0.4910120964050293
220608_18,0,220608,A549,train,0.7583194975179313,0.5826034102269717,0.31390901443295993,0.5604915214276113,0.5048993229866028,0.24851933121681213
220608_19,0,220608,A549,train,0.7583194975179313,0.628739975455929,0.28960064066130004,0.3578971803641219,0.6747127175331116,0.5154626965522766
220608_2,0,220608,CACO,train,0.42015795461082905,0.7535021296743744,0.7369840142662132,0.6438537487380771,0.4846980571746826,0.42593464255332947
220608_20,0,220608,A549,train,0.7583194975179313,0.7687819615023126,0.9593204412310564,0.9385503928264481,0.7841008901596069,0.6861014366149902
220608_21,0,220608,A549,test,0.7583194975179313,0.6165217013394519,0.9309050783421183,0.9369070468754007,0.8086714744567871,0.6878764629364014
220608_22,0,220608,A549,train,0.7583194975179313,0.6500220300608394,0.8948695326952176,0.8980417436383926,0.869598925113678,0.6665385365486145
220608_23,0,220608,A549,train,0.7583194975179313,0.7469650487743884,0.9129805165102809,0.9044838297308762,0.8571416735649109,0.7241703271865845
220608_3,0,220608,CACO,train,0.42015795461082905,0.55353567641677,0.6903625832557724,0.7284398069979039,0.8713952302932739,0.6966567039489746
220608_4,0,220608,CACO,train,0.42015795461082905,0.6115655389765423,0.646388838986078,0.6977224597488143,0.7244057059288025,0.47113892436027527
220608_5,0,220608,CACO,train,0.42015795461082905,0.7479649225260872,0.8822246414928443,0.8569994203215228,0.7795273065567017,0.6830520033836365
220608_6,0,220608,CACO,train,0.42015795461082905,0.8348581229772684,0.8919633312290773,0.8654362701445732,0.6365644335746765,0.35717812180519104
220608_7,0,220608,CACO,test,0.42015795461082905,0.7899670141640547,0.8389085365386096,0.8313872711861809,0.7794670462608337,0.4376615881919861
220608_8,0,220608,CACO,test,0.42015795461082905,0.6914705632435865,0.6267469776474583,0.7573397932245391,0.8020735383033752,0.626655638217926
220608_9,0,220608,CACO,test,0.42015795461082905,0.5814272983860892,0.25435361573727994,0.3528287459203816,0.865407407283783,0.6120119690895081
220609_1,0,220609,CACO,test,0.3277060100091378,0.585399785227565,0.6560407596218203,0.8345615789243633,0.3046189248561859,0.3850463628768921
220609_10,1,220609,A549,train,0.7353252551847796,0.7055244045950891,0.27782714131818836,0.28345676087153554,0.4623309075832367,0.39812490344047546
220609_11,1,220609,A549,test,0.7353252551847796,0.7504704899315001,0.7973506648614311,0.8168450822347133,0.7088145017623901,0.5608300566673279
220609_12,1,220609,A549,train,0.7353252551847796,0.6749883971591754,0.7749361277460067,0.8307976599574345,0.7647188305854797,0.7439742088317871
220609_13,1,220609,A549,train,0.7353252551847796,0.7091061613504688,0.8407614037419269,0.837980033460269,0.8393638134002686,0.7642066478729248
220609_14,1,220609,A549,test,0.7353252551847796,0.746144455242805,0.8383433145484659,0.7668574727164945,0.7110280394554138,0.485439270734787
220609_15,1,220609,A549,val,0.7353252551847796,0.6866242585865241,0.7511592637354951,0.7665273121381257,0.8813278675079346,0.842003345489502
220609_16,0,220609,A549,train,0.7353252551847796,0.7352908396010291,0.763270786410137,0.6832037495680388,0.7863323092460632,0.7772458791732788
220609_2,0,220609,CACO,train,0.3277060100091378,0.6417951750019588,0.7251767528724408,0.7473249895628021,0.5161511898040771,0.5293631553649902
220609_3,0,220609,CACO,train,0.3277060100091378,0.6643520177472672,0.6344213991096943,0.7600568804411948,0.7211223244667053,0.6673091053962708
220609_4,1,220609,CACO,test,0.3277060100091378,0.6551046941436369,0.8083900534836851,0.8919912191568735,0.6333354115486145,0.6236265897750854
220609_5,1,220609,CACO,test,0.3277060100091378,0.830113352867493,0.8970378448551016,0.8721490855816835,0.5693252086639404,0.6826146841049194
220609_6,1,220609,CACO,train,0.3277060100091378,0.7748584715148251,0.8155333331486225,0.8249809156933877,0.8268082737922668,0.5791835784912109
220609_7,1,220609,CACO,train,0.3277060100091378,0.7556038160289497,0.8396750695897568,0.7886091981919111,0.6942615509033203,0.5836212038993835
220609_8,0,220609,CACO,train,0.3277060100091378,0.7971508731314831,0.8473612563110372,0.6979031305263476,0.602279007434845,0.736684262752533
220609_9,1,220609,A549,test,0.7353252551847796,0.6587795278100641,0.5612480530606592,0.528574317457274,0.5402464270591736,0.581345796585083
220610_1,0,220610,CACO,train,0.4169961597596934,0.6841913164495016,0.5802952325164463,0.4724053052236438,0.5625615119934082,0.4636395573616028
220610_10,0,220610,CACO,val,0.4169961597596934,0.7797931128607188,0.9184767220189887,0.870297282890341,0.7762499451637268,0.6152976155281067
220610_11,1,220610,CACO,train,0.4169961597596934,0.7423446954500957,0.8639333588839078,0.6180689492262368,0.6589267253875732,0.691383957862854
220610_12,1,220610,CACO,val,0.4169961597596934,0.8055474447632637,0.9197161984562514,0.8118239660629188,0.6204676032066345,0.4787611663341522
220610_13,1,220610,A549,train,0.755930501568661,0.7991161466576424,0.8692701164471731,0.8396125050854859,0.8309124708175659,0.8182182312011719
220610_14,1,220610,A549,train,0.755930501568661,0.7587415446041716,0.9072470187876769,0.8557712739429061,0.8208755254745483,0.6893707513809204
220610_15,1,220610,A549,train,0.755930501568661,0.6908797221088241,0.8695685569418462,0.8535252859008142,0.8392460346221924,0.8155735731124878
220610_16,1,220610,A549,train,0.755930501568661,0.7753183217207966,0.7894258926209254,0.8469903704620629,0.7998126745223999,0.6834516525268555
220610_17,1,220610,A549,train,0.755930501568661,0.7576820493361605,0.8285533403083988,0.8552733928025634,0.8444327712059021,0.7672497630119324
220610_18,1,220610,A549,train,0.755930501568661,0.7892368539647928,0.875928463951281,0.872295544192985,0.720554530620575,0.6290074586868286
220610_19,1,220610,A549,train,0.755930501568661,0.8060244255120658,0.8564779806202972,0.839452427953395,0.7672287225723267,0.7681119441986084
220610_2,1,220610,CACO,train,0.4169961597596934,0.6393419927936578,0.7811320774516455,0.7330342947850985,0.7177026271820068,0.6457324624061584
220610_20,1,220610,A549,train,0.755930501568661,0.7952370067335165,0.7686569578593302,0.8646609460684113,0.7003242373466492,0.5565444231033325
220610_21,1,220610,A549,train,0.755930501568661,0.7462127228992065,0.8832450213542699,0.879921441624902,0.8182924389839172,0.7386350631713867
220610_22,0,220610,A549,train,0.755930501568661,0.6784625794862421,0.9041063264564425,0.8676916950894593,0.6727398037910461,0.5535184144973755
220610_23,0,220610,A549,train,0.755930501568661,0.7120229038775784,0.8217852505960387,0.8597045127237607,0.8173757791519165,0.679292619228363
220610_24,1,220610,A549,train,0.755930501568661,0.5128328143741376,0.6457868959901368,0.7439218092368065,0.24720095098018646,0.26181095838546753
220610_3,0,220610,CACO,train,0.4169961597596934,0.757745333044621,0.849510607524932,0.8181152227235148,0.35675278306007385,0.4221521019935608
220610_4,0,220610,CACO,train,0.4169961597596934,0.7131721168937553,0.7475320011867129,0.616545473683304,0.7201883792877197,0.753051221370697
220610_5,1,220610,CACO,train,0.4169961597596934,0.7550828940898995,0.8856722443186456,0.8439892177087707,0.6052687168121338,0.7316149473190308
220610_6,1,220610,CACO,train,0.4169961597596934,0.6184335392531972,0.8057058844825139,0.7744169451642453,0.8140795826911926,0.7823997735977173
220610_7,1,220610,CACO,train,0.4169961597596934,0.6612348269622043,0.6089029309366899,0.5415808921585511,0.360429584980011,0.6289142370223999
220610_8,1,220610,CACO,train,0.4169961597596934,0.6597245436867258,0.7078704052092641,0.7506016877840682,0.6989008784294128,0.8246576189994812
220610_9,1,220610,CACO,train,0.4169961597596934,0.5642232107747643,0.6052424938165675,0.6588283492235699,0.42484211921691895,0.7238519191741943
220611_1,1,220611,CACO,test,0.3585689303809049,0.8588425611063786,0.8731488628075308,0.698469040206579,0.8966755867004395,0.9313122630119324
220611_10,1,220611,CACO,train,0.3585689303809049,0.6665514745828328,0.41652536926085953,0.33841931281410126,0.651348888874054,0.7183669805526733
220611_11,0,220611,CACO,train,0.3585689303809049,0.6161381700586156,0.7744171287088898,0.4168102455160554,0.9211625456809998,0.846073567867279
220611_12,0,220611,CACO,train,0.3585689303809049,0.7656049318195459,0.8847242049175125,0.8309957495103261,0.7013922929763794,0.7299790978431702
220611_13,1,220611,A549,test,0.7611162830067056,0.700983380003581,0.6959483919985187,0.5829154641869193,0.5130620002746582,0.5556584000587463
220611_14,1,220611,A549,train,0.7611162830067056,0.7510758786794846,0.5831611320896029,0.5276788721197159,0.5707105398178101,0.7616389989852905
220611_15,1,220611,A549,test,0.7611162830067056,0.8199390165901089,0.8619498870087007,0.7867676937649216,0.3701745271682739,0.6384136080741882
220611_16,1,220611,A549,train,0.7611162830067056,0.7675902721704727,0.8650615926143218,0.8390740329304414,0.4953863024711609,0.609458863735199
220611_17,0,220611,A549,train,0.7611162830067056,0.8144652051178958,0.8786893506522174,0.8670438875862109,0.41608837246894836,0.33243870735168457
220611_18,1,220611,A549,test,0.7611162830067056,0.6872133360264078,0.6604176001655364,0.715904318558646,0.8290539979934692,0.8448531627655029
220611_19,1,220611,A549,train,0.7611162830067056,0.7702323896056008,0.7482832968231499,0.822866011118934,0.5647149085998535,0.5603572130203247
220611_2,1,220611,CACO,val,0.3585689303809049,0.7629315504463677,0.9033478040983557,0.6021713172050576,0.8105804324150085,0.8281910419464111
220611_20,1,220611,A549,train,0.7611162830067056,0.6613339631567761,0.8778130152454722,0.8560033784552951,0.682458758354187,0.7260729074478149
220611_21,1,220611,A549,train,0.7611162830067056,0.7552812255390928,0.8618078304060967,0.8306849662017182,0.45326685905456543,0.6242276430130005
220611_22,0,220611,A549,test,0.7611162830067056,0.7685044932746984,0.5909517573259709,0.5343349121994878,0.15578776597976685,0.6165659427642822
220611_23,1,220611,A549,train,0.7611162830067056,0.8169721497296961,0.8514121418667516,0.7854058896843242,0.5297006368637085,0.6372936367988586
220611_24,0,220611,A549,train,0.7611162830067056,0.8586999372965238,0.928832507934909,0.8294871971586436,0.1290498971939087,0.019189447164535522
220611_3,1,220611,CACO,train,0.3585689303809049,0.6753470245828608,0.9378259962596541,0.8170621273093993,0.818024754524231,0.8475160598754883
220611_4,1,220611,CACO,train,0.3585689303809049,0.8351404708307236,0.9060585046116812,0.7887226262228454,0.796692967414856,0.7708763480186462
220611_5,1,220611,CACO,test,0.3585689303809049,0.8193130686144942,0.8838967969474442,0.8682646710996479,0.8869583606719971,0.8471560478210449
220611_6,1,220611,CACO,val,0.3585689303809049,0.8515471414072157,0.9243244184606282,0.9114148926723502,0.6950942277908325,0.7853584885597229
220611_7,1,220611,CACO,train,0.3585689303809049,0.8110111474538699,0.8761814975154163,0.7871984719018789,0.7728721499443054,0.7622876167297363
220611_8,1,220611,CACO,train,0.3585689303809049,0.8746642677014135,0.9170447772174585,0.922166136970905,0.8366095423698425,0.8781851530075073
220611_9,0,220611,CACO,test,0.3585689303809049,0.7214398005278204,0.8788991292980124,0.8201295566927184,0.7823424339294434,0.6852157711982727
220612_1,1,220612,CACO,train,0.34330164845562006,0.6091344199356044,0.6591617528440091,0.731590217062462,0.7368358969688416,0.8658124804496765
220612_10,1,220612,CACO,train,0.34330164845562006,0.5226765076792058,0.4729392632707355,0.5228491429616657,0.446867436170578,0.745697021484375
220612_11,1,220612,CACO,train,0.34330164845562006,0.5045085049155825,0.3650272978752814,0.4018794253969208,0.7392448782920837,0.8475605845451355
220612_12,1,220612,CACO,train,0.34330164845562006,0.7806875037503921,0.8562821207327976,0.6296473757002676,0.7218285799026489,0.7553089261054993
220612_13,1,220612,A549,train,0.6569753857628309,0.8563165542652197,0.8937130246921771,0.8382134669059461,0.5244407653808594,0.6557832956314087
220612_14,1,220612,A549,train,0.6569753857628309,0.7831666008254233,0.8699892330707214,0.8299882106074938,0.24320557713508606,0.48693835735321045
220612_15,1,220612,A549,test,0.6569753857628309,0.8067555956674536,0.8745361114343622,0.8567466977662863,0.7948973178863525,0.8379908800125122
220612_16,1,220612,A549,train,0.6569753857628309,0.8888006107953256,0.8592384528179615,0.8037891772430616,0.8118104338645935,0.7709363698959351
220612_17,0,220612,A549,train,0.6569753857628309,0.8910682009908821,0.8834802919202426,0.8218631731968574,0.07064221054315567,0.17782334983348846
220612_18,0,220612,A549,val,0.6569753857628309,0.8655014626676534,0.8212877433424408,0.7419681367614398,0.6431068181991577,0.6890136003494263
220612_19,1,220612,A549,train,0.6569753857628309,0.8712282822193199,0.9279804444965827,0.904522712300659,0.4343814551830292,0.47138261795043945
220612_2,1,220612,CACO,train,0.34330164845562006,0.5848968736256535,0.6282095645275466,0.5878751006497865,0.5689728856086731,0.7019563913345337
220612_20,1,220612,A549,val,0.6569753857628309,0.8037815915407662,0.8241323088053961,0.8055943403175057,0.7131812572479248,0.7964641451835632
220612_21,1,220612,A549,train,0.6569753857628309,0.8594062806190422,0.8951586508118348,0.8719146844843616,0.8128425478935242,0.8295383453369141
220612_22,1,220612,A549,train,0.6569753857628309,0.8265326984474556,0.8294375961422606,0.7702989872738275,0.7738482356071472,0.7346907258033752
220612_23,1,220612,A549,train,0.6569753857628309,0.8142591624761457,0.8627863490054827,0.8031704307102885,0.5929110050201416,0.6900556683540344
220612_24,0,220612,A549,train,0.6569753857628309,0.8889939653749809,0.8905863583136638,0.7660622848353634,0.7604638338088989,0.8090687990188599
220612_3,0,220612,CACO,train,0.34330164845562006,0.6895805224283816,0.7617680100353844,0.6032296110126815,0.8142472505569458,0.8430904746055603
220612_4,1,220612,CACO,train,0.34330164845562006,0.7459339506332671,0.5778463659573063,0.6990545482380826,0.7863295674324036,0.8032049536705017
220612_5,1,220612,CACO,test,0.34330164845562006,0.6930736961149718,0.46017633973221805,0.5859638857948489,0.5783676505088806,0.8333778381347656
220612_6,1,220612,CACO,val,0.34330164845562006,0.7586517423979957,0.8409815142852016,0.8310502431835673,0.6223397254943848,0.7250254154205322
220612_7,1,220612,CACO,train,0.34330164845562006,0.8695432023684789,0.915361858501065,0.896027360819468,0.8668286800384521,0.8565515875816345
220612_8,1,220612,CACO,test,0.34330164845562006,0.8588276662597539,0.9048453807572246,0.8507712023175985,0.5943722724914551,0.6331364512443542
220612_9,1,220612,CACO,train,0.34330164845562006,0.7484488777227787,0.8722221665266673,0.8200885438572039,0.7829182147979736,0.8143776059150696
220620_1,1,220620,A549,val,0.6652548625963356,0.8133809022905388,0.8043642842333656,0.5688529823274088,0.6798729300498962,0.8983061909675598
220620_10,1,220620,A549,test,0.6652548625963356,0.8027722797081329,0.8738927992738477,0.790714152551065,0.5845982432365417,0.7175644040107727
220620_11,0,220620,A549,train,0.6652548625963356,0.2708362610683547,0.33307430322750775,0.36257710282956446,0.7609903216362,0.8762050867080688
220620_12,1,220620,A549,val,0.6652548625963356,0.6994298207294989,0.7215368798334165,0.46145544283953616,0.8767320513725281,0.9075757265090942
220620_2,1,220620,A549,train,0.6652548625963356,0.7868000165035023,0.7590934955776912,0.5129002007394642,0.7769483923912048,0.9017238616943359
220620_3,1,220620,A549,train,0.6652548625963356,0.7667826518996084,0.6798019410356935,0.5137575524077224,0.8291407823562622,0.8907037377357483
220620_4,1,220620,A549,val,0.6652548625963356,0.8025392588409708,0.932002822380532,0.8308228213616514,0.6190402507781982,0.6625177264213562
220620_5,1,220620,A549,train,0.6652548625963356,0.8044677964089697,0.8396171335263305,0.8158032590777949,0.8819605112075806,0.9431231617927551
220620_6,1,220620,A549,train,0.6652548625963356,0.7702832482521812,0.7730127244782155,0.5745012152193503,0.8277807235717773,0.9258977770805359
220620_7,1,220620,A549,test,0.6652548625963356,0.8092727100649467,0.7977538758412507,0.6411302435396133,0.8724595904350281,0.9307976365089417
220620_8,1,220620,A549,train,0.6652548625963356,0.7866723159215016,0.8547318337994902,0.7583470422757859,0.79189133644104,0.916836678981781
220620_9,1,220620,A549,train,0.6652548625963356,0.7812681787822471,0.7380503047377265,0.5816433400957858,0.7154961228370667,0.7331529259681702
220626_1,1,220626,HPMEC,train,0.7997576465159594,0.8673943310737481,0.6193192863995264,0.5011377208733336,0.6454059481620789,0.5741220712661743
220626_10,1,220626,HSAEC,test,0.7660432504011582,0.8997348941096088,0.921212833412744,0.9178126720509571,0.8349156379699707,0.8374238014221191
220626_11,1,220626,HSAEC,train,0.7660432504011582,0.8192186411109197,0.8012188783890443,0.8750281722969253,0.6802458167076111,0.6655884981155396
220626_12,1,220626,HSAEC,train,0.7660432504011582,0.8193669304653615,0.8648889093197104,0.8988655292762167,0.6946732401847839,0.7293639779090881
220626_13,1,220626,HSAEC,train,0.7660432504011582,0.9241139066747637,0.9070401790501337,0.9000019540166613,0.8253148198127747,0.8907666802406311
220626_14,1,220626,HSAEC,test,0.7660432504011582,0.8892544380898879,0.8897425251275334,0.9139235989303305,0.7994242310523987,0.8345763087272644
220626_15,1,220626,HSAEC,train,0.7660432504011582,0.8913574802781451,0.8565260726823637,0.8667840354179079,0.8407600522041321,0.873849093914032
220626_16,1,220626,HSAEC,val,0.7660432504011582,0.7772252123757453,0.7272456156983971,0.7538470148828599,0.7743813991546631,0.8354230523109436
220626_2,1,220626,HPMEC,train,0.7997576465159594,0.8827531115200117,0.7551231626758382,0.6128934037551436,0.7823766469955444,0.7746725082397461
220626_3,1,220626,HPMEC,val,0.7997576465159594,0.6119618432241688,0.8557927223097463,0.8770843904197106,0.3782312273979187,0.4637637436389923
220626_4,1,220626,HPMEC,train,0.7997576465159594,0.8241460035925792,0.5457730422425715,0.5055612599072014,0.3914234936237335,0.3292664885520935
220626_5,1,220626,HPMEC,train,0.7997576465159594,0.7168615362015821,0.4759473646607822,0.397222605038053,0.7042152285575867,0.6694750189781189
220626_6,1,220626,HPMEC,train,0.7997576465159594,0.6798555420481363,0.674084647669917,0.5531853809277626,0.28122249245643616,0.4457281231880188
220626_7,1,220626,HPMEC,test,0.7997576465159594,0.8100609008692596,0.4958545089241099,0.3919331487520683,0.5901626348495483,0.6465055346488953
220626_8,1,220626,HPMEC,train,0.7997576465159594,0.7909469791821204,0.41767168240596925,0.39421811144157215,0.5691705346107483,0.6415625810623169
220626_9,1,220626,HSAEC,train,0.7660432504011582,0.9008053812723896,0.9066913542712005,0.9146395294319926,0.8940631151199341,0.8605706691741943
220630_01,0,220630,HSAEC,test,0.49767026450991286,0.42455525175525627,0.434387897803417,0.570464365149796,0.2992933690547943,0.3004201352596283
220630_02,0,220630,HSAEC,test,0.49767026450991286,0.37703516051729286,0.42572739160128514,0.35987644249448875,0.3608074486255646,0.40310829877853394
220630_03,0,220630,HSAEC,train,0.49767026450991286,0.3567813679409218,0.48981768531922193,0.5532501615825813,0.49104204773902893,0.3591689467430115
220630_04,0,220630,HSAEC,train,0.49767026450991286,0.41599442226259453,0.5337523504291515,0.6303513020989836,0.35467833280563354,0.23428316414356232
220630_05,0,220630,HSAEC,test,0.49767026450991286,0.5602062856134495,0.43737849996967526,0.3020494935731216,0.7302041053771973,0.5711855292320251
220630_06,0,220630,HSAEC,train,0.49767026450991286,0.6110332676246284,0.3484982632279539,0.2175695808029946,0.7111524343490601,0.6347986459732056
220630_07,0,220630,HSAEC,train,0.49767026450991286,0.5880092392330348,0.3964434445668483,0.3127209868368424,0.45760735869407654,0.3992704451084137
220630_08,0,220630,HSAEC,test,0.49767026450991286,0.6448276143136612,0.331391154488681,0.2674038550270153,0.7284534573554993,0.5849567651748657
220630_09,0,220630,HSAEC,train,0.49767026450991286,0.5516466279201309,0.6009383320985917,0.5376758380441992,0.3779061436653137,0.3625166118144989
220630_10,1,220630,HSAEC,test,0.49767026450991286,0.623822692253465,0.6012056772394683,0.5580914776661703,0.5858491063117981,0.40439537167549133
220630_11,1,220630,HSAEC,train,0.49767026450991286,0.6231408631035107,0.7258532581042774,0.6671237250883022,0.6536638736724854,0.47623732686042786
220630_12,1,220630,HSAEC,train,0.49767026450991286,0.6978662598886417,0.48407837298003425,0.49895236628303363,0.6055426597595215,0.4166029989719391
220630_13,0,220630,HSAEC,train,0.49767026450991286,0.5420298681561773,0.6919746462587566,0.5643923878264676,0.8624165058135986,0.7215628623962402
220630_14,0,220630,HSAEC,train,0.49767026450991286,0.3724215750806364,0.46527827244389003,0.2796711978827255,0.3129643201828003,0.1789831519126892
220630_15,0,220630,HSAEC,train,0.49767026450991286,0.4961838042816864,0.3418341538106257,0.23213814260503618,0.7168605923652649,0.5956885814666748
220630_16,0,220630,HSAEC,train,0.49767026450991286,0.4897380158180854,0.46818534212492596,0.3192046908448415,0.5291155576705933,0.3867332637310028
220630_17,0,220630,HSAEC,train,0.49767026450991286,0.36517718564943563,0.5298029942798416,0.29988013100165734,0.6490216851234436,0.48326781392097473
220630_18,0,220630,HSAEC,val,0.49767026450991286,0.43308666361161485,0.6346088660209417,0.3308577603425536,0.74606853723526,0.5939547419548035
220630_19,0,220630,HSAEC,train,0.49767026450991286,0.46015169344046514,0.6408252781497021,0.3699652621458307,0.5703247785568237,0.4604572355747223
220706_1,0,220706,HSAEC,val,0.7290663894452205,0.7542821066502258,0.8727122732396253,0.8143139469612897,0.06256062537431717,0.05766967684030533
220706_10,1,220706,HSAEC,train,0.7290663894452205,0.6138048686934204,0.7549608720149336,0.5668530911184378,0.42351076006889343,0.3012627065181732
220706_2,0,220706,HSAEC,test,0.7290663894452205,0.7204945068760846,0.8443147024915557,0.78579304106144,0.23399406671524048,0.2967891991138458
220706_3,1,220706,HSAEC,train,0.7290663894452205,0.8113873763481373,0.6983385233596133,0.6806059974559242,0.524972140789032,0.4258652329444885
220706_4,0,220706,HSAEC,train,0.7290663894452205,0.7650166950663391,0.533924070567184,0.4256067230912006,0.6002075672149658,0.546267032623291
220706_5,0,220706,HSAEC,test,0.7290663894452205,0.7057856206635875,0.724013639106538,0.6063100040928533,0.7559130787849426,0.5216092467308044
220706_6,0,220706,HSAEC,train,0.7290663894452205,0.6879237221644081,0.8993419509916787,0.6158988773165194,0.6882739067077637,0.6202918291091919
220706_7,0,220706,HSAEC,train,0.7290663894452205,0.7547682551174506,0.6825164734709536,0.6278385435340705,0.4799956679344177,0.3884130120277405
220706_8,1,220706,HSAEC,train,0.7290663894452205,0.5280384666873646,0.660978265720985,0.3597907259157759,0.6159494519233704,0.40323472023010254
220706_9,1,220706,HSAEC,test,0.7290663894452205,0.6226449554077279,0.746718938598008,0.501948164373051,0.846537172794342,0.8133065700531006
220708_1,0,220708,HPMEC,train,0.8652257669082977,0.5448410572559349,0.4091754540668523,0.7364727959268196,0.4725938141345978,0.476917028427124
220708_10,0,220708,HSAEC,train,0.7908314134038299,0.7845196350916122,0.6299863490311812,0.9593726397212077,0.43461766839027405,0.501693069934845
220708_11,0,220708,HSAEC,test,0.7908314134038299,0.8707149938264099,0.7545821636736917,0.9473704128557812,0.7190632820129395,0.783359169960022
220708_12,0,220708,HSAEC,test,0.7908314134038299,0.8203599450816249,0.5994845062951693,0.9170966788750461,0.7791625261306763,0.84522944688797
220708_13,0,220708,HSAEC,train,0.7908314134038299,0.8605843492853068,0.53413167026267,0.9378901114299771,0.8358186483383179,0.8558641076087952
220708_2,0,220708,HPMEC,train,0.8652257669082977,0.31067240007240127,0.2646089145749533,0.44037973419660387,0.5768995881080627,0.39522746205329895
220708_3,1,220708,HPMEC,train,0.8652257669082977,0.5431742211010806,0.2892960868409445,0.7552059587297528,0.6241376399993896,0.651631236076355
220708_4,1,220708,HPMEC,test,0.8652257669082977,0.48917215356142474,0.35760986120821453,0.7385241411592373,0.6334158778190613,0.6070083975791931
220708_5,1,220708,HPMEC,train,0.8652257669082977,0.8398730706112648,0.835386451547801,0.8729398209071221,0.7500553727149963,0.816846489906311
220708_6,1,220708,HPMEC,test,0.8652257669082977,0.6531726780905497,0.3806633002144129,0.8246521284629842,0.6281585097312927,0.6102445125579834
220708_7,1,220708,HPMEC,test,0.8652257669082977,0.5633395550982807,0.31379322448593955,0.711303626197368,0.42461958527565,0.5299685001373291
220708_8,1,220708,HSAEC,test,0.7908314134038299,0.8060768941893892,0.4814899838231323,0.9281006354377609,0.750754177570343,0.7308005690574646
220708_9,1,220708,HSAEC,train,0.7908314134038299,0.6256384786292111,0.236264119982054,0.8187565387432775,0.6218047142028809,0.5893828868865967
220715_1,1,220715,HPMEC,test,0.9438941460654575,0.6480788409013213,0.6234393433917662,0.8876989373168537,0.5459519624710083,0.4037388563156128
220715_10,1,220715,HPMEC,train,0.9438941460654575,0.6718151289202152,0.809327384804662,0.9203697860898614,0.6611776947975159,0.5371153950691223
220715_11,1,220715,HPMEC,train,0.9438941460654575,0.7237352443424357,0.6179757175584284,0.9051267998506803,0.7559977173805237,0.7550009489059448
220715_12,1,220715,HPMEC,train,0.9438941460654575,0.5391854739825005,0.4721579026008282,0.8126723623744447,0.6049535870552063,0.7141321301460266
220715_13,1,220715,HSAEC,train,0.8240519953645906,0.6564780284561015,0.8800826888357153,0.9437415100758261,0.2895749807357788,0.47718480229377747
220715_14,1,220715,HSAEC,train,0.8240519953645906,0.7020510256438016,0.8275733130879351,0.9390296277392781,0.4423743188381195,0.38407063484191895
220715_15,1,220715,HSAEC,train,0.8240519953645906,0.5900630453480415,0.8308867521351458,0.9453298252779967,0.14841283857822418,0.29325926303863525
220715_2,1,220715,HPMEC,train,0.9438941460654575,0.5887559073556429,0.6051639066505013,0.820060173968889,0.2839336395263672,0.5132413506507874
220715_3,1,220715,HPMEC,val,0.9438941460654575,0.8247264917041309,0.5449234560456949,0.7915946230684244,0.8388552665710449,0.7974990606307983
220715_4,1,220715,HPMEC,train,0.9438941460654575,0.47388387699570383,0.1755265961355309,0.662269082163461,0.10968388617038727,0.36952462792396545
220715_5,1,220715,HPMEC,train,0.9438941460654575,0.5136144782750447,0.4995924204518553,0.8442640005714352,0.49166837334632874,0.6568718552589417
220715_6,1,220715,HPMEC,train,0.9438941460654575,0.5108985649108695,0.5104765178077996,0.8990373132174223,0.5169369578361511,0.6769248247146606
220715_7,0,220715,HPMEC,train,0.9438941460654575,0.37775178368812573,0.18802865718125453,0.6622077322855866,0.23340268433094025,0.22677184641361237
220715_8,0,220715,HPMEC,train,0.9438941460654575,0.750762359512308,0.7944272037513953,0.9034753428646337,0.6377904415130615,0.7222326993942261
220715_9,0,220715,HPMEC,train,0.9438941460654575,0.6572583052632543,0.6055203336727146,0.8918486531445401,0.13296958804130554,0.431098610162735
220716_1,1,220716,HSAEC,train,0.64902636199702,0.6372719853985106,0.6411864491296272,0.3728591155951727,0.5677549839019775,0.41094449162483215
220716_2,1,220716,HSAEC,train,0.64902636199702,0.7045904120147843,0.4427638163359969,0.4276781694579695,0.5131046772003174,0.5516949892044067
220716_3,1,220716,HSAEC,train,0.64902636199702,0.8229719222072389,0.9240291937159795,0.7628458929437553,0.7786718606948853,0.756464421749115
220716_4,1,220716,HSAEC,train,0.64902636199702,0.7066653430572779,0.6224163886564311,0.6120608380595084,0.6281242966651917,0.6765148639678955
220716_5,1,220716,HSAEC,val,0.64902636199702,0.7102017043570982,0.6271856298705029,0.6008947806691711,0.521336019039154,0.6180436611175537
220716_6,1,220716,HSAEC,train,0.64902636199702,0.6618693113754625,0.5421564400684399,0.6117934426637569,0.5791496634483337,0.6911118626594543
220716_7,1,220716,HSAEC,train,0.64902636199702,0.7638706453525934,0.7894603217453399,0.6350678019206921,0.6343960165977478,0.6721106767654419
220716_8,1,220716,HSAEC,test,0.64902636199702,0.7132002484629938,0.619044246846951,0.41858630973730954,0.632343590259552,0.5875524878501892
220716_9,1,220716,HSAEC,test,0.64902636199702,0.7577621113441976,0.5918873818985374,0.5228712070225723,0.28641921281814575,0.3889542818069458
220718_1,0,220718,HSAEC,train,0.5170876861702911,0.7487312397196114,0.8067880972859778,0.6367972699806902,0.26134103536605835,0.3658577799797058
220718_2,0,220718,HSAEC,val,0.5170876861702911,0.6120189771093447,0.76155240699769,0.6674315780476306,0.28674542903900146,0.4093565344810486
220718_3,0,220718,HSAEC,test,0.5170876861702911,0.5001614377781621,0.6617845577667713,0.5944791460980902,0.339958131313324,0.4345763027667999
220718_4,0,220718,HSAEC,test,0.5170876861702911,0.6036661392304191,0.8075830545662919,0.49780694378092916,0.44497618079185486,0.35214903950691223
220718_5,0,220718,HSAEC,train,0.5170876861702911,0.6274628864577897,0.6429410052081853,0.5399693914958303,0.47516971826553345,0.32722270488739014
220718_6,0,220718,HSAEC,test,0.5170876861702911,0.4394607066150847,0.6304770838062558,0.3729559037778751,0.759033203125,0.6112724542617798
220718_7,0,220718,HSAEC,train,0.5170876861702911,0.668138269495387,0.8355810668875053,0.8080859914052607,0.41597771644592285,0.4040183126926422
220718_8,0,220718,HSAEC,train,0.5170876861702911,0.6270715659422689,0.8660277275795923,0.8162034919451109,0.3669133484363556,0.11812794208526611
220718_9,0,220718,HSAEC,train,0.5170876861702911,0.5639238180131065,0.8239242952378047,0.7908071473229984,0.2840094566345215,0.1335953325033188
220721_1,0,220721,HSAEC,train,0.5686068916121538,0.5835916821042979,0.8239765288774595,0.37534685105551274,0.37366604804992676,0.5115114450454712
220721_2,0,220721,HSAEC,test,0.5686068916121538,0.34594117658963036,0.33948725646802985,0.08485417091474644,0.7417780756950378,0.7685747742652893
220721_3,0,220721,HSAEC,train,0.5686068916121538,0.36167185871498586,0.34155937802089453,0.21211530192367317,0.27834922075271606,0.3798997104167938
220721_4,0,220721,HSAEC,train,0.5686068916121538,0.5025020491915289,0.6502989827580947,0.30589598165888277,0.4677335321903229,0.3454076647758484
220721_5,0,220721,HSAEC,train,0.5686068916121538,0.505478189549035,0.5436444271719852,0.21603488547071792,0.557783305644989,0.5583686828613281
220721_6,0,220721,HSAEC,train,0.5686068916121538,0.34077055409905854,0.28381701567747847,0.08296037288094166,0.5717397332191467,0.5683944225311279
220722_1,0,220722,HSAEC,train,0.608405633109831,0.811003181993699,0.8345226186379036,0.7322855758340155,0.5864798426628113,0.40680384635925293
220722_2,0,220722,HSAEC,train,0.608405633109831,0.6758237143923082,0.8084964988857026,0.6860789199305943,0.18964223563671112,0.18062123656272888
220722_3,0,220722,HSAEC,train,0.608405633109831,0.7109784677263888,0.6066362335732278,0.3364927341775066,0.6446497440338135,0.5162438750267029
220722_4,0,220722,HSAEC,train,0.608405633109831,0.7749407276702225,0.8189185052465039,0.5893584066802181,0.654984176158905,0.6053653359413147
220722_5,0,220722,HSAEC,train,0.608405633109831,0.628170943438785,0.6974745407600859,0.6777689515088848,0.5459076762199402,0.698326826095581
220722_6,0,220722,HSAEC,train,0.608405633109831,0.803821186924389,0.7757458492730209,0.6087145484310669,0.8286613821983337,0.7811449766159058
220722_7,1,220722,HSAEC,test,0.608405633109831,0.8442910165883687,0.8789421927419482,0.7368604324702,0.5354112386703491,0.33898141980171204
220722_8,1,220722,HSAEC,train,0.608405633109831,0.7717684238367211,0.8137095808586786,0.7153535878322264,0.6404345035552979,0.6517065167427063
220722_9,1,220722,HSAEC,train,0.608405633109831,0.6242584165358144,0.8144613233406619,0.7062626162937921,0.7301173806190491,0.7391095161437988
220724_1,0,220724,HSAEC,test,0.6691631206402929,0.8577217907953305,0.7918944302296598,0.7563757662102609,0.44462206959724426,0.4806617498397827
220724_2,1,220724,HSAEC,train,0.6691631206402929,0.8493208731650417,0.7255396403830906,0.662332183174383,0.638873279094696,0.5517342686653137
220724_3,0,220724,HSAEC,train,0.6691631206402929,0.872238806022609,0.7844523705409074,0.6897302355703919,0.5315319299697876,0.5320035219192505
220724_4,0,220724,HSAEC,train,0.6691631206402929,0.8892601500059781,0.7617085326391098,0.7508772130773959,0.5943827629089355,0.5769944190979004
220724_5,0,220724,HSAEC,train,0.6691631206402929,0.9096068939605108,0.7608439191209291,0.8052664014935256,0.3450249433517456,0.29659852385520935
220724_6,0,220724,HSAEC,val,0.6691631206402929,0.8484524656458072,0.8579806519836656,0.6420483194760098,0.6232324838638306,0.5382509827613831
220724_7,0,220724,HSAEC,train,0.6691631206402929,0.7914400012369182,0.691083849469466,0.5171422278268558,0.5937947034835815,0.5880275368690491
220724_8,0,220724,HSAEC,val,0.6691631206402929,0.9121492694499176,0.8049570662990191,0.52888585124341,0.68476402759552,0.6231724619865417
220724_9,0,220724,HSAEC,train,0.6691631206402929,0.8085218303091535,0.8649652323109001,0.7046066068144546,0.4528193175792694,0.3568022549152374
221010_1,1,221010,HPMEC,train,0.9383463883150528,0.7724723654371913,0.8339879993540054,0.8914504990864087,0.9568480849266052,0.9491873383522034
221010_10,1,221010,HPMEC,train,0.9383463883150528,0.8902635851680797,0.8348054802368953,0.9096895963297132,0.9708768725395203,0.938157856464386
221010_11,1,221010,HPMEC,train,0.9383463883150528,0.6892989980051178,0.906124010774759,0.91962522547337,0.9732205271720886,0.9467439651489258
221010_12,1,221010,HPMEC,test,0.9383463883150528,0.6619302452363404,0.8959434940718688,0.9353573632676266,0.9549122452735901,0.9367167949676514
221010_13,1,221010,HPMEC,train,0.9294298841420023,0.5393742850250588,0.8315032978451836,0.8695352940444895,0.8303923606872559,0.8632385730743408
221010_14,1,221010,HPMEC,train,0.9294298841420023,0.8016005414119162,0.8870479440641391,0.9081213477886585,0.9742732048034668,0.9752821922302246
221010_15,1,221010,HPMEC,train,0.9294298841420023,0.5934202740473077,0.8432414290343718,0.8403992858788597,0.8734192252159119,0.8777043223381042
221010_16,1,221010,HPMEC,test,0.9294298841420023,0.49895211818223667,0.7994972457690537,0.7284269222137891,0.8412237167358398,0.8285510540008545
221010_17,0,221010,HSAEC,train,0.7517713956248,0.7942510962070509,0.916394351351219,0.963485409613523,0.9003782272338867,0.9132906198501587
221010_18,0,221010,HSAEC,train,0.7517713956248,0.7838050908096361,0.9317514161312047,0.9552418081052825,0.7962204813957214,0.806662380695343
221010_19,0,221010,HSAEC,train,0.7517713956248,0.7356090246863957,0.9603369340521541,0.9666071885718609,0.7771323919296265,0.8575867414474487
221010_2,1,221010,HPMEC,test,0.9383463883150528,0.9378537760159167,0.9114420205223143,0.9294955776627826,0.9743515849113464,0.9402769804000854
221010_20,1,221010,HSAEC,test,0.7517713956248,0.6349271723529049,0.7277792194382748,0.8167880818146467,0.6817958950996399,0.6940593719482422
221010_21,1,221010,HSAEC,train,0.7517713956248,0.8039006386939345,0.8059008323911808,0.8019279433989593,0.9133484959602356,0.8960091471672058
221010_22,1,221010,HSAEC,train,0.7517713956248,0.6821519684762338,0.7337650205356164,0.841061761904839,0.9261132478713989,0.9242703318595886
221010_23,1,221010,HSAEC,test,0.7517713956248,0.6665290998269334,0.7543250896008874,0.8827061052172562,0.8437351584434509,0.8967270255088806
221010_24,1,221010,HSAEC,train,0.7517713956248,0.6594755065694832,0.6734423960811665,0.779640669610326,0.5547364354133606,0.5814721584320068
221010_25,1,221010,HSAEC,val,0.7517713956248,0.6023954502505586,0.6826372366337281,0.8203777657948864,0.851912260055542,0.8885277509689331
221010_26,1,221010,HSAEC,train,0.7517713956248,0.7043674327485042,0.9176175904505738,0.9321732788110086,0.9787761569023132,0.9831442832946777
221010_27,1,221010,HSAEC,test,0.7517713956248,0.8049110735839617,0.9510396843519774,0.9598107188833817,0.9274889826774597,0.86623215675354
221010_28,0,221010,HSAEC,test,0.7517713956248,0.5508792205098483,0.8635147125922663,0.8650341926858637,0.9560062885284424,0.9524661898612976
221010_29,1,221010,HPMEC,train,0.9383463883150528,0.9059218590434467,0.8896018072226964,0.9316081507559388,0.9729035496711731,0.9376813769340515
221010_3,1,221010,HPMEC,train,0.9383463883150528,0.8896597049263425,0.8978011106065774,0.9320337981057194,0.965387225151062,0.9344707131385803
221010_30,0,221010,HPMEC,train,0.9383463883150528,0.7018983149558141,0.911788722829847,0.9471803426575226,0.8151386976242065,0.7859763503074646
221010_31,0,221010,HPMEC,train,0.9383463883150528,0.7424290977024471,0.9214114755351293,0.9442642902540507,0.9179666638374329,0.9122203588485718
221010_32,0,221010,HPMEC,train,0.9383463883150528,0.8848004932500013,0.85715110298433,0.8707919317315355,0.9531249403953552,0.9242729544639587
221010_33,0,221010,HPMEC,val,0.9383463883150528,0.6547013359295242,0.9272584184660876,0.9448191802157302,0.9258556962013245,0.9341620802879333
221010_34,0,221010,HPMEC,train,0.9383463883150528,0.8642411139998405,0.85602264363436,0.9177436807362694,0.9736558794975281,0.9347912073135376
221010_35,0,221010,HPMEC,train,0.9383463883150528,0.8133935393505562,0.8194942289900446,0.8804782318886445,0.9271243214607239,0.8798520565032959
221010_36,0,221010,HPMEC,train,0.9383463883150528,0.8410356791641287,0.7472238560247814,0.845667906100616,0.9753245115280151,0.9360475540161133
221010_37,0,221010,HPMEC,train,0.9383463883150528,0.8785126558546477,0.7850731567456682,0.8578231168567055,0.964621365070343,0.9445927739143372
221010_38,0,221010,HPMEC,train,0.9383463883150528,0.8773429226108541,0.7787628319478279,0.8743699575166889,0.9662351608276367,0.9295657873153687
221010_39,0,221010,HPMEC,train,0.9383463883150528,0.8310724736554579,0.7937580455333051,0.890488186619751,0.9190632104873657,0.8969229459762573
221010_4,1,221010,HPMEC,train,0.9383463883150528,0.8665237065557692,0.8743909530477783,0.9086261127879005,0.9551679491996765,0.8843418955802917
221010_40,0,221010,HPMEC,test,0.9383463883150528,0.8484218068477264,0.7615224064355037,0.8885598208397923,0.9427157640457153,0.9151183366775513
221010_41,1,221010,HPMEC,train,0.9294298841420023,0.7419383455813959,0.9285935676043031,0.9449412162904881,0.9248543977737427,0.8404501080513
221010_42,1,221010,HPMEC,test,0.9294298841420023,0.7247025380745576,0.9081941603221861,0.9194740441876176,0.9732593297958374,0.9686383008956909
221010_43,0,221010,HPMEC,train,0.9294298841420023,0.61347790860634,0.8430757890269902,0.8819350116941366,0.9578161239624023,0.9467318058013916
221010_44,1,221010,HPMEC,train,0.9294298841420023,0.6921380080415193,0.8928597614789209,0.916562177636707,0.9659220576286316,0.8876274228096008
221010_45,1,221010,HPMEC,train,0.9294298841420023,0.7222479238051576,0.9018506371956966,0.9040295334817114,0.9450426697731018,0.9296663403511047
221010_46,1,221010,HSAEC,train,0.7517713956248,0.8695241287976295,0.9087435338315208,0.9253928377668346,0.9071571230888367,0.9452176094055176
221010_47,1,221010,HSAEC,test,0.7517713956248,0.8734894385579794,0.9206126103622765,0.9207622596339449,0.8967506289482117,0.9177071452140808
221010_48,1,221010,HSAEC,train,0.7517713956248,0.8547559220575529,0.9199043982477056,0.9281834158249359,0.8881098628044128,0.9051845073699951
221010_49,1,221010,HSAEC,test,0.7517713956248,0.7499158892777864,0.8775765787385913,0.8826712035614788,0.9157847762107849,0.912505567073822
221010_5,1,221010,HPMEC,test,0.9383463883150528,0.9016007057409803,0.9298477085641297,0.9484462089560994,0.9298974871635437,0.8762224912643433
221010_50,1,221010,HSAEC,val,0.7517713956248,0.8225351793995174,0.8548269180691062,0.8783673230153127,0.9471478462219238,0.9545965790748596
221010_51,1,221010,HSAEC,train,0.7517713956248,0.6516431058946933,0.7751201909485679,0.8827995604378165,0.8017393350601196,0.7106008529663086
221010_52,1,221010,HSAEC,train,0.7517713956248,0.7077815781639518,0.8710583921798161,0.8828876403505138,0.90865159034729,0.8272785544395447
221010_53,1,221010,HSAEC,train,0.7517713956248,0.675453299708482,0.8293829493664947,0.8966068751541869,0.7571465373039246,0.5844424962997437
221010_54,1,221010,HSAEC,train,0.7517713956248,0.6078380247852804,0.6867378434013396,0.81547268936258,0.8556151986122131,0.8539329767227173
221010_55,1,221010,HSAEC,val,0.7517713956248,0.703116960702427,0.716219306909876,0.8037529051515491,0.7975252866744995,0.7714475989341736
221010_56,1,221010,HSAEC,train,0.7517713956248,0.7931168425011796,0.8475648911605616,0.8574949568762075,0.9405554533004761,0.9296520948410034
221010_57,0,221010,HSAEC,train,0.7517713956248,0.5877497768610098,0.8006976616803282,0.9377361685821277,0.9156815409660339,0.8790088891983032
221010_58,1,221010,HPMEC,train,0.9383463883150528,0.8693197237443272,0.8747852924401588,0.9206932774005071,0.948867678642273,0.907412052154541
221010_59,0,221010,HPMEC,test,0.9383463883150528,0.8426655803061724,0.8747525200870446,0.9188813400475294,0.9691976308822632,0.9635980725288391
221010_6,1,221010,HPMEC,train,0.9383463883150528,0.8955201062757406,0.959728954889598,0.9716034815744803,0.972165584564209,0.9386482238769531
221010_60,1,221010,HPMEC,train,0.9383463883150528,0.40912646758504134,0.7797802925448254,0.9125622831042104,0.9387362599372864,0.9023182988166809
221010_61,1,221010,HPMEC,train,0.9383463883150528,0.5318594977985822,0.8772575528044326,0.9396234779804845,0.9150353670120239,0.9476116299629211
221010_62,1,221010,HPMEC,train,0.9383463883150528,0.5402840517649469,0.8383311681214216,0.9255886451284371,0.9284063577651978,0.9269839525222778
221010_63,1,221010,HPMEC,train,0.9383463883150528,0.7071609070845468,0.8202661624010683,0.8910041052147682,0.9137675166130066,0.8710896968841553
221010_64,1,221010,HPMEC,train,0.9383463883150528,0.8472467901475038,0.7480863412509653,0.8756114742005948,0.9624598026275635,0.9286909103393555
221010_65,1,221010,HPMEC,train,0.9383463883150528,0.4552667594747547,0.8551050295793076,0.9370205165225425,0.9341055750846863,0.9096653461456299
221010_66,1,221010,HPMEC,train,0.9383463883150528,0.869031083126196,0.8602440183388128,0.9251158415147316,0.9553165435791016,0.920805811882019
221010_67,1,221010,HUVEC,val,0.3821574280796056,0.7493276566297082,0.9241599757045494,0.8634537302824432,0.907942533493042,0.8547347784042358
221010_68,1,221010,HUVEC,test,0.3821574280796056,0.7238774053840302,0.9203690747708473,0.8253304102258697,0.9431735277175903,0.8916866183280945
221010_69,1,221010,HUVEC,train,0.3821574280796056,0.7502068533458963,0.9274691860915687,0.8490634691613416,0.7625533938407898,0.7403632998466492
221010_7,1,221010,HPMEC,train,0.9383463883150528,0.8224768889719871,0.8742803501621871,0.931836845139416,0.925026535987854,0.9019157290458679
221010_70,1,221010,HUVEC,train,0.3821574280796056,0.7603760920049851,0.8463120194807184,0.7709023410654682,0.9485893249511719,0.9511029124259949
221010_71,1,221010,HUVEC,test,0.3821574280796056,0.8347308413610662,0.8957112569989055,0.835740085572213,0.921859085559845,0.9109165668487549
221010_72,1,221010,HUVEC,train,0.3821574280796056,0.7920591814357512,0.8134382170480565,0.756351729145454,0.9313679933547974,0.9391340017318726
221010_73,1,221010,HUVEC,train,0.3821574280796056,0.8752701685109343,0.8600053472358749,0.7706949428840159,0.9607319831848145,0.9319798350334167
221010_74,1,221010,HUVEC,train,0.3821574280796056,0.5278941241886005,0.8074702114767559,0.6757924139015752,0.8833361864089966,0.7554054260253906
221010_75,1,221010,HUVEC,test,0.3821574280796056,0.7275531135235233,0.838329725968275,0.758177462315334,0.9760525226593018,0.9427682757377625
221010_76,1,221010,HPMEC,train,0.9294298841420023,0.7693796707741422,0.8429018614504815,0.8793683540621642,0.9296205639839172,0.9134824275970459
221010_77,1,221010,HPMEC,test,0.9294298841420023,0.7108260397266457,0.8750574453413555,0.8781242985943748,0.9543458223342896,0.9150148034095764
221010_78,1,221010,HPMEC,train,0.9294298841420023,0.7433463077701994,0.8820277396832071,0.895165424104258,0.9524311423301697,0.910921037197113
221010_79,1,221010,HUVEC,train,0.34863973114584784,0.7660378101145521,0.8793771019981674,0.5216242421323545,0.9280820488929749,0.8891846537590027
221010_8,1,221010,HPMEC,val,0.9383463883150528,0.4942249232773414,0.5553429618270935,0.8204018512425212,0.8141372203826904,0.7983948588371277
221010_80,1,221010,HUVEC,train,0.34863973114584784,0.6308219558348238,0.878596117143371,0.551252863504566,0.7434773445129395,0.7905677556991577
221010_81,1,221010,HUVEC,train,0.34863973114584784,0.8112442405352387,0.9121154519577429,0.5211292392808136,0.9906999468803406,0.9776632785797119
221010_82,1,221010,A549,test,0.8358831019077363,0.9079854286718589,0.9009880188530732,0.8983673441332284,0.9271592497825623,0.9239524006843567
221010_83,1,221010,A549,test,0.8358831019077363,0.6820671667447585,0.7183672817496902,0.8594467280645011,0.957632839679718,0.9727270007133484
221010_84,1,221010,A549,test,0.8358831019077363,0.8574145506887888,0.7388113847144709,0.8432260181433056,0.981995701789856,0.9616997838020325
221010_85,1,221010,A549,train,0.8358831019077363,0.9390718976148598,0.8432642550074972,0.8953599565866064,0.9654905796051025,0.9693928360939026
221010_86,1,221010,A549,train,0.8358831019077363,0.9094814909414006,0.6536792432389202,0.7344648303397235,0.8113951683044434,0.9041360020637512
221010_87,1,221010,A549,train,0.8358831019077363,0.7730825071659722,0.6164761978294494,0.7755545645202663,0.737720251083374,0.762259304523468
221010_88,1,221010,A549,train,0.8358831019077363,0.8384187156106848,0.828245684441854,0.8779538907364328,0.9282365441322327,0.9368216395378113
221010_89,1,221010,A549,train,0.8358831019077363,0.7103915542850567,0.6767090111233949,0.8962541609833761,0.9558314085006714,0.9515945911407471
221010_9,1,221010,HPMEC,test,0.9383463883150528,0.469663142389261,0.7349886367346419,0.8810024849172827,0.7584511637687683,0.726425290107727
221010_90,1,221010,A549,train,0.8358831019077363,0.9186644519550612,0.8915712795781752,0.8910894548564681,0.6741413474082947,0.7389047145843506
221010_91,1,221010,A549,train,0.8358831019077363,0.9027129641064816,0.657035525914184,0.7745518928104911,0.8322075605392456,0.8906998634338379
221010_92,1,221010,A549,train,0.8358831019077363,0.660277562130657,0.9276155587097908,0.9624715973691599,0.6838715076446533,0.6075794696807861
221010_93,1,221010,A549,train,0.8358831019077363,0.8479688347631482,0.7851996583619825,0.8405249038070993,0.8655233383178711,0.8837653398513794
221010_94,1,221010,A549,train,0.8358831019077363,0.6993706872471976,0.8219493366783176,0.8372666047928143,0.9137516021728516,0.9323480725288391
221010_95,1,221010,A549,train,0.8358831019077363,0.8373051589958437,0.8134360470648191,0.8983212631941822,0.8753734827041626,0.8396987318992615
221010_96,1,221010,A549,test,0.8358831019077363,0.8911318426583116,0.9422544076198623,0.9288276338077445,0.7237874269485474,0.7347630858421326
221010_97,1,221010,A549,test,0.8358831019077363,0.9046667087439446,0.9157802018636054,0.8932299554589016,0.7914896607398987,0.7762953042984009
221010_98,1,221010,A549,train,0.8358831019077363,0.8917368945770321,0.7070675238535652,0.8352816411466517,0.812041163444519,0.900227963924408
221010_99,1,221010,A549,test,0.8358831019077363,0.6973506422667474,0.8132202459618664,0.8686086911520609,0.9550848603248596,0.9373927712440491
221012_1,1,221012,HSAEC,val,0.4620572615062245,0.9361820239105427,0.8817879764840904,0.8651863503139063,0.8630557060241699,0.8860659599304199
221012_10,1,221012,HSAEC,train,0.4620572615062245,0.9522683439626219,0.9094141692499047,0.8513439142855607,0.5735618472099304,0.6559147238731384
221012_11,1,221012,HSAEC,test,0.4620572615062245,0.9088518767211925,0.910953106800613,0.8508597803517238,0.7407266497612,0.73331218957901
221012_12,1,221012,HSAEC,train,0.4620572615062245,0.9583026271636436,0.940679445890685,0.7654600137851018,0.7413774132728577,0.8342259526252747
221012_13,1,221012,HSAEC,train,0.4620572615062245,0.9572725806545148,0.9000139875215217,0.6854852937229203,0.7492176294326782,0.7061648964881897
221012_14,1,221012,HSAEC,train,0.4620572615062245,0.6907784898323595,0.8049095856275544,0.4951107957877362,0.36240315437316895,0.3649103045463562
221012_15,1,221012,HSAEC,train,0.4620572615062245,0.8429178588515283,0.8791788720419443,0.48288227076061296,0.4615878164768219,0.5088341236114502
221012_16,1,221012,HSAEC,val,0.4620572615062245,0.936069455523169,0.8194706796681488,0.7698206792814224,0.7533258199691772,0.8245372772216797
221012_17,1,221012,HSAEC,train,0.4620572615062245,0.9356023638652564,0.8686933044010828,0.7746139673494874,0.7216460108757019,0.7308734655380249
221012_18,1,221012,HSAEC,test,0.4620572615062245,0.9266114868555174,0.8484703254907656,0.6790069328418992,0.6751226186752319,0.7014663219451904
221012_19,1,221012,HSAEC,train,0.4620572615062245,0.8483131752111058,0.7925198206903196,0.6920180929789891,0.7738603353500366,0.7285052537918091
221012_2,1,221012,HSAEC,test,0.4620572615062245,0.9510393903965527,0.8968693723388407,0.8256728630273517,0.8197003602981567,0.8713706135749817
221012_20,1,221012,HSAEC,train,0.4620572615062245,0.9415309501800605,0.8195790967458618,0.5658827063425234,0.6956182718276978,0.6959511041641235
221012_21,1,221012,HSAEC,train,0.4620572615062245,0.9192127050133042,0.8068829949380236,0.7029471391510383,0.6917149424552917,0.7565301656723022
221012_22,1,221012,HSAEC,train,0.4620572615062245,0.9260684729461899,0.8788673975039802,0.83311148856414,0.8167354464530945,0.8626640439033508
221012_23,1,221012,HSAEC,train,0.4620572615062245,0.9377686778613293,0.8260552018862379,0.7644530403430428,0.7678977847099304,0.8538160920143127
221012_24,1,221012,HSAEC,train,0.4620572615062245,0.852805655328943,0.8913396748067041,0.7525144186760746,0.7245253324508667,0.7045667171478271
221012_3,1,221012,HSAEC,test,0.4620572615062245,0.966951811496155,0.9419324976954428,0.6984637095313009,0.8524091839790344,0.883716881275177
221012_4,1,221012,HSAEC,train,0.4620572615062245,0.921095826709579,0.9063521601101019,0.7682930071751254,0.7415907979011536,0.6935732364654541
221012_5,1,221012,HSAEC,test,0.4620572615062245,0.9316110230475892,0.6919469431364907,0.611426010583754,0.6342858672142029,0.6918050050735474
221012_6,1,221012,HSAEC,train,0.4620572615062245,0.9466775828171027,0.9279548802202618,0.7893997102615512,0.3798159658908844,0.49535319209098816
221012_7,1,221012,HSAEC,train,0.4620572615062245,0.9078948703154767,0.8311324168558907,0.7955544676753086,0.5815780758857727,0.6324834823608398
221012_8,1,221012,HSAEC,train,0.4620572615062245,0.8832636749333513,0.7766519433274488,0.7830908104820993,0.6084985733032227,0.541579008102417
221012_9,1,221012,HSAEC,train,0.4620572615062245,0.9203168321728425,0.8168096350710383,0.720147079498707,0.5784976482391357,0.5717155337333679
221123_1,0,221123,A549,test,0.7811603548964885,0.6873663360386697,0.9155909513946935,0.8459981072768522,0.7140814065933228,0.7922630310058594
221123_10,0,221123,A549,train,0.7811603548964885,0.6754860971956563,0.8559349275731399,0.8485449953775779,0.5741720795631409,0.6855553984642029
221123_11,0,221123,A549,train,0.7811603548964885,0.7685198881575939,0.6448162339087501,0.7837398937872798,0.5452103614807129,0.667603611946106
221123_12,0,221123,A549,train,0.7811603548964885,0.5953015268703488,0.5398830084801555,0.6427213787907223,0.3602312207221985,0.36496683955192566
221123_2,0,221123,A549,test,0.7811603548964885,0.7357333169789156,0.7758634018894199,0.8304434330229723,0.466925710439682,0.7494525909423828
221123_3,1,221123,A549,train,0.7811603548964885,0.7067066864667645,0.7590961566965947,0.7455796618306068,0.5636371374130249,0.6109874844551086
221123_4,1,221123,A549,train,0.7811603548964885,0.6450310994605727,0.7512759693846832,0.7971555424701288,0.31508544087409973,0.4377168118953705
221123_5,0,221123,A549,train,0.7811603548964885,0.7632002574441724,0.8332023855280783,0.839452194303127,0.7319527864456177,0.6659109592437744
221123_6,0,221123,A549,train,0.7811603548964885,0.8426088369025226,0.8000651972010561,0.8223922944669975,0.7090602517127991,0.8026537299156189
221123_7,0,221123,A549,test,0.7811603548964885,0.8338880089702284,0.6547824841935147,0.8286288355951961,0.30424273014068604,0.3558673858642578
221123_8,0,221123,A549,train,0.7811603548964885,0.7903517863933149,0.6617369852411804,0.8443882212854147,0.40117213129997253,0.5031196475028992
221123_9,0,221123,A549,test,0.7811603548964885,0.7616040683627102,0.8367328541465123,0.8366860302348091,0.7360467910766602,0.6986840963363647
221214_18,1,221214,HPMEC,train,0.9469720135669784,0.7002657794328184,0.7356842201614547,0.86377070873425,0.5498155951499939,0.5292888283729553
221214_19,1,221214,HPMEC,train,0.9469720135669784,0.7468633605850068,0.8111564615375382,0.8624503164979286,0.715567946434021,0.7224584221839905
221214_20,1,221214,HPMEC,train,0.9469720135669784,0.7055024917871424,0.823662471818297,0.8550155324617581,0.44958096742630005,0.43311935663223267
221214_21,1,221214,HPMEC,val,0.9469720135669784,0.7969550808947937,0.7168393511921666,0.8598598798110969,0.8269939422607422,0.8349891901016235
221214_22,1,221214,HPMEC,train,0.9469720135669784,0.890481337109162,0.9024164690049656,0.9459017782673066,0.6873133182525635,0.6868847012519836
221214_23,1,221214,HPMEC,test,0.9469720135669784,0.7597959212909916,0.6490819068517516,0.8163996794336705,0.8440870642662048,0.785869300365448
221214_24,1,221214,HPMEC,train,0.868374671219241,0.8003134108235022,0.9057645549111203,0.8563544679964002,0.8607679605484009,0.7699475884437561
221214_25,1,221214,HPMEC,train,0.868374671219241,0.7077141438797884,0.922439013928596,0.8554684653773833,0.8732674717903137,0.9115259051322937
221214_26,1,221214,HPMEC,test,0.868374671219241,0.5855945952011418,0.7844801228440195,0.8639780631573001,0.8900348544120789,0.853743851184845
221214_27,1,221214,HPMEC,train,0.868374671219241,0.5387907565924054,0.8560682184362116,0.852254059296208,0.723576009273529,0.7828115224838257
221214_28,1,221214,HPMEC,train,0.868374671219241,0.6985411624166966,0.8414486989406301,0.8857482384466207,0.7550262212753296,0.8229407668113708
221214_29,1,221214,HPMEC,train,0.868374671219241,0.6916741717456999,0.8619319222041191,0.8840434508026743,0.9051474928855896,0.8930287957191467
221214_30,1,221214,HPMEC,val,0.868374671219241,0.6960639121039255,0.8981346282321083,0.9096237307106455,0.49159786105155945,0.6096944808959961
221214_31,1,221214,HPMEC,train,0.868374671219241,0.49772019611755985,0.8065017313605881,0.8611711370397026,0.25458815693855286,0.5868566632270813
221214_32,1,221214,HPMEC,train,0.868374671219241,0.7658845790262961,0.7846169951531176,0.8947909724259221,0.4092179536819458,0.5929714441299438
221214_33,1,221214,HPMEC,train,0.868374671219241,0.7075971634519388,0.8594478374432463,0.8500465939939666,0.5003894567489624,0.6260252594947815
221214_34,1,221214,HPMEC,train,0.868374671219241,0.8194444112203171,0.843048953255945,0.9089875370597246,0.7465205192565918,0.8833673000335693
221214_35,1,221214,HPMEC,train,0.868374671219241,0.5222768316884904,0.8184276848478897,0.8838450800638966,0.42456233501434326,0.6696337461471558
221215_1,1,221215,A549,train,0.6852510520275971,0.7814880422705691,0.8276707339099875,0.7712841885033113,0.4667928218841553,0.555833637714386
221215_10,1,221215,HUVEC,train,0.5825764122811847,0.6381723922930292,0.7915401154337308,0.8371116366457495,0.849881649017334,0.7541361451148987
221215_11,1,221215,CACO,train,0.7807637984582149,0.6996029971365202,0.809776117168813,0.8441692092179713,0.6628124117851257,0.6834790706634521
221215_12,1,221215,CACO,test,0.7807637984582149,0.542847348241672,0.8982045638929964,0.8464204734363867,0.8505184054374695,0.8819052577018738
221215_13,1,221215,CACO,train,0.7807637984582149,0.6252756098545575,0.8730564159882028,0.879202666057639,0.8419824242591858,0.8860854506492615
221215_14,1,221215,CACO,train,0.7807637984582149,0.7541652531507474,0.8566479904863195,0.9086866721888507,0.8586880564689636,0.7857819199562073
221215_15,1,221215,CACO,train,0.5620952387835408,0.7896827496889308,0.9330056765440925,0.9466488554013742,0.9017913937568665,0.9435451626777649
221215_16,1,221215,CACO,test,0.5620952387835408,0.8275411279578752,0.9003748557865506,0.9293531915142361,0.9033332467079163,0.9324602484703064
221215_17,1,221215,CACO,train,0.5620952387835408,0.7563801097072285,0.7683561648107544,0.8982219360489044,0.7940757274627686,0.8772809505462646
221215_18,1,221215,CACO,train,0.5620952387835408,0.8113800062452892,0.8223172709992209,0.9218758807633082,0.8827430009841919,0.9303876757621765
221215_19,1,221215,CACO,train,0.5620952387835408,0.8187699053415849,0.9579116605679151,0.9688896216956896,0.7726891040802002,0.8819234371185303
221215_2,0,221215,A549,train,0.6852510520275971,0.719398734599402,0.7891468391967204,0.7458549956883109,0.648422122001648,0.6824778318405151
221215_20,1,221215,CACO,train,0.5620952387835408,0.7713474119271558,0.8996470150205333,0.9132547836567625,0.859438955783844,0.8800958395004272
221215_21,1,221215,CACO,train,0.5620952387835408,0.7492309088748815,0.7769175441339732,0.9036100064620075,0.865536093711853,0.8996647596359253
221215_22,1,221215,CACO,test,0.5620952387835408,0.7293584884790579,0.9291994204658736,0.939859362308169,0.8764641880989075,0.8602288961410522
221215_3,1,221215,A549,train,0.6852510520275971,0.7495915691996382,0.9139955019269064,0.8486362186567357,0.6186206936836243,0.6553182005882263
221215_4,1,221215,A549,train,0.6852510520275971,0.7309266245050455,0.7310470107685054,0.7277721352389195,0.7553141713142395,0.7901456356048584
221215_5,1,221215,A549,train,0.6852510520275971,0.7991942472025695,0.8357001886716057,0.8293202658305469,0.35907837748527527,0.3341160714626312
221215_6,1,221215,A549,train,0.6852510520275971,0.8183484802204997,0.7662848504008523,0.8236315163520452,0.515064001083374,0.5106626152992249
221215_7,0,221215,HUVEC,test,0.5825764122811847,0.7880048441604104,0.6680060427692253,0.7510567791086579,0.8457589745521545,0.767508327960968
221215_8,1,221215,HUVEC,train,0.5825764122811847,0.7105308815545408,0.9206692160960535,0.8978126106800457,0.9332913160324097,0.8980671167373657
221215_9,1,221215,HUVEC,test,0.5825764122811847,0.6023855525568493,0.5024902115927585,0.6283607874248709,0.7841112017631531,0.6859111785888672
221219_1,1,221219,A549,train,0.7322653222273099,0.8056644556448971,0.8697122304586588,0.6409311402232073,0.762842059135437,0.8800386190414429
221219_10,0,221219,A549,train,0.7322653222273099,0.5983200647565188,0.48650141424778204,0.513480763117037,0.7404242157936096,0.743048906326294
221219_11,0,221219,A549,val,0.7322653222273099,0.4296703034107708,0.7017126694135618,0.5016759815994055,0.42667222023010254,0.4360800087451935
221219_12,0,221219,A549,train,0.7322653222273099,0.5561121496833035,0.5081248918649395,0.4528846451433718,0.7145934700965881,0.7261162400245667
221219_13,0,221219,A549,train,0.7322653222273099,0.5175252392540053,0.6237767195086689,0.4917283834166644,0.5870674848556519,0.4777818024158478
221219_14,0,221219,A549,train,0.7322653222273099,0.5587747511305897,0.4249160499782658,0.39448854800344874,0.717056393623352,0.6962051391601562
221219_15,0,221219,A549,train,0.7322653222273099,0.48548232470642155,0.636886617829071,0.5188606224539307,0.511109471321106,0.6019797325134277
221219_16,1,221219,A549,test,0.7322653222273099,0.7454864459250903,0.5049558057035349,0.4509627776770602,0.66209477186203,0.7211855053901672
221219_17,1,221219,A549,test,0.7322653222273099,0.7775446945214383,0.42916897263001447,0.32227376996530044,0.5016147494316101,0.5160310864448547
221219_2,1,221219,A549,train,0.7322653222273099,0.8001545478416658,0.5065259278024692,0.47013792517622677,0.6813964247703552,0.7516165375709534
221219_3,0,221219,A549,train,0.7322653222273099,0.608661731359811,0.7599962916621298,0.6257383479465605,0.43254125118255615,0.34896206855773926
221219_4,1,221219,A549,train,0.7322653222273099,0.7607727628146875,0.6191776200305134,0.4876260074055805,0.7285798788070679,0.8483837246894836
221219_5,0,221219,A549,train,0.7322653222273099,0.5278466442119334,0.6864202249983069,0.5646842108102019,0.7506293058395386,0.6747785806655884
221219_6,0,221219,A549,train,0.7322653222273099,0.46245403429795295,0.6357931038623772,0.47278818930561645,0.6018282175064087,0.5794357061386108
221219_7,1,221219,A549,train,0.7322653222273099,0.614703949852981,0.3313681205812876,0.5110703770257783,0.7220736145973206,0.8062257766723633
221219_8,0,221219,A549,train,0.7322653222273099,0.44364176037717756,0.6529819556682362,0.5517850608015504,0.5694400668144226,0.6993449926376343
221219_9,0,221219,A549,test,0.7322653222273099,0.6468519795929816,0.6969778523875337,0.574059938379826,0.6251940131187439,0.7122253179550171
230109_1,1,230109,HPMEC,test,0.9101457208703364,0.8281854901217868,0.9391697650813807,0.9598630938548339,0.8797137141227722,0.9433218240737915
230109_10,1,230109,HPMEC,train,0.9101457208703364,0.8043726942991211,0.8330962909748338,0.8224202258052518,0.9274781942367554,0.9772533774375916
230109_100,1,230109,A549,train,0.9505042442938718,0.7774993722409683,0.7970587348260785,0.9233478729751375,0.80744868516922,0.7813157439231873
230109_101,1,230109,A549,train,0.9505042442938718,0.8886620747955085,0.9288962547495998,0.964707571804739,0.8784660696983337,0.8276142477989197
230109_102,0,230109,A549,train,0.9505042442938718,0.5996423295160841,0.7676827110187873,0.9422909729648664,0.7451170086860657,0.5779067873954773
230109_103,0,230109,A549,train,0.9505042442938718,0.8206766300171896,0.8645023280036629,0.9270288963963934,0.5781033635139465,0.5787134170532227
230109_104,0,230109,A549,train,0.9505042442938718,0.8188783699692764,0.9432083985870517,0.9622741086284462,0.9076817035675049,0.8537277579307556
230109_105,0,230109,A549,train,0.9505042442938718,0.8653712327698794,0.8396565826462851,0.9214438443360973,0.699517011642456,0.5639654994010925
230109_106,0,230109,A549,train,0.9505042442938718,0.8973745740166366,0.9106458683441512,0.9585423036012677,0.7443092465400696,0.6661296486854553
230109_107,0,230109,A549,val,0.9505042442938718,0.8738560713792575,0.8813108211833366,0.9586225484711258,0.8267093896865845,0.7630760669708252
230109_108,1,230109,A549,train,0.9505042442938718,0.8550309960356333,0.9314246467583588,0.9558292147896762,0.7967909574508667,0.7564526796340942
230109_109,1,230109,A549,val,0.9505042442938718,0.8919180501501887,0.8992460142566614,0.9449024463100991,0.7997315526008606,0.7320265769958496
230109_11,1,230109,HPMEC,test,0.9101457208703364,0.7962511991003683,0.8592132510640537,0.8133230284573502,0.9385321736335754,0.9716346859931946
230109_110,1,230109,A549,train,0.9505042442938718,0.8923578148593073,0.9572286750773527,0.956860251312642,0.8048258423805237,0.7369455099105835
230109_111,1,230109,A549,train,0.9505042442938718,0.911792911978589,0.933981860673728,0.9587905312283492,0.7563151121139526,0.738445520401001
230109_112,0,230109,A549,train,0.9505042442938718,0.8958290645341384,0.9415200861484954,0.9568521016600382,0.6409174203872681,0.5484017729759216
230109_113,1,230109,A549,test,0.8810997305515591,0.8288122700700291,0.8505378206871265,0.937514396014199,0.8456290364265442,0.7222541570663452
230109_114,1,230109,A549,train,0.8810997305515591,0.8524846502508732,0.9139614027511783,0.9620679626381414,0.828773558139801,0.7731739282608032
230109_115,0,230109,A549,train,0.8810997305515591,0.7410923974215268,0.7390824194200761,0.9000569978349755,0.6137872934341431,0.5244948267936707
230109_116,1,230109,A549,train,0.8810997305515591,0.7764455734405943,0.8273426474294866,0.9198777585384234,0.7828289270401001,0.5957963466644287
230109_117,1,230109,A549,train,0.8810997305515591,0.7698299221035121,0.9391506576643951,0.9236558991959293,0.885126531124115,0.8065382838249207
230109_118,1,230109,A549,train,0.8810997305515591,0.6971582006857218,0.6497786836894921,0.8543400477983668,0.5976786017417908,0.44088584184646606
230109_119,0,230109,A549,train,0.8810997305515591,0.8219570729679857,0.9094431219464716,0.9390121814577286,0.7726473808288574,0.6998751759529114
230109_12,1,230109,HPMEC,test,0.9101457208703364,0.8023080504180595,0.8785920000999269,0.857932225529134,0.846675455570221,0.9326173663139343
230109_120,0,230109,A549,train,0.8810997305515591,0.7780493191460601,0.8575139868776739,0.9492250951763234,0.842054545879364,0.7037168741226196
230109_121,0,230109,A549,val,0.8810997305515591,0.7556452877777399,0.746455429412752,0.9122852643633345,0.797827959060669,0.7015219330787659
230109_122,0,230109,A549,train,0.8810997305515591,0.814495810470489,0.8703305093926341,0.911295735077723,0.6678319573402405,0.597534716129303
230109_123,0,230109,A549,train,0.8810997305515591,0.8206469013255487,0.8884171683705896,0.9478450041547183,0.844107449054718,0.7663742303848267
230109_124,0,230109,A549,train,0.8810997305515591,0.7885055220889771,0.731027394163851,0.9073243308638566,0.9098973870277405,0.8784618377685547
230109_125,0,230109,A549,test,0.8810997305515591,0.8367952819292432,0.9115956186948636,0.9492500480933661,0.8181110620498657,0.7170204520225525
230109_126,0,230109,A549,train,0.8810997305515591,0.7995566546412148,0.9320445052690189,0.9557403574801098,0.7716251611709595,0.7726337909698486
230109_127,0,230109,A549,train,0.8810997305515591,0.7814814522365247,0.9283623893712016,0.9399597702331588,0.833710789680481,0.8223423957824707
230109_128,0,230109,A549,test,0.8810997305515591,0.7792644444169031,0.8364171269610724,0.9305399616310588,0.8282896876335144,0.6266546845436096
230109_129,1,230109,A549,train,0.8810997305515591,0.7139524287466192,0.5886503876717585,0.9190734865071871,0.6552942395210266,0.5216469168663025
230109_13,1,230109,HPMEC,train,0.7962785640287884,0.8195453597913195,0.8492502331738281,0.8006136725434202,0.9547727108001709,0.9785470366477966
230109_130,0,230109,A549,train,0.8810997305515591,0.8511563086702756,0.9404817131736942,0.9490267745710275,0.7071051001548767,0.48988965153694153
230109_14,1,230109,HPMEC,train,0.7962785640287884,0.8219523363018403,0.8551057710019757,0.7871755971964038,0.9261802434921265,0.9697723984718323
230109_15,1,230109,HPMEC,train,0.7962785640287884,0.7214904982719698,0.8942663495824441,0.9409235798258024,0.7456403970718384,0.9487582445144653
230109_16,1,230109,HPMEC,train,0.7962785640287884,0.584933215755378,0.8956399944098633,0.8959973934458407,0.8985092043876648,0.9607845544815063
230109_17,1,230109,HPMEC,train,0.7962785640287884,0.5954494674965298,0.8808255659469448,0.9339235106661735,0.6785209774971008,0.8724030256271362
230109_18,1,230109,HPMEC,train,0.7962785640287884,0.5756351057758976,0.8094519435289386,0.7948267653177726,0.9558000564575195,0.9864249229431152
230109_19,1,230109,HPMEC,train,0.7962785640287884,0.7264914092614247,0.7709335848517541,0.7358802867194505,0.9416549801826477,0.9643436074256897
230109_2,1,230109,HPMEC,val,0.9101457208703364,0.7634945388661923,0.9029827217573646,0.917156143545028,0.9416518807411194,0.957491397857666
230109_20,1,230109,HPMEC,test,0.7962785640287884,0.740841847687636,0.7998795055423218,0.7016726142150544,0.8844864964485168,0.9658387303352356
230109_21,1,230109,HPMEC,test,0.7962785640287884,0.6943258361579364,0.7816984698920756,0.8904388958610263,0.741094708442688,0.8541358113288879
230109_22,1,230109,HPMEC,train,0.7962785640287884,0.6596892727681306,0.7910032181386778,0.6817879225199363,0.940685510635376,0.956515371799469
230109_23,1,230109,HPMEC,train,0.7962785640287884,0.5806499978106682,0.785776378089928,0.8499672330820329,0.8633167743682861,0.9476498961448669
230109_24,1,230109,HPMEC,train,0.7962785640287884,0.7370389474600926,0.8391004710507218,0.8190693062222172,0.8494861721992493,0.9705571532249451
230109_25,1,230109,A549,train,0.9505042442938718,0.9023572172458927,0.9356551567965918,0.9692155819437844,0.9666289687156677,0.9541133046150208
230109_26,1,230109,A549,train,0.9505042442938718,0.9044613960161307,0.9406067900585937,0.9542121128011035,0.952244222164154,0.903075635433197
230109_27,1,230109,A549,test,0.9505042442938718,0.9140342513442391,0.941881403905439,0.962335971497995,0.7909327745437622,0.6271510124206543
230109_28,1,230109,A549,train,0.9505042442938718,0.916150795084074,0.9363455143469394,0.9619870735920338,0.9424806833267212,0.930319607257843
230109_29,1,230109,A549,train,0.9505042442938718,0.902894015413521,0.9369873340674534,0.952459998509143,0.8978069424629211,0.8604359030723572
230109_3,1,230109,HPMEC,train,0.9101457208703364,0.7058490450699715,0.935754333516164,0.9243920260353832,0.8320304155349731,0.8213381171226501
230109_30,1,230109,A549,train,0.9505042442938718,0.8971528677485032,0.9067101573795628,0.9564341255427667,0.9195483326911926,0.8757607936859131
230109_31,1,230109,A549,train,0.9505042442938718,0.8386157253555843,0.7927209863953012,0.8913416595805446,0.852008044719696,0.8420946002006531
230109_32,1,230109,A549,test,0.9505042442938718,0.8311942908542067,0.9091686689604341,0.9599576414082754,0.9493780732154846,0.9291707873344421
230109_33,1,230109,A549,test,0.9505042442938718,0.907196543212841,0.9116827908894274,0.9467361408770494,0.8518601655960083,0.7846956253051758
230109_34,1,230109,A549,train,0.9505042442938718,0.8791798950440708,0.890308330172336,0.9515807127019137,0.8820363283157349,0.8425208926200867
230109_35,1,230109,A549,val,0.9505042442938718,0.9033594478568083,0.9101372763430825,0.944452666217353,0.927438497543335,0.8812713623046875
230109_36,1,230109,A549,val,0.9505042442938718,0.8500489782840285,0.9187172540936928,0.9472894207253595,0.8825905919075012,0.8706783652305603
230109_4,1,230109,HPMEC,train,0.9101457208703364,0.7967939951839906,0.880801645006022,0.9233912205424641,0.7610814571380615,0.8748717308044434
230109_5,1,230109,HPMEC,train,0.9101457208703364,0.830098483594461,0.8785988232377193,0.8540369964331276,0.9213168025016785,0.9710707068443298
230109_6,1,230109,HPMEC,test,0.9101457208703364,0.7753039983253798,0.8902128590057713,0.9192332389575559,0.8319552540779114,0.8914423584938049
230109_60,1,230109,HPMEC,train,0.9101457208703364,0.7770624147441593,0.9162160603837802,0.9357649521506126,0.8474719524383545,0.8709772825241089
230109_61,1,230109,HPMEC,train,0.9101457208703364,0.5880799362687018,0.7819351587995768,0.8551413210007319,0.8414328098297119,0.8205839395523071
230109_62,1,230109,HPMEC,train,0.9101457208703364,0.661052877232168,0.5482529155549377,0.791153303479342,0.6463173627853394,0.7920500040054321
230109_63,1,230109,HPMEC,train,0.9101457208703364,0.7257218052545847,0.9109319038936258,0.9317021835211612,0.9065525531768799,0.9472967386245728
230109_64,1,230109,HPMEC,train,0.9101457208703364,0.7077910045367651,0.757274172124327,0.802608228418809,0.9337995648384094,0.96038419008255
230109_65,1,230109,HPMEC,train,0.9101457208703364,0.7911590183796173,0.9264365110234193,0.9432261358839147,0.8952322602272034,0.926979660987854
230109_66,1,230109,HPMEC,train,0.9101457208703364,0.7840790822583346,0.9284158168848602,0.9456634181465291,0.9482547640800476,0.9627353549003601
230109_67,1,230109,HPMEC,val,0.9101457208703364,0.7218984126027862,0.7283234336343758,0.9041457796484063,0.8195107579231262,0.8570951819419861
230109_68,1,230109,HPMEC,train,0.9101457208703364,0.8122755257690552,0.9189048700714362,0.9335710500395074,0.9485822916030884,0.9613891839981079
230109_69,1,230109,HPMEC,train,0.9101457208703364,0.7934808217174814,0.9224994277142055,0.9407037605878471,0.9382144212722778,0.9710880517959595
230109_7,1,230109,HPMEC,test,0.9101457208703364,0.8378099488659095,0.9376811575478282,0.9442501795780719,0.9682772755622864,0.9815360903739929
230109_70,1,230109,HPMEC,train,0.9101457208703364,0.7531885088299949,0.9284194810330458,0.9387202001010999,0.9359960556030273,0.9466085433959961
230109_71,1,230109,HPMEC,train,0.9101457208703364,0.7235047050672558,0.7534633628485092,0.8863076209876221,0.7733474373817444,0.8458445072174072
230109_72,1,230109,HPMEC,test,0.9101457208703364,0.7288089340219024,0.7883395079802435,0.8924800926904,0.8282598257064819,0.8561835289001465
230109_73,1,230109,HPMEC,train,0.9101457208703364,0.837704060073102,0.9073313625674732,0.9251750775211315,0.9010027647018433,0.9248031973838806
230109_74,1,230109,HPMEC,train,0.9101457208703364,0.7575467996250442,0.8397960120989463,0.8774628456698312,0.878940224647522,0.9021161198616028
230109_75,1,230109,HPMEC,train,0.9101457208703364,0.7472920687305313,0.8799613691592144,0.9247175726978988,0.780543863773346,0.820079505443573
230109_76,1,230109,HPMEC,train,0.9101457208703364,0.6418687845433718,0.6784543318011848,0.670872726692357,0.7670920491218567,0.7598192095756531
230109_77,1,230109,HPMEC,val,0.9101457208703364,0.708734791524462,0.8031156012878521,0.8664689341961904,0.77218097448349,0.772985577583313
230109_78,1,230109,HPMEC,train,0.7962785640287884,0.609140042540454,0.6086127159756213,0.635087197364129,0.8578582406044006,0.9116111993789673
230109_79,1,230109,HPMEC,train,0.7962785640287884,0.636708622771659,0.6598622386563561,0.7268283506593471,0.6712597012519836,0.8908399939537048
230109_8,1,230109,HPMEC,train,0.9101457208703364,0.7993427124483505,0.8247505355359407,0.7846835417612993,0.9064361453056335,0.9711704254150391
230109_80,1,230109,HPMEC,train,0.7962785640287884,0.6481419915651617,0.8325809319583689,0.7389775591367135,0.8520991206169128,0.9541282653808594
230109_81,1,230109,HPMEC,val,0.7962785640287884,0.698301582294215,0.7074064119524299,0.8232999039214973,0.8917161822319031,0.9465817213058472
230109_82,1,230109,HPMEC,test,0.7962785640287884,0.6816073868417177,0.8670737610801614,0.9072586739446389,0.8938107490539551,0.9333720207214355
230109_83,1,230109,HPMEC,test,0.7962785640287884,0.6829269694546825,0.6455934004919806,0.7819722546557147,0.8777869939804077,0.9619845151901245
230109_84,1,230109,HPMEC,train,0.7962785640287884,0.7038385703859915,0.6840374222852691,0.6625513944192616,0.7914016842842102,0.8965680599212646
230109_85,1,230109,HPMEC,train,0.7962785640287884,0.6669175145462947,0.8772587299542943,0.8627791148563878,0.8054172992706299,0.8833048939704895
230109_86,1,230109,HPMEC,train,0.7962785640287884,0.7031157469208218,0.7825722022943061,0.8387736656793556,0.8395580649375916,0.8711020350456238
230109_87,1,230109,HPMEC,train,0.7962785640287884,0.7174402214879988,0.8541584063554923,0.8793561270301358,0.6584187746047974,0.7956638336181641
230109_88,1,230109,HPMEC,train,0.7962785640287884,0.6847563361594868,0.7578558627069127,0.7653819002906705,0.5894383192062378,0.8633477687835693
230109_89,1,230109,HPMEC,train,0.7962785640287884,0.679342242126261,0.7641848073143198,0.791624997658376,0.5945417881011963,0.7478151917457581
230109_9,1,230109,HPMEC,test,0.9101457208703364,0.8124439490242034,0.955722079621942,0.9596159921123494,0.8168749213218689,0.8901354670524597
230109_90,1,230109,HPMEC,train,0.7962785640287884,0.7455265422209549,0.7302345909540829,0.8026069424914843,0.6175156235694885,0.9015283584594727
230109_91,1,230109,HPMEC,train,0.7962785640287884,0.7658336179167337,0.8187223149900938,0.9052834635374154,0.8756586909294128,0.9634038805961609
230109_92,1,230109,HPMEC,train,0.7962785640287884,0.7436639510566798,0.8838340426956013,0.8623827877981215,0.8820112347602844,0.9030542373657227
230109_93,1,230109,HPMEC,test,0.7962785640287884,0.5936372915677114,0.5684018074645544,0.5731309051324419,0.8327277302742004,0.9261140823364258
230109_94,1,230109,HPMEC,val,0.7962785640287884,0.6907081695987657,0.6954240498820209,0.7096408119196985,0.809275209903717,0.9160566329956055
230109_95,0,230109,HPMEC,test,0.7962785640287884,0.6163061379708903,0.7888283959186422,0.765478087950169,0.9501172304153442,0.9554386734962463
230109_96,1,230109,A549,train,0.9505042442938718,0.8909930551857259,0.901553379583877,0.932946178890388,0.555630624294281,0.5019268989562988
230109_97,0,230109,A549,test,0.9505042442938718,0.857884972737153,0.8841482437910155,0.9280531551996353,0.8625504970550537,0.8084583878517151
230109_98,1,230109,A549,train,0.9505042442938718,0.8630055909660261,0.8347145640978159,0.9189746158411297,0.7716697454452515,0.658987820148468
230109_99,1,230109,A549,train,0.9505042442938718,0.9042177392120584,0.9337296536362586,0.9434651872585613,0.8143783807754517,0.7933411598205566
230110_131,0,230110,A549,test,0.4827134512383724,0.1912747852191156,0.15596066970686906,0.15784343359762765,0.5473997592926025,0.5537295937538147
230110_132,0,230110,A549,train,0.4827134512383724,0.24168859902311435,0.18794372702136125,0.22547822092313352,0.6681363582611084,0.6277499198913574
230110_133,1,230110,A549,train,0.4827134512383724,0.44662998386429714,0.1595334850266142,0.2707420533010332,0.5151640772819519,0.502328634262085
230110_134,1,230110,A549,train,0.4827134512383724,0.4276639326788217,0.2507632777829966,0.39972101992628134,0.6919611096382141,0.6775890588760376
230110_135,1,230110,A549,train,0.4827134512383724,0.40613827560137616,0.11343094187998312,0.12372104024399472,0.5582851767539978,0.5314668416976929
230110_136,1,230110,A549,train,0.4827134512383724,0.5162725465229888,0.32833107430592795,0.3061361695273392,0.5385639667510986,0.5942577123641968
230110_137,1,230110,A549,train,0.4827134512383724,0.5417479045418588,0.6222125750914728,0.7057333327312402,0.49135032296180725,0.5575663447380066
230110_138,1,230110,A549,train,0.4827134512383724,0.49102860404340404,0.32638938249887967,0.5038115869478412,0.6545794010162354,0.6284598708152771
230110_139,1,230110,A549,train,0.4827134512383724,0.48674962681953093,0.4659614488068811,0.7230959205277496,0.37098705768585205,0.4894763231277466
230110_140,0,230110,A549,train,0.4827134512383724,0.35997474561783044,0.24134624580645064,0.2380481864471458,0.3635167181491852,0.42188143730163574
230110_141,0,230110,A549,train,0.4827134512383724,0.34069535423937136,0.1957568616057358,0.2987310428859839,0.4070480763912201,0.4671154022216797
230110_142,0,230110,A549,val,0.4827134512383724,0.5796396293326433,0.6083275962971308,0.5259368158439307,0.758043110370636,0.7182341814041138
230110_143,1,230110,A549,test,0.4827134512383724,0.5052561600815937,0.21307088756148787,0.3344563148824086,0.6748320460319519,0.6532623171806335
230110_144,1,230110,A549,train,0.4827134512383724,0.6153183437476551,0.4272325014339059,0.4725234683568288,0.5640662908554077,0.44715777039527893
230110_145,1,230110,A549,val,0.4827134512383724,0.5397446197912921,0.5379145100625498,0.38482396244514183,0.5617777705192566,0.49291881918907166
230110_146,1,230110,A549,train,0.4827134512383724,0.3983115309506638,0.13503013841796155,0.13150108649569367,0.6773989200592041,0.6166325211524963
230110_147,0,230110,A549,test,0.4827134512383724,0.2091084555088172,0.1659477168517574,0.18362592630820576,0.28612959384918213,0.4672893285751343
230119_1,1,230119,HPMEC,train,0.8668126027013129,0.8680290544524482,0.8743937699370565,0.8448558606219616,0.9688564538955688,0.976012647151947
230119_10,1,230119,HPMEC,train,0.8668126027013129,0.8194315322744432,0.8616608396019907,0.9034427051737075,0.9371454119682312,0.9752905964851379
230119_11,1,230119,HPMEC,train,0.8668126027013129,0.7433487958047412,0.8709474684575846,0.8421822461943216,0.6723886728286743,0.8092337846755981
230119_12,1,230119,HPMEC,train,0.8668126027013129,0.7464655770137202,0.9304708223266984,0.9172679023279977,0.8216878771781921,0.9123913049697876
230119_13,1,230119,HPMEC,train,0.8668126027013129,0.8620976327846263,0.8930399955436251,0.8870100266758997,0.8691107034683228,0.9427840709686279
230119_14,1,230119,HPMEC,train,0.8668126027013129,0.7533272464009588,0.9173279427554307,0.9091316773797983,0.6706892848014832,0.8946429491043091
230119_15,1,230119,HPMEC,train,0.8668126027013129,0.8439086549795127,0.5947043844986318,0.8064578979825427,0.8649386167526245,0.8916168808937073
230119_16,1,230119,HPMEC,val,0.8668126027013129,0.7266424689653083,0.9040214983283581,0.8925480257948353,0.7966281175613403,0.9240086674690247
230119_17,1,230119,HPMEC,test,0.8668126027013129,0.7597428117763104,0.9096362265883283,0.8961052627438783,0.620298445224762,0.8489865064620972
230119_18,1,230119,HPMEC,val,0.8668126027013129,0.8789272777159765,0.8403402291824718,0.8963490602617259,0.8621138334274292,0.8767367005348206
230119_19,1,230119,HPMEC,train,0.8668126027013129,0.8167546631965089,0.9200758887220885,0.9060810184150694,0.9314059615135193,0.9651585817337036
230119_2,1,230119,HPMEC,train,0.8668126027013129,0.8385743285627988,0.8015285265023034,0.867364298023628,0.9203968048095703,0.9663804769515991
230119_20,1,230119,HPMEC,train,0.8668126027013129,0.8979243598032187,0.7787355331990724,0.8832061413679876,0.7979456782341003,0.8544800877571106
230119_21,1,230119,HPMEC,test,0.8668126027013129,0.8643449289966998,0.8515966490433011,0.8418569634851495,0.8306623101234436,0.8888189196586609
230119_22,1,230119,HPMEC,test,0.8668126027013129,0.8399102646804818,0.9168491441288531,0.9217914004141912,0.8328770995140076,0.8477906584739685
230119_23,1,230119,HPMEC,train,0.8668126027013129,0.7690857174339762,0.8909254660816632,0.8754906325964771,0.8394920825958252,0.8471471071243286
230119_24,1,230119,HPMEC,val,0.8668126027013129,0.7486890316834941,0.836327018608701,0.902108093437154,0.8788958191871643,0.9124923348426819
230119_25,1,230119,HPMEC,test,0.8668126027013129,0.6603426363354237,0.6888072262355887,0.8081705319370628,0.6584340929985046,0.6321262717247009
230119_26,1,230119,HPMEC,test,0.8668126027013129,0.7631503957987076,0.9286902762747266,0.9102664976880507,0.9000706672668457,0.9670411348342896
230119_27,1,230119,HPMEC,train,0.8668126027013129,0.7552048204500698,0.7712597900554772,0.8461483571124534,0.9139936566352844,0.9519802331924438
230119_28,1,230119,HPMEC,train,0.8668126027013129,0.8646711338494003,0.8809186757551666,0.8619037103463092,0.776253342628479,0.7793848514556885
230119_29,1,230119,HPMEC,train,0.8668126027013129,0.8385510311184279,0.8577528596058441,0.8587473712691188,0.9440381526947021,0.9580571055412292
230119_3,1,230119,HPMEC,val,0.8668126027013129,0.8471240642744723,0.8728738779961913,0.8752683022198966,0.9321615099906921,0.9607616662979126
230119_30,1,230119,HPMEC,train,0.8668126027013129,0.8434950968381268,0.8487822372156559,0.8716828710583514,0.8599216341972351,0.9221169948577881
230119_31,1,230119,HPMEC,test,0.7691139514073111,0.5644891339157841,0.8482050060681673,0.8518043277709995,0.7066786885261536,0.8670681118965149
230119_32,1,230119,HPMEC,train,0.7691139514073111,0.6263262124058523,0.643491275858288,0.8108522978754383,0.8130816221237183,0.9024563431739807
230119_33,1,230119,HPMEC,val,0.7691139514073111,0.4799985108624213,0.5495648682721701,0.6919455624069688,0.7252110242843628,0.8859743475914001
230119_34,1,230119,HPMEC,test,0.7691139514073111,0.5182832382981787,0.24903850493013183,0.5418968233715467,0.5635719299316406,0.7608921527862549
230119_35,1,230119,HPMEC,train,0.7691139514073111,0.6288302580341157,0.7242724629960328,0.8062985862846301,0.7992082238197327,0.8828698992729187
230119_36,1,230119,HPMEC,test,0.7691139514073111,0.5301860567188258,0.47542484908709814,0.6263057770224244,0.6017476916313171,0.7990942597389221
230119_37,1,230119,HPMEC,train,0.7691139514073111,0.686854910356408,0.609287396280486,0.7490897145231231,0.8741139769554138,0.8720956444740295
230119_38,1,230119,HPMEC,test,0.7691139514073111,0.5592154867045992,0.8715367914691123,0.8877580319054139,0.6262486577033997,0.6783544421195984
230119_39,1,230119,HPMEC,train,0.7691139514073111,0.5990662527793523,0.8617647271564437,0.8953255988389534,0.6299063563346863,0.7397052645683289
230119_4,1,230119,HPMEC,train,0.8668126027013129,0.7022432631336978,0.8407856133770358,0.8493232867008816,0.6824360489845276,0.8616317510604858
230119_40,1,230119,HPMEC,train,0.7691139514073111,0.6486040849315203,0.6385569739954694,0.7297598748241302,0.8805032968521118,0.9139403700828552
230119_41,1,230119,HSAEC,train,0.82046754447417,0.8691661961714575,0.8635481761651264,0.7071635975602882,0.6239249110221863,0.7402620315551758
230119_42,1,230119,HSAEC,train,0.82046754447417,0.9279060686051862,0.8903677848269803,0.6783347020401966,0.6031860709190369,0.7023410201072693
230119_43,1,230119,HSAEC,train,0.82046754447417,0.8881970659931183,0.8485385024994876,0.6971008660354334,0.7647160291671753,0.76780766248703
230119_44,1,230119,HSAEC,test,0.82046754447417,0.9032291901138817,0.8476854943967852,0.6505914510894438,0.6691283583641052,0.6602634787559509
230119_45,1,230119,HSAEC,val,0.82046754447417,0.9053634794358633,0.8335156121962842,0.6067896961360906,0.6774343848228455,0.7026709318161011
230119_46,1,230119,HSAEC,test,0.82046754447417,0.8918261139032156,0.7807879328402766,0.7102496226020928,0.7002008557319641,0.7505263090133667
230119_47,1,230119,HSAEC,train,0.82046754447417,0.8644011191949698,0.7924157093146094,0.46197013704361767,0.7274339199066162,0.7978515625
230119_48,1,230119,HSAEC,train,0.82046754447417,0.8559563519135616,0.8463656260176634,0.5439624430266035,0.7638279795646667,0.7657469511032104
230119_49,1,230119,HSAEC,train,0.82046754447417,0.8425197416423389,0.8028001720387471,0.5596581629619325,0.6829426884651184,0.7803905010223389
230119_5,1,230119,HPMEC,test,0.8668126027013129,0.7662760473629595,0.769550840467097,0.8552487581905484,0.816140353679657,0.832208514213562
230119_50,1,230119,HSAEC,train,0.82046754447417,0.8753988780357025,0.8413900678850599,0.519688521499463,0.6242308020591736,0.6297428011894226
230119_51,1,230119,HSAEC,train,0.82046754447417,0.8208022739932487,0.7203734547850705,0.45748709307819907,0.650442361831665,0.6961333155632019
230119_52,1,230119,HSAEC,test,0.82046754447417,0.7840685281287121,0.8573303473867316,0.5467256930314092,0.6901289224624634,0.7578864097595215
230119_53,1,230119,HSAEC,train,0.82046754447417,0.5806034720500033,0.7554361913392112,0.31828833432626086,0.544829785823822,0.6729726195335388
230119_54,1,230119,HSAEC,train,0.82046754447417,0.666702403647865,0.7047669733077471,0.40146621933315213,0.45347297191619873,0.5095982551574707
230119_55,1,230119,HSAEC,train,0.82046754447417,0.9015615047865827,0.7702579988596935,0.5683062283408448,0.7185410261154175,0.7128426432609558
230119_56,1,230119,HSAEC,test,0.82046754447417,0.8988758676393519,0.7765246672481942,0.5407151362268395,0.6104257702827454,0.7078989744186401
230119_57,1,230119,HSAEC,train,0.82046754447417,0.8627851781177106,0.7326118978461041,0.383889434412154,0.6884129047393799,0.7748250961303711
230119_58,1,230119,HSAEC,train,0.82046754447417,0.8824183538464628,0.8177805658460612,0.5020881646829595,0.6450226902961731,0.6659733057022095
230119_59,1,230119,HSAEC,train,0.82046754447417,0.8718786143097252,0.8769338345123767,0.7552121348694747,0.7963993549346924,0.8092882633209229
230119_6,1,230119,HPMEC,train,0.8668126027013129,0.7659982285699951,0.7763732538516799,0.8535898025527511,0.7617512345314026,0.7148616909980774
230119_60,1,230119,HSAEC,test,0.82046754447417,0.8742821866380327,0.8494603222119322,0.7123815607058331,0.8406076431274414,0.8152886629104614
230119_61,1,230119,HSAEC,test,0.82046754447417,0.8526815880826399,0.8735170849996614,0.676666119793176,0.6441214084625244,0.7688149213790894
230119_62,1,230119,HSAEC,test,0.82046754447417,0.8820400401905625,0.8878485945548298,0.7498016262377937,0.7914016842842102,0.863187313079834
230119_63,1,230119,HSAEC,train,0.82046754447417,0.8295545558596432,0.8587996407560902,0.5997426201054462,0.7645658254623413,0.8252031803131104
230119_64,1,230119,HSAEC,train,0.82046754447417,0.8990575215543953,0.8329191588930782,0.493191868266155,0.6926149129867554,0.7559223771095276
230119_65,1,230119,HSAEC,train,0.82046754447417,0.873437974565991,0.8038169577474212,0.6896274650149534,0.5209072232246399,0.6095180511474609
230119_66,1,230119,HSAEC,train,0.82046754447417,0.8431565564564765,0.7776415196415384,0.42803467067829254,0.553702175617218,0.5920974016189575
230119_67,1,230119,HSAEC,train,0.82046754447417,0.8659464352793942,0.8387622855195784,0.508844624553943,0.7528468370437622,0.7594931721687317
230119_68,1,230119,HSAEC,train,0.82046754447417,0.8129651637703641,0.832251967211272,0.6531981056873793,0.6024779677391052,0.7027503252029419
230119_69,1,230119,HSAEC,train,0.82046754447417,0.7954361070401184,0.7280278898154752,0.5097265810529484,0.7603294253349304,0.7905077934265137
230119_7,1,230119,HPMEC,train,0.8668126027013129,0.824039394688158,0.828361828340731,0.8510449476796781,0.767032265663147,0.8670929074287415
230119_70,1,230119,HSAEC,val,0.82046754447417,0.7745169955476441,0.5766647175695441,0.429256686631801,0.6799868941307068,0.6439504027366638
230119_8,1,230119,HPMEC,train,0.8668126027013129,0.8045232304557522,0.8901039167218601,0.8968801206590682,0.8821449279785156,0.9239287972450256
230119_9,1,230119,HPMEC,train,0.8668126027013129,0.7592898299022035,0.7599584588857419,0.8698724464163228,0.7881562113761902,0.8246937394142151
230123_1,1,230123,HSAEC,train,0.5333069218947015,0.40641704648517696,0.8024188500743726,0.4027972996658155,0.3356660306453705,0.6062760949134827
230123_10,1,230123,HSAEC,train,0.5333069218947015,0.7111830136331552,0.47005572843511273,0.2005682031843509,0.8112810850143433,0.8396345376968384
230123_11,1,230123,HSAEC,train,0.5333069218947015,0.6729486490792331,0.5189221270483706,0.2695257838889116,0.6875044107437134,0.8032775521278381
230123_12,1,230123,HPMEC,train,0.5611336058707809,0.48779716913262217,0.8053826476586435,0.38973163099000313,0.618090033531189,0.7328234314918518
230123_13,1,230123,HSAEC,train,0.5333069218947015,0.5829183270692527,0.8458055426347154,0.5205537504908685,0.6342640519142151,0.7395588159561157
230123_14,1,230123,HSAEC,val,0.5333069218947015,0.4538683792534366,0.26011405820830547,0.11977138374332333,0.7059617638587952,0.6142781972885132
230123_15,1,230123,HPMEC,train,0.5611336058707809,0.6289659792773867,0.47829551370519274,0.20995441654098046,0.48166388273239136,0.5820667743682861
230123_16,0,230123,HSAEC,train,0.5333069218947015,0.3277337957540783,0.22776348851067704,0.10961731827507191,0.5553544759750366,0.5848052501678467
230123_17,1,230123,HSAEC,train,0.5333069218947015,0.5324667215599891,0.527326375641707,0.2261096395910884,0.6953532695770264,0.7720348238945007
230123_18,0,230123,HPMEC,test,0.5611336058707809,0.4068836065059634,0.8487199779442581,0.44579326026025085,0.5683622360229492,0.7906317114830017
230123_19,1,230123,HSAEC,train,0.5333069218947015,0.7879102775859834,0.6781513643503289,0.3674518518538657,0.6968663334846497,0.7112706303596497
230123_2,1,230123,HSAEC,train,0.5333069218947015,0.37539013996627274,0.7661768457111278,0.37203706067176795,0.39452365040779114,0.3879125416278839
230123_20,1,230123,HSAEC,test,0.5333069218947015,0.8691013153169213,0.8008926229823566,0.44159788098902786,0.6789220571517944,0.713294506072998
230123_21,1,230123,HSAEC,test,0.5333069218947015,0.6736421783119729,0.41585205679655385,0.27870021516657006,0.6610512733459473,0.6657471060752869
230123_22,1,230123,HSAEC,train,0.5333069218947015,0.686911591786325,0.6985700859254707,0.46930547723613697,0.7193560004234314,0.7886293530464172
230123_23,1,230123,HSAEC,train,0.5333069218947015,0.6205146677317851,0.427617067444157,0.18304094487192146,0.750063955783844,0.7063867449760437
230123_24,1,230123,HSAEC,train,0.5333069218947015,0.6282542563035852,0.4206721594151905,0.2750731343678249,0.6137617230415344,0.6573644280433655
230123_25,1,230123,HSAEC,train,0.5333069218947015,0.5999476668863296,0.3378014708654399,0.1639614019773098,0.5959562063217163,0.5915561318397522
230123_26,1,230123,HSAEC,test,0.5333069218947015,0.7646331739696699,0.5981593412024334,0.2723588919054586,0.5630780458450317,0.6299213171005249
230123_3,1,230123,HSAEC,train,0.5333069218947015,0.48878457611643583,0.8194466709667402,0.39198719380772196,0.22498463094234467,0.4899619519710541
230123_4,0,230123,HSAEC,train,0.5333069218947015,0.45289288654384224,0.301166291406968,0.09819194903060023,0.5678513050079346,0.7123374342918396
230123_5,0,230123,HSAEC,train,0.5333069218947015,0.44890549034457716,0.48908139918235477,0.11237890722101421,0.41125035285949707,0.5100482702255249
230123_6,1,230123,HPMEC,train,0.5611336058707809,0.282080756488414,0.7523281695655906,0.3623052611719931,0.24364988505840302,0.24047774076461792
230123_7,1,230123,HSAEC,val,0.5333069218947015,0.617844061060612,0.705557617286812,0.2095036578277633,0.6125363111495972,0.6640440225601196
230123_8,1,230123,HSAEC,train,0.5333069218947015,0.6510222486832608,0.6870084377647117,0.2095036578277633,0.5639674663543701,0.693915605545044
230123_9,1,230123,HPMEC,train,0.5611336058707809,0.37079411598158457,0.7894635648252633,0.3918004852962149,0.6458238959312439,0.8343319892883301
230206_1,1,230206,HPMEC,train,0.8634861413307878,0.9094696371664286,0.8597343839632361,0.9051658820482505,0.8422608375549316,0.9177379012107849
230206_10,1,230206,HPMEC,train,0.8634861413307878,0.8505177278468025,0.8621591629750547,0.9210374734323599,0.9084463119506836,0.8945344686508179
230206_11,1,230206,HPMEC,train,0.8634861413307878,0.7240849974357754,0.8324217462142517,0.8510971770991335,0.8217710256576538,0.7252184748649597
230206_12,1,230206,HPMEC,train,0.8634861413307878,0.8139674497303079,0.8799730431521139,0.8770544304430525,0.8986913561820984,0.9297199845314026
230206_13,1,230206,A549,test,0.8715227976836689,0.6901387828908893,0.5840715640048105,0.6757296373475455,0.9855999946594238,0.9942888021469116
230206_14,1,230206,A549,train,0.8715227976836689,0.7547961375858274,0.5557775049137442,0.5171329128859535,0.9790537357330322,0.9651767611503601
230206_15,1,230206,A549,train,0.8715227976836689,0.49772244323889,0.30653137551817944,0.53699144634966,0.9589214324951172,0.9721344113349915
230206_16,1,230206,A549,test,0.8715227976836689,0.41457498112451246,0.24231364291758864,0.5146454151888755,0.9690304398536682,0.9739980697631836
230206_17,1,230206,A549,train,0.8715227976836689,0.38770775808612634,0.3218090538602517,0.4111676262666428,0.9646452069282532,0.9846558570861816
230206_18,1,230206,A549,train,0.8715227976836689,0.3838524310113147,0.31580783873127566,0.3705184543248717,0.9184620976448059,0.8885233998298645
230206_19,1,230206,A549,train,0.8715227976836689,0.685274149680949,0.6137059846053892,0.6631409574392108,0.9865337610244751,0.9849280714988708
230206_2,1,230206,HPMEC,train,0.8634861413307878,0.9039162680473604,0.8414955722131529,0.9295451936995531,0.9389420747756958,0.8879160284996033
230206_20,1,230206,A549,train,0.8715227976836689,0.46749445666347017,0.30838013625738964,0.33648878968983864,0.9222431778907776,0.9596904516220093
230206_21,1,230206,A549,train,0.8715227976836689,0.26924924026243213,0.2180662864134758,0.2759744785868511,0.9280247688293457,0.9329690933227539
230206_22,1,230206,A549,train,0.8715227976836689,0.13760791996748692,0.23595332925310442,0.3613422080009155,0.9648882150650024,0.972968339920044
230206_23,1,230206,A549,train,0.8715227976836689,0.4686079172205398,0.3155454697448589,0.5753542060597133,0.9843983054161072,0.9598562717437744
230206_24,1,230206,A549,train,0.8715227976836689,0.8110226970005645,0.7957850790424871,0.7954151756843862,0.9827759265899658,0.975674569606781
230206_25,1,230206,A549,val,0.776387954498199,0.9403792213836933,0.8362614632329408,0.7350552337818113,0.9785312414169312,0.9762951135635376
230206_26,1,230206,A549,train,0.776387954498199,0.9203341350991844,0.632833852252687,0.6568778355098697,0.9492754936218262,0.9694291353225708
230206_27,0,230206,A549,val,0.776387954498199,0.828405495111402,0.6904453800466441,0.6744659183297749,0.9595763683319092,0.9843533635139465
230206_28,1,230206,A549,val,0.776387954498199,0.9539876847285164,0.6657010505727657,0.7069493171156498,0.9724287390708923,0.9808688163757324
230206_29,1,230206,A549,val,0.776387954498199,0.8991924479231148,0.7364653754675288,0.6794447808182423,0.9759383797645569,0.9770068526268005
230206_3,1,230206,HPMEC,train,0.8634861413307878,0.8967347087585354,0.878370569821028,0.9171837461632928,0.9403961300849915,0.9564962387084961
230206_30,1,230206,A549,train,0.776387954498199,0.9566523369489555,0.8367036658837229,0.8312519677230331,0.9351365566253662,0.9256599545478821
230206_31,1,230206,A549,train,0.776387954498199,0.9071797076906182,0.7166548332128322,0.7571187942536765,0.7889015674591064,0.7615464925765991
230206_32,1,230206,A549,test,0.776387954498199,0.9450291065561214,0.5542054950041202,0.6573556217900429,0.9499179124832153,0.948432207107544
230206_33,1,230206,A549,test,0.776387954498199,0.9580404673853506,0.520288921810555,0.6074151926478042,0.9791221022605896,0.9597139358520508
230206_34,1,230206,A549,train,0.8715227976836689,0.7386658672812877,0.3280405789203837,0.3732244047446854,0.8768324851989746,0.8083476424217224
230206_35,1,230206,A549,test,0.8715227976836689,0.8249623279031936,0.46299373895247586,0.5207104974712152,0.9172106981277466,0.9459421038627625
230206_36,1,230206,A549,train,0.8715227976836689,0.936895927582837,0.7288050049973617,0.7274020217006948,0.8069759011268616,0.8566038012504578
230206_37,1,230206,A549,test,0.8715227976836689,0.7512013599068819,0.526744217459407,0.5853698192694908,0.9030682444572449,0.8707250952720642
230206_38,1,230206,A549,train,0.8715227976836689,0.8408477130195542,0.48241018648298917,0.4420135182189161,0.9399489164352417,0.9397661089897156
230206_39,1,230206,A549,train,0.8715227976836689,0.9009899457310309,0.652187828386503,0.6890814761179329,0.9159219861030579,0.8793764114379883
230206_4,0,230206,HPMEC,test,0.8634861413307878,0.8685498897093573,0.5937841474657595,0.8042113745077208,0.398098349571228,0.15091083943843842
230206_40,1,230206,A549,train,0.8715227976836689,0.6588197923015614,0.4380476718609994,0.3970021419372406,0.9139871597290039,0.9122504591941833
230206_41,1,230206,A549,train,0.8715227976836689,0.8180398025389309,0.25287847643510597,0.3044534090154793,0.877248227596283,0.8905622959136963
230206_42,1,230206,A549,val,0.8715227976836689,0.898840644880032,0.7318281676197679,0.6156887665815519,0.8561312556266785,0.8206901550292969
230206_43,1,230206,A549,train,0.8715227976836689,0.7368982727355985,0.44126393768275707,0.3906111012693166,0.8977575302124023,0.9446843266487122
230206_44,1,230206,A549,train,0.8715227976836689,0.7302941682175687,0.3652966566147414,0.34577034546243707,0.9612546563148499,0.9299606680870056
230206_45,1,230206,A549,train,0.8715227976836689,0.7761158641133185,0.19345552359226326,0.22846166166738052,0.9217374324798584,0.8797942996025085
230206_46,1,230206,A549,train,0.7861323247588317,0.9525348215695716,0.6222276064205962,0.6562400981224532,0.8951045870780945,0.9300065636634827
230206_47,1,230206,A549,test,0.7861323247588317,0.9639458899723173,0.7739407862255614,0.7178294252995597,0.928421139717102,0.9211350083351135
230206_48,1,230206,A549,test,0.7861323247588317,0.8901152675569937,0.644655504415491,0.6829464144172851,0.9604547619819641,0.9196124076843262
230206_49,1,230206,A549,val,0.7861323247588317,0.7837188214338179,0.4911625406391745,0.541519597262913,0.8161689639091492,0.830126941204071
230206_5,0,230206,HPMEC,train,0.8634861413307878,0.8832257201075358,0.8545488269285136,0.9292959032192213,0.9554117918014526,0.9659931063652039
230206_50,1,230206,A549,train,0.7861323247588317,0.9433761770327441,0.6814528419401947,0.6267073429371716,0.9203016757965088,0.9230654239654541
230206_51,1,230206,A549,train,0.7861323247588317,0.9506756816328693,0.865571612268717,0.825370892066678,0.9280083179473877,0.9551665782928467
230206_52,1,230206,A549,train,0.7861323247588317,0.7683730961242465,0.5152701464768975,0.5793486770003884,0.9111378192901611,0.9287272095680237
230206_53,1,230206,A549,train,0.7861323247588317,0.9202450467764404,0.566268023124415,0.5669912177634294,0.9157376289367676,0.9166370034217834
230206_54,1,230206,A549,train,0.7861323247588317,0.9024098080732523,0.706303249663098,0.6054006744459622,0.9492262005805969,0.9669283032417297
230206_55,1,230206,A549,train,0.7861323247588317,0.8654681298793592,0.5279238314285977,0.42546429542993214,0.7070927023887634,0.4943908751010895
230206_56,1,230206,A549,test,0.7861323247588317,0.951172757632815,0.8550535106354472,0.7164306558604272,0.9341767430305481,0.918438732624054
230206_57,1,230206,A549,test,0.7861323247588317,0.9375190387668633,0.7002565818006569,0.5467141608700855,0.838387131690979,0.846228301525116
230206_6,1,230206,HPMEC,train,0.8634861413307878,0.835080934659921,0.8388753975902532,0.902899961412035,0.8904812932014465,0.7907357811927795
230206_7,0,230206,HPMEC,train,0.8634861413307878,0.8259950263236531,0.846741275545648,0.8685387176331757,0.9553318023681641,0.9799292683601379
230206_8,0,230206,HPMEC,train,0.8634861413307878,0.7363869543326298,0.8471382664137124,0.8601745705568734,0.9529794454574585,0.9760622382164001
230206_9,1,230206,HPMEC,train,0.8634861413307878,0.8295301385529988,0.7913746870551848,0.8492221030967189,0.8821659684181213,0.915668249130249
230214_1,1,230214,HPMEC,train,0.6369217541536076,0.8918106417984245,0.3301117803404073,0.560149984881502,0.6914724111557007,0.7111346125602722
230214_10,1,230214,HPMEC,train,0.6369217541536076,0.9032882140986491,0.5666922625631862,0.666976113927743,0.9873018264770508,0.9932257533073425
230214_11,1,230214,HPMEC,train,0.6369217541536076,0.9232461847611446,0.6691854059493856,0.760295177665609,0.8372751474380493,0.7551811933517456
230214_12,0,230214,HPMEC,train,0.6369217541536076,0.9096616787362463,0.6646371917720238,0.6841046920420528,0.9069679975509644,0.8434315323829651
230214_13,1,230214,HPMEC,train,0.6369217541536076,0.9141238886292657,0.6904349446898055,0.7861588232645603,0.9889311194419861,0.9906214475631714
230214_14,1,230214,HPMEC,train,0.6369217541536076,0.9224613587045177,0.6956633067154725,0.7130677613387616,0.9600257277488708,0.9747558236122131
230214_15,1,230214,HPMEC,train,0.6369217541536076,0.9132928881597119,0.6686509014887886,0.8127333733905999,0.9835837483406067,0.9906739592552185
230214_16,1,230214,HPMEC,train,0.6369217541536076,0.8840395690775564,0.23640764681737342,0.5180751433486032,0.9588944315910339,0.988215446472168
230214_17,1,230214,HPMEC,train,0.6369217541536076,0.7991606384397312,0.34505619057314896,0.41022126291565875,0.914316713809967,0.9560316801071167
230214_18,1,230214,HPMEC,train,0.6369217541536076,0.9121698833449432,0.6602718418488064,0.6370541255371874,0.9803347587585449,0.9933915138244629
230214_19,1,230214,HPMEC,train,0.6369217541536076,0.9140138046416126,0.6988472628829392,0.7381980569258827,0.9895413517951965,0.9839336276054382
230214_2,1,230214,HPMEC,train,0.6369217541536076,0.8678501647729872,0.7754808134486983,0.7818552582215469,0.8616663217544556,0.9218795299530029
230214_20,1,230214,HPMEC,train,0.6369217541536076,0.8391690503786798,0.5133394727496204,0.6664224576412644,0.9673722386360168,0.953372597694397
230214_21,1,230214,HPMEC,train,0.6369217541536076,0.7662657763521526,0.33515521391262015,0.5196825091234006,0.9093763828277588,0.8950886726379395
230214_22,1,230214,HPMEC,train,0.6369217541536076,0.942494444875815,0.8011395803985868,0.7956795888074026,0.9503629803657532,0.975233793258667
230214_23,1,230214,HPMEC,train,0.6369217541536076,0.8872963062079394,0.6420560032534336,0.6003482411785314,0.9818871021270752,0.9782408475875854
230214_24,1,230214,HPMEC,val,0.6369217541536076,0.8999462598009398,0.3561810159863685,0.41379793230458345,0.9779520630836487,0.988358736038208
230214_25,1,230214,HPMEC,train,0.4730954183876242,0.8836332226936859,0.6574193541511953,0.7538709058497908,0.9779300689697266,0.9850342869758606
230214_26,1,230214,HPMEC,train,0.4730954183876242,0.8832259293945065,0.6043939832411754,0.693609287686746,0.9834210276603699,0.9845653176307678
230214_27,1,230214,HPMEC,test,0.4730954183876242,0.9068767895505709,0.7981677735769558,0.8849234616559277,0.9844489693641663,0.990211546421051
230214_28,1,230214,HPMEC,train,0.4730954183876242,0.8461926408579656,0.6204782610283807,0.5951902986165812,0.9780013561248779,0.9944520592689514
230214_29,1,230214,HPMEC,train,0.4730954183876242,0.6962967230599671,0.7042716802722749,0.6787571564774874,0.9664554595947266,0.9493183493614197
230214_3,1,230214,HPMEC,test,0.6369217541536076,0.8567650024427719,0.30174116639831977,0.36906176267864277,0.884553849697113,0.9620830416679382
230214_30,1,230214,HPMEC,test,0.4730954183876242,0.813617782075514,0.5354220832912356,0.7017778071823234,0.9978261590003967,0.9989252686500549
230214_31,1,230214,HPMEC,train,0.4730954183876242,0.8195913308256243,0.7144635259540095,0.7011122235764863,0.479176789522171,0.4549410939216614
230214_32,1,230214,HPMEC,val,0.4730954183876242,0.8333362749520663,0.5526382301798535,0.5779078932571102,0.8432896137237549,0.8779622316360474
230214_33,1,230214,HPMEC,test,0.4730954183876242,0.8601159670961346,0.7763440840955892,0.8308278489696783,0.9658033847808838,0.9699065089225769
230214_34,1,230214,HPMEC,train,0.4730954183876242,0.8305920050849791,0.4011144289623367,0.5226136924659337,0.9123246669769287,0.9495075941085815
230214_35,1,230214,HPMEC,train,0.4730954183876242,0.8504040362561192,0.5085902702727211,0.65415051454195,0.9930903315544128,0.9971327781677246
230214_36,0,230214,HPMEC,test,0.4730954183876242,0.7757807473314465,0.3562917508627842,0.5608805638375005,0.2460607886314392,0.3376176655292511
230214_37,1,230214,HPMEC,train,0.4730954183876242,0.7662915878708304,0.333586370180621,0.5252424372348419,0.9520348906517029,0.980187714099884
230214_38,1,230214,HPMEC,train,0.4730954183876242,0.7149112211634695,0.44597896909553786,0.5924536378921518,0.8551316261291504,0.8417777419090271
230214_39,1,230214,HPMEC,train,0.4730954183876242,0.8369986354871005,0.5383371489510278,0.6626290476479566,0.9612042307853699,0.9860055446624756
230214_4,1,230214,HPMEC,train,0.6369217541536076,0.8730473676776309,0.3662612083101121,0.4954923649826093,0.7170498371124268,0.8283195495605469
230214_40,1,230214,HPMEC,test,0.4730954183876242,0.8232423238834072,0.2653902799316031,0.42715952374820215,0.9801819920539856,0.9847238063812256
230214_41,1,230214,HPMEC,test,0.4730954183876242,0.8032834775705792,0.20010005696994915,0.35814891633314183,0.9620294570922852,0.9860748648643494
230214_42,1,230214,HPMEC,test,0.4730954183876242,0.7894958385772413,0.23383229809175596,0.3764768966272276,0.927469789981842,0.9690533876419067
230214_43,1,230214,HPMEC,test,0.4730954183876242,0.8206227591186097,0.6124843137530732,0.7393229835478563,0.9778925776481628,0.9796403050422668
230214_44,1,230214,HPMEC,test,0.4730954183876242,0.8381954975707737,0.316827833669515,0.44825419138803685,0.9636041522026062,0.9419481754302979
230214_45,1,230214,HPMEC,train,0.4730954183876242,0.8225580637303197,0.17821840528293253,0.26918074288734595,0.9530284404754639,0.9496821761131287
230214_46,0,230214,HPMEC,train,0.4730954183876242,0.7540591813414979,0.5581673342247984,0.6460836840269586,0.9783064723014832,0.9870254397392273
230214_47,1,230214,HPMEC,train,0.4730954183876242,0.7402725417718313,0.5852783737667233,0.7384971356763897,0.9801063537597656,0.984703779220581
230214_48,1,230214,HPMEC,train,0.4730954183876242,0.8019398471408384,0.6067243540816385,0.6990636083408616,0.949523389339447,0.956448495388031
230214_5,1,230214,HPMEC,test,0.6369217541536076,0.882358625015533,0.6819726808229405,0.7504417675768313,0.7845131754875183,0.8653390407562256
230214_6,1,230214,HPMEC,train,0.6369217541536076,0.8587632070268503,0.2888446926098653,0.5351470581225122,0.6720350980758667,0.9004371166229248
230214_7,1,230214,HPMEC,test,0.6369217541536076,0.40188106484161157,0.07418136511435035,0.09628742740236555,0.6512051224708557,0.5576536655426025
230214_8,1,230214,HPMEC,train,0.6369217541536076,0.8852359522417146,0.7441317466217051,0.7917394996529887,0.6750221252441406,0.5345362424850464
230214_9,1,230214,HPMEC,train,0.6369217541536076,0.8556207195273181,0.8333961414166727,0.8269617628557253,0.8806057572364807,0.8553992509841919
230215_1,1,230215,HPMEC,train,0.45802008295425833,0.911425499432839,0.7280919716074916,0.69094285272232,0.8842589259147644,0.8275371193885803
230215_10,1,230215,HPMEC,train,0.45802008295425833,0.8253771567424152,0.9298200075554788,0.8875878823517392,0.9725657105445862,0.9547755122184753
230215_11,1,230215,HPMEC,val,0.45802008295425833,0.7775015224612614,0.9209331024626853,0.8284815483615202,0.9250420928001404,0.8538942337036133
230215_12,1,230215,HPMEC,train,0.45802008295425833,0.47424575714285405,0.8339609483560955,0.630970280230438,0.3526071608066559,0.22963136434555054
230215_13,1,230215,HPMEC,test,0.45802008295425833,0.8633931023639615,0.921386743235441,0.7869730133378183,0.9855918884277344,0.8915984034538269
230215_14,1,230215,HPMEC,val,0.45802008295425833,0.8840669643365824,0.8876232850334329,0.8159935450512715,0.9564713835716248,0.7676666975021362
230215_15,1,230215,HPMEC,train,0.45802008295425833,0.8033726656463948,0.9341467422358776,0.8527749835522251,0.9773410558700562,0.8301535844802856
230215_16,1,230215,HPMEC,test,0.45802008295425833,0.8224989754034974,0.9041679502048063,0.7945821682198462,0.9960280656814575,0.9839973449707031
230215_17,1,230215,HPMEC,train,0.45802008295425833,0.8525097746031798,0.917641168954578,0.8409519711422279,0.9535259008407593,0.85100257396698
230215_18,0,230215,HPMEC,val,0.45802008295425833,0.6129717547188426,0.7541175963562187,0.6308811287681317,0.9697104096412659,0.8047844767570496
230215_19,0,230215,HPMEC,train,0.45802008295425833,0.29622894670355265,0.7544092119754611,0.6918481330503131,0.9090123772621155,0.9067105650901794
230215_2,1,230215,HPMEC,val,0.45802008295425833,0.8901930190678582,0.7985897656804865,0.7625079045942696,0.8738228678703308,0.5262711048126221
230215_20,1,230215,HPMEC,train,0.45802008295425833,0.4691762624160864,0.607987943779664,0.3356538885057562,0.9924782514572144,0.9503200650215149
230215_21,1,230215,HPMEC,val,0.45802008295425833,0.8767524785143904,0.9161258316405901,0.8288656333496741,0.9867380857467651,0.9036750197410583
230215_22,0,230215,HPMEC,val,0.45802008295425833,0.8564524946785621,0.9210426652405004,0.8937198440362655,0.9952860474586487,0.9771692156791687
230215_23,0,230215,HPMEC,test,0.45802008295425833,0.8832546087576103,0.9191475032294597,0.865985937767983,0.9954519867897034,0.9716368317604065
230215_24,0,230215,HPMEC,train,0.45802008295425833,0.8929892247195063,0.9291179387931017,0.9043594969181447,0.9973124265670776,0.9493502378463745
230215_3,1,230215,HPMEC,train,0.45802008295425833,0.95745257319119,0.8118631225735362,0.7059679733782557,0.8729453682899475,0.6602888703346252
230215_4,1,230215,HPMEC,train,0.45802008295425833,0.9650979109919963,0.8253370345150364,0.693924948743726,0.9545707106590271,0.9498797059059143
230215_5,0,230215,HPMEC,train,0.45802008295425833,0.9473348152397424,0.8508587090164743,0.6348826243509584,0.9724560379981995,0.9673916697502136
230215_6,0,230215,HPMEC,train,0.45802008295425833,0.7713246703982746,0.5504202980378498,0.4210924566502713,0.7927886843681335,0.8361742496490479
230215_7,1,230215,HPMEC,train,0.45802008295425833,0.8812617366296597,0.8435644880659453,0.7390352726024886,0.8690972924232483,0.6218202114105225
230215_8,0,230215,HPMEC,train,0.45802008295425833,0.8076623451468843,0.8125777897950524,0.8087762225180917,0.9827473163604736,0.8328865766525269
230215_9,1,230215,HPMEC,train,0.45802008295425833,0.8691368578561027,0.9113345880204198,0.890157213266215,0.9965597987174988,0.9702765941619873
230216_1,1,230216,HPMEC,val,0.5196705341755282,0.5498733978123418,0.8627140000739135,0.5991547561565554,0.9975751042366028,0.9830590486526489
230216_2,1,230216,HPMEC,train,0.5196705341755282,0.5893709123870873,0.8951498731612758,0.7678854724096119,0.9993537068367004,0.9951484799385071
230216_3,1,230216,HPMEC,train,0.5196705341755282,0.659366987926945,0.8102220691086303,0.7321371177506023,0.984397828578949,0.9658031463623047
230216_4,1,230216,HPMEC,train,0.5196705341755282,0.713483079250111,0.71945627615634,0.6985272261651689,0.9883602857589722,0.9457613229751587
230216_5,1,230216,HPMEC,train,0.5196705341755282,0.7126082631597047,0.801791452037705,0.6619339338291402,0.9956657290458679,0.9595203995704651
230216_6,1,230216,HPMEC,train,0.5196705341755282,0.6293850693469978,0.8429131421365815,0.6627997541289196,0.9694711565971375,0.9096894860267639
230314_1,1,230314,HPMEC,train,0.6247882000274465,0.594023671829222,0.8676740320086075,0.6688262342608389,0.4130542576313019,0.5411719083786011
230314_10,0,230314,HPMEC,test,0.6247882000274465,0.7151150191463039,0.7394502535191806,0.7614662656899297,0.7575361728668213,0.6860519051551819
230314_11,0,230314,HPMEC,train,0.6247882000274465,0.6936530628909304,0.7433257950128951,0.6570315806079967,0.7116798758506775,0.6435545682907104
230314_12,0,230314,HPMEC,val,0.6247882000274465,0.7074038757577668,0.748839966052938,0.8235156311424773,0.7111508250236511,0.6829412579536438
230314_13,0,230314,HPMEC,train,0.6247882000274465,0.6049237643562001,0.7556309490867843,0.7721161524275937,0.9089969992637634,0.7654072642326355
230314_14,0,230314,HPMEC,test,0.6247882000274465,0.46656836118093825,0.7376742366986558,0.7531712980148254,0.8623857498168945,0.7292069792747498
230314_15,0,230314,HPMEC,train,0.6247882000274465,0.47483325033770046,0.7155234507581788,0.7616108842413736,0.8032966256141663,0.7254255414009094
230314_16,0,230314,HPMEC,train,0.6247882000274465,0.39896158507438995,0.706288425851255,0.7872211002170685,0.510836660861969,0.8284785747528076
230314_17,0,230314,HPMEC,train,0.6247882000274465,0.3648229910866933,0.6242046596275652,0.7411586452074611,0.2503144145011902,0.673077404499054
230314_18,0,230314,HPMEC,train,0.6247882000274465,0.3366162928763644,0.33264491077899583,0.37875294109900204,0.0954136848449707,0.02411404438316822
230314_19,0,230314,HPMEC,train,0.6247882000274465,0.7096375867177783,0.7519001589284978,0.7462329082094779,0.6476587057113647,0.2940370440483093
230314_2,1,230314,HPMEC,train,0.6247882000274465,0.5453203316675147,0.704143697871257,0.8260992626420286,0.486382395029068,0.36730846762657166
230314_20,0,230314,HPMEC,train,0.6247882000274465,0.5870507607430111,0.7526022524874612,0.6813288423392035,0.627183735370636,0.5807462334632874
230314_21,0,230314,HPMEC,test,0.6247882000274465,0.5396696532838406,0.7620131240383964,0.5569001680103812,0.7223568558692932,0.5711509585380554
230314_22,0,230314,HPMEC,train,0.6247882000274465,0.32044063077151036,0.7014098493548687,0.6695911831885046,0.7595760226249695,0.7733364105224609
230314_23,0,230314,HPMEC,val,0.6247882000274465,0.4130374516963971,0.7743605682072848,0.776533496884113,0.7284561991691589,0.6474271416664124
230314_24,0,230314,HPMEC,val,0.6247882000274465,0.5619122375530385,0.7341966717189068,0.6341191342523372,0.8694908618927002,0.7369984984397888
230314_25,0,230314,HPMEC,train,0.6247882000274465,0.5311703296847153,0.8166719162769969,0.7819400582840804,0.7794693112373352,0.6911299228668213
230314_26,0,230314,HPMEC,test,0.6247882000274465,0.3308639488740165,0.702143786709411,0.7324626597169664,0.704387366771698,0.6793609261512756
230314_27,0,230314,HPMEC,val,0.6247882000274465,0.02902360466657484,0.0904334098432978,0.08147184770549167,0.719629168510437,0.21159303188323975
230314_28,0,230314,HPMEC,train,0.6247882000274465,0.636840050413348,0.23459677742084048,0.15723924281572996,0.6979600191116333,0.4571128189563751
230314_29,0,230314,HPMEC,train,0.6247882000274465,0.5548434874474665,0.8367838020374098,0.6912197893382371,0.9857295751571655,0.971059262752533
230314_3,1,230314,HPMEC,train,0.6247882000274465,0.6929911098446557,0.5479984287544841,0.7779570001616815,0.5175272226333618,0.5840222835540771
230314_30,0,230314,HPMEC,train,0.6247882000274465,0.38335246617491714,0.7224304990467691,0.6647966713726128,0.781456708908081,0.533772885799408
230314_31,0,230314,HPMEC,train,0.6247882000274465,0.3977483864289015,0.7167135193966675,0.7608578277273266,0.7136555910110474,0.7803252935409546
230314_32,0,230314,HPMEC,train,0.6247882000274465,0.7162345495163468,0.6884698057462506,0.6762381368485127,0.8491703867912292,0.7819352746009827
230314_33,0,230314,HPMEC,train,0.6247882000274465,0.7131276438062631,0.7126202786173628,0.6602826530030588,0.5534994602203369,0.5569490790367126
230314_34,0,230314,HPMEC,train,0.6247882000274465,0.26069961403578706,0.17641802671478243,0.12888847255207697,0.0446600541472435,0.010873236693441868
230314_35,0,230314,HPMEC,train,0.6247882000274465,0.47473233978210994,0.657882194561187,0.7066649195595069,0.324765682220459,0.36682966351509094
230314_36,1,230314,HPMEC,val,0.6247882000274465,0.8133961045147338,0.8354032211959608,0.8858897007333979,0.9986627101898193,0.9984534978866577
230314_37,1,230314,HPMEC,train,0.6247882000274465,0.8518646977861882,0.870525583707638,0.909133529240601,0.9933742880821228,0.9995614886283875
230314_38,1,230314,HPMEC,train,0.6247882000274465,0.8920548358758961,0.8736134131062889,0.9214924589219778,0.9843639731407166,0.9995337724685669
230314_39,1,230314,HPMEC,train,0.6247882000274465,0.8669599048184886,0.8609623490580872,0.9051033663603865,0.9327155947685242,0.9948729872703552
230314_4,1,230314,HPMEC,train,0.6247882000274465,0.6091454078958549,0.7687613450679562,0.8684211136112087,0.6930981874465942,0.55312180519104
230314_40,1,230314,HPMEC,train,0.6247882000274465,0.6941728583934885,0.9305730521816268,0.9139738980820423,0.9762451648712158,0.9838005900382996
230314_41,1,230314,HPMEC,train,0.6247882000274465,0.7625403187849875,0.9167285823285172,0.9029963698197871,0.9900456070899963,0.996630847454071
230314_42,1,230314,HPMEC,train,0.6247882000274465,0.8118177848388404,0.8753435617328403,0.8857555364693812,0.9963132739067078,0.9965998530387878
230314_43,1,230314,HPMEC,val,0.6247882000274465,0.699385188300946,0.8764471798514059,0.9323584007542661,0.9703523516654968,0.9984545707702637
230314_44,1,230314,HPMEC,train,0.6247882000274465,0.886329207375415,0.9006929219402865,0.9229274947754564,0.9652884006500244,0.9766182899475098
230314_45,1,230314,HPMEC,train,0.6247882000274465,0.8049915838037457,0.8893303335359717,0.91220763562848,0.9920044541358948,0.9973140358924866
230314_46,1,230314,HPMEC,val,0.6247882000274465,0.77369668643916,0.9123971732057863,0.9345109748632722,0.988366425037384,0.9938393235206604
230314_47,1,230314,HPMEC,train,0.6247882000274465,0.8415797952007734,0.8552129630377117,0.887354904904746,0.9712901711463928,0.9669778347015381
230314_48,1,230314,HPMEC,test,0.6247882000274465,0.797667156361706,0.9068014146476266,0.9089169709016042,0.9973674416542053,0.9976924657821655
230314_49,1,230314,HPMEC,train,0.6247882000274465,0.786813232116627,0.8662536633738098,0.9106631972677457,0.9937678575515747,0.9995250701904297
230314_5,1,230314,HPMEC,train,0.6247882000274465,0.3736402656576121,0.6226437252152826,0.6688960672470702,0.41037100553512573,0.19675995409488678
230314_50,1,230314,HPMEC,test,0.6247882000274465,0.8614482714293856,0.8989098870963266,0.9310794617467794,0.9891908168792725,0.9964336156845093
230314_6,1,230314,HPMEC,train,0.6247882000274465,0.37976146875794975,0.7228128070492073,0.779565514395362,0.5829904675483704,0.45026713609695435
230314_7,1,230314,HPMEC,test,0.6247882000274465,0.47555616847210397,0.7157318762252589,0.6845901572649624,0.5490707159042358,0.4654400944709778
230314_8,0,230314,HPMEC,train,0.6247882000274465,0.31960016935369584,0.40976504897040245,0.4588956745279773,0.49058815836906433,0.23902472853660583
230314_9,0,230314,HPMEC,train,0.6247882000274465,0.6827301061333121,0.7581719273203927,0.7254707883601185,0.6460711359977722,0.6383562088012695
230315_1,0,230315,HPMEC,train,0.3442283103824651,0.5867705215441869,0.522065738257258,0.28041150066188614,0.3721165955066681,0.4870620369911194
230315_10,1,230315,HPMEC,val,0.3442283103824651,0.4034813080300821,0.7953765183350089,0.7210926336389507,0.7119359970092773,0.6774024367332458
230315_11,1,230315,HPMEC,train,0.3442283103824651,0.5023854328391747,0.7804792064003739,0.7228462586095359,0.8172243237495422,0.9177393913269043
230315_12,1,230315,HPMEC,train,0.3442283103824651,0.6011540916910408,0.847068048420884,0.7406932710812164,0.5160813927650452,0.7497645020484924
230315_13,1,230315,HPMEC,train,0.3442283103824651,0.5751569137646417,0.6129013866963742,0.4425703758998176,0.5378265976905823,0.7474683523178101
230315_14,1,230315,HPMEC,train,0.3442283103824651,0.6033969325300655,0.6562978354850573,0.4338934103288821,0.7809242010116577,0.793185293674469
230315_15,1,230315,HPMEC,train,0.3442283103824651,0.6697471009595846,0.7886304937599601,0.5753994736804486,0.710935115814209,0.8034167885780334
230315_16,1,230315,HPMEC,test,0.3442283103824651,0.6925929304429578,0.8183394014284046,0.5808751249128027,0.852313220500946,0.8586009740829468
230315_17,1,230315,HPMEC,train,0.3442283103824651,0.6617555207852781,0.6485016849051753,0.6004733850024351,0.7837238907814026,0.7454301118850708
230315_18,1,230315,HPMEC,train,0.3442283103824651,0.7254108748800743,0.8885887626471487,0.6801513395393104,0.7580877542495728,0.8084263801574707
230315_19,0,230315,HPMEC,train,0.3442283103824651,0.6128888277434227,0.5846012087705551,0.23872025471126807,0.20237517356872559,0.14083702862262726
230315_2,0,230315,HPMEC,test,0.3442283103824651,0.498024194572287,0.46698053020623187,0.4138103416360832,0.1551741361618042,0.25576549768447876
230315_20,1,230315,HPMEC,train,0.3442283103824651,0.6029139415781881,0.8788189145486891,0.7246478559955035,0.7230480909347534,0.8746097683906555
230315_21,1,230315,HPMEC,val,0.3442283103824651,0.7276448434627208,0.9462828392211778,0.7877427744963729,0.6351696252822876,0.7745938301086426
230315_22,0,230315,HPMEC,test,0.3442283103824651,0.6705287238722141,0.9305999793762975,0.7575955717994124,0.6624299883842468,0.5649967789649963
230315_23,0,230315,HPMEC,test,0.3442283103824651,0.7480455061003385,0.9555822052545762,0.8083539842678616,0.46054524183273315,0.5605551600456238
230315_24,0,230315,HPMEC,train,0.3442283103824651,0.7154432744539051,0.970237356291782,0.8578602138448795,0.3414379954338074,0.335720032453537
230315_25,0,230315,HPMEC,train,0.3442283103824651,0.7184966110536533,0.970520767965781,0.8690269174133979,0.3619970381259918,0.27667316794395447
230315_26,0,230315,HPMEC,test,0.3442283103824651,0.5538252966817658,0.41369457047124203,0.24391571728043163,0.0874810442328453,0.08215087652206421
230315_27,0,230315,HPMEC,train,0.3442283103824651,0.75625599301665,0.9273918956487373,0.8110530102072283,0.33603599667549133,0.36308467388153076
230315_28,0,230315,HPMEC,train,0.3442283103824651,0.7743710488454398,0.95256869487125,0.7995153168587389,0.1325090378522873,0.11726375669240952
230315_29,0,230315,HPMEC,test,0.3442283103824651,0.5983440637917622,0.6085315180356172,0.3306373043637385,0.18446612358093262,0.13747145235538483
230315_3,1,230315,HPMEC,train,0.3442283103824651,0.4563966074335307,0.8359089825624423,0.606906085327212,0.037852779030799866,0.05291298031806946
230315_30,0,230315,HPMEC,train,0.3442283103824651,0.7357694818956322,0.8504980075097075,0.5589462737025548,0.1295921951532364,0.07969220727682114
230315_31,0,230315,HPMEC,train,0.3442283103824651,0.8003136154187954,0.9634560117839452,0.8228887697094188,0.6234959363937378,0.6128649711608887
230315_32,0,230315,HPMEC,train,0.3442283103824651,0.7518490140175381,0.9241975262185131,0.6752146647969431,0.44457027316093445,0.23728874325752258
230315_33,0,230315,HPMEC,test,0.3442283103824651,0.8183830668771187,0.958587172079383,0.8036151511562117,0.645412266254425,0.5204592943191528
230315_34,0,230315,HPMEC,train,0.3442283103824651,0.7626613215652445,0.9587707003673155,0.7680245702460846,0.515139639377594,0.43597984313964844
230315_35,0,230315,HPMEC,train,0.3442283103824651,0.750275173259179,0.8557234040691047,0.6759814819490674,0.2921832501888275,0.4009116590023041
230315_36,0,230315,HPMEC,train,0.3442283103824651,0.3639239160167686,0.7503660323091392,0.5795306909529955,0.4287000000476837,0.5183735489845276
230315_37,1,230315,HPMEC,train,0.3442283103824651,0.44732885077567386,0.8733840360271866,0.6989676471785387,0.43150094151496887,0.48380088806152344
230315_38,1,230315,HPMEC,test,0.3442283103824651,0.563809442731672,0.8597727102683604,0.6873123427083583,0.8104109764099121,0.847740888595581
230315_39,1,230315,HPMEC,train,0.3442283103824651,0.7431365887675225,0.9474460656678396,0.8733496914552962,0.36587613821029663,0.41517025232315063
230315_4,1,230315,HPMEC,train,0.3442283103824651,0.3750765999607421,0.8636921476974424,0.6054016546218373,0.44007593393325806,0.6447919607162476
230315_40,0,230315,HPMEC,train,0.3442283103824651,0.5567766687626404,0.44767688660540506,0.38369922477120405,0.1486009955406189,0.3870891034603119
230315_41,0,230315,HPMEC,test,0.3442283103824651,0.5674274082689443,0.5844182680547022,0.4666362092478726,0.049171123653650284,0.13639004528522491
230315_42,1,230315,HPMEC,train,0.3442283103824651,0.6053877896196272,0.7498443655001863,0.6247978477657502,0.4712725579738617,0.41055139899253845
230315_43,1,230315,HPMEC,train,0.3442283103824651,0.7318715447382875,0.7185138002273798,0.48428252585459985,0.48743975162506104,0.4413332939147949
230315_44,1,230315,HPMEC,test,0.3442283103824651,0.6801464583886582,0.8060874510055439,0.6199157685721325,0.580618143081665,0.6099478602409363
230315_45,1,230315,HPMEC,train,0.3442283103824651,0.7539535440404811,0.8727676753613717,0.665732659988801,0.39966732263565063,0.498022198677063
230315_46,1,230315,HPMEC,train,0.3442283103824651,0.6216024905413421,0.8770693057710787,0.7953078848177806,0.5854542255401611,0.7388710379600525
230315_47,1,230315,HPMEC,train,0.3442283103824651,0.704973366032996,0.8056882368879544,0.5368037098960401,0.5072675943374634,0.5998596549034119
230315_48,1,230315,HPMEC,train,0.3442283103824651,0.49596352085378287,0.7627433425314647,0.6317292082157321,0.5448827147483826,0.657833456993103
230315_49,1,230315,HPMEC,train,0.3442283103824651,0.5514794852840224,0.8172777443483281,0.6135864606314366,0.518415629863739,0.6341380476951599
230315_5,1,230315,HPMEC,train,0.3442283103824651,0.48221722223358904,0.8197855754050068,0.5923501513195039,0.42030075192451477,0.4882584810256958
230315_50,1,230315,HPMEC,test,0.3442283103824651,0.6051926547040831,0.7758422838389551,0.539223568164463,0.5810057520866394,0.7915533781051636
230315_51,1,230315,HPMEC,train,0.3442283103824651,0.67462434483712,0.8887938015869884,0.582061198636331,0.7467875480651855,0.7913797497749329
230315_52,1,230315,HPMEC,train,0.3442283103824651,0.7596995613706499,0.8824454161833916,0.5963657617878068,0.8593529462814331,0.907233476638794
230315_53,1,230315,HPMEC,val,0.3442283103824651,0.7935692128891121,0.8778295721536816,0.6547578443314203,0.798323929309845,0.9402877688407898
230315_54,1,230315,HPMEC,train,0.3442283103824651,0.7961190678621268,0.8615866978390541,0.5257903599055239,0.8700240850448608,0.9272441267967224
230315_55,1,230315,HPMEC,train,0.3442283103824651,0.7370930784616989,0.8828793881433556,0.5373664299487926,0.6979868412017822,0.8791764974594116
230315_56,0,230315,HPMEC,test,0.3442283103824651,0.8412880270783358,0.6062747381531031,0.2764035659168139,0.6209078431129456,0.5445858836174011
230315_57,0,230315,HPMEC,train,0.3442283103824651,0.8234263814297237,0.490845453722044,0.368237946836079,0.8190059661865234,0.8491483926773071
230315_58,0,230315,HPMEC,train,0.3442283103824651,0.7154140133163747,0.31804385289397474,0.11332662823428355,0.6637275218963623,0.5501949191093445
230315_59,0,230315,HPMEC,train,0.3442283103824651,0.7032943953952964,0.25285601558645376,0.14375004782133396,0.8143800497055054,0.8170194029808044
230315_6,1,230315,HPMEC,train,0.3442283103824651,0.44148967720213544,0.8169238737810769,0.602306601575374,0.3366798460483551,0.5321844816207886
230315_60,0,230315,HPMEC,val,0.3442283103824651,0.6796232738338057,0.5212583787642029,0.27868370869792775,0.3365876376628876,0.357155978679657
230315_61,0,230315,HPMEC,train,0.3442283103824651,0.7263873214008424,0.4786104926560704,0.329355628734385,0.6907055377960205,0.6758657693862915
230315_62,0,230315,HPMEC,train,0.3442283103824651,0.8009176390660837,0.6470533033203014,0.5493493115970416,0.8690098524093628,0.8109926581382751
230315_63,0,230315,HPMEC,train,0.3442283103824651,0.667751023377778,0.5574989354159189,0.4196226973264616,0.8692159056663513,0.7724113464355469
230315_64,0,230315,HPMEC,val,0.3442283103824651,0.6257030512007706,0.5081887443853306,0.19708212723530916,0.5914990901947021,0.6009645462036133
230315_65,1,230315,HPMEC,train,0.3442283103824651,0.6460503329006415,0.610258290470978,0.2996833912691329,0.6903868913650513,0.6770803332328796
230315_66,1,230315,HPMEC,test,0.3442283103824651,0.5537137695870835,0.6826685660077293,0.37557442175798716,0.5848962664604187,0.4826621413230896
230315_67,1,230315,HPMEC,train,0.3442283103824651,0.6775386675455978,0.8665137071565947,0.6024843802280351,0.7542914748191833,0.7464670538902283
230315_68,1,230315,HPMEC,test,0.3442283103824651,0.5360530952478336,0.842236181824641,0.5581344454019576,0.847671389579773,0.8693401217460632
230315_69,1,230315,HPMEC,val,0.3442283103824651,0.6664563395346645,0.869457697760294,0.5925269414341101,0.8267754912376404,0.8548892140388489
230315_7,1,230315,HPMEC,train,0.3442283103824651,0.44999491848673207,0.7858867846523957,0.5365541596216455,0.28328314423561096,0.3940107524394989
230315_70,1,230315,HPMEC,test,0.3442283103824651,0.6335800799158866,0.7295996281461029,0.36195998341057306,0.8850013017654419,0.9069665670394897
230315_71,1,230315,HPMEC,train,0.3442283103824651,0.7167128058687533,0.8051783689618532,0.4629437406245683,0.9347543716430664,0.9389580488204956
230315_72,1,230315,HPMEC,test,0.3442283103824651,0.6561867401838686,0.7928929313844177,0.3908148515178024,0.8585833311080933,0.8259990215301514
230315_73,0,230315,HPMEC,train,0.3442283103824651,0.7251980829071389,0.5873326314590801,0.3216465116301914,0.13693267107009888,0.11716479808092117
230315_74,0,230315,HPMEC,train,0.3442283103824651,0.6170155593948498,0.5513231654294457,0.2969407752126571,0.15233109891414642,0.192665234208107
230315_75,0,230315,HPMEC,val,0.3442283103824651,0.6923159496066633,0.7075001820449696,0.4878819738705704,0.597561240196228,0.5901129245758057
230315_76,0,230315,HPMEC,train,0.3442283103824651,0.8013130839390575,0.855671182080367,0.5196539030590562,0.6809940338134766,0.5714716911315918
230315_77,0,230315,HPMEC,test,0.3442283103824651,0.8805087688802026,0.9272662053352267,0.714592122634348,0.40546682476997375,0.32140985131263733
230315_78,0,230315,HPMEC,train,0.3442283103824651,0.9294415035194197,0.9654771567746196,0.7739495586619798,0.795035719871521,0.6987331509590149
230315_79,0,230315,HPMEC,train,0.3442283103824651,0.9022572486303089,0.941717227979421,0.7206978110169351,0.7598653435707092,0.7028077840805054
230315_8,1,230315,HPMEC,val,0.3442283103824651,0.4576270490317354,0.7313772954366069,0.607529075004265,0.6397553086280823,0.6759227514266968
230315_80,0,230315,HPMEC,test,0.3442283103824651,0.8936706617803367,0.9065633387581573,0.6400577945973839,0.7459601759910583,0.675692617893219
230315_81,0,230315,HPMEC,train,0.3442283103824651,0.8974389471626045,0.8794785588112618,0.6392568293962058,0.5587842464447021,0.5178225040435791
230315_82,1,230315,HPMEC,test,0.3442283103824651,0.5273821630690334,0.9182664812829726,0.5350646756623261,0.35129058361053467,0.5113062858581543
230315_83,1,230315,HPMEC,train,0.3442283103824651,0.5137518698476126,0.9110823420711707,0.721774435995618,0.2893980145454407,0.3612585961818695
230315_84,1,230315,HPMEC,test,0.3442283103824651,0.5932074437454679,0.8972854119832583,0.7024057465502158,0.48817360401153564,0.5348493456840515
230315_85,1,230315,HPMEC,train,0.3442283103824651,0.6342760369768529,0.8958171022102749,0.7275983868357149,0.2788003981113434,0.27759531140327454
230315_86,1,230315,HPMEC,train,0.3442283103824651,0.7095048803076469,0.8720735469786071,0.7040425427332319,0.42295318841934204,0.43068772554397583
230315_87,1,230315,HPMEC,val,0.3442283103824651,0.7464017885090706,0.9362190718179908,0.7905588761826309,0.6016180515289307,0.6950414776802063
230315_88,1,230315,HPMEC,val,0.3442283103824651,0.7509534868988301,0.9312120206133613,0.778354201435335,0.51253741979599,0.5671144127845764
230315_89,1,230315,HPMEC,train,0.3442283103824651,0.7396440105742595,0.8603184843636159,0.7144110336676702,0.5222846269607544,0.5416992902755737
230315_9,1,230315,HPMEC,test,0.3442283103824651,0.41599872142776423,0.4762297058325488,0.39519054885514493,0.5529606938362122,0.4060996174812317
230315_90,1,230315,HPMEC,train,0.3442283103824651,0.7692640812405842,0.9425197967784772,0.7142506620242529,0.7395675778388977,0.8607451319694519
230315_91,0,230315,HPMEC,test,0.3442283103824651,0.7848024090153368,0.8600589362257932,0.5329166509354663,0.8407624959945679,0.8803517818450928
230315_92,0,230315,HPMEC,test,0.3442283103824651,0.7972676301455981,0.6694650382243854,0.33664685769761477,0.1900934875011444,0.27223896980285645
230315_93,0,230315,HPMEC,train,0.3442283103824651,0.7532884880380663,0.5955217993957022,0.4239801989336938,0.7052863240242004,0.7050859332084656
230315_94,0,230315,HPMEC,test,0.3442283103824651,0.7451890911414634,0.8122659834021392,0.5263783079764379,0.6096501350402832,0.6372429132461548
230316_1,1,230316,A549,train,0.9554968335443913,0.83395718206077,0.6588306114232931,0.8251453485807484,0.9843771457672119,0.9767692685127258
230316_10,1,230316,A549,test,0.7538931066049558,0.7541955535840729,0.7905255112164952,0.9097341033012643,0.9616371393203735,0.9830036163330078
230316_11,1,230316,A549,train,0.7538931066049558,0.6236475724990296,0.6875267611223633,0.8961932974831313,0.9437589645385742,0.9282721877098083
230316_12,1,230316,A549,test,0.7538931066049558,0.5906171976551338,0.3550071150981055,0.5262091160535004,0.9539904594421387,0.9600719213485718
230316_13,1,230316,A549,val,0.7538931066049558,0.6964134585535339,0.8627169938789813,0.9181211093526312,0.9677784442901611,0.9722524881362915
230316_14,1,230316,A549,train,0.7538931066049558,0.5664956329035747,0.860074786829314,0.9486290564096147,0.9752530455589294,0.9845786094665527
230316_15,1,230316,A549,train,0.7538931066049558,0.6435447343073939,0.6944614886759619,0.8959022542382814,0.8952500224113464,0.9624873995780945
230316_16,1,230316,A549,train,0.7538931066049558,0.6579985298848571,0.49911797887247905,0.8096580787918949,0.9205809831619263,0.9525186419487
230316_17,1,230316,NHBE,test,0.9839755219195367,0.7434152445109248,0.8562477254729298,0.9720510205731718,0.9728968739509583,0.9650954008102417
230316_18,1,230316,NHBE,train,0.9839755219195367,0.69325631349585,0.7802364833522045,0.9223879691786847,0.9962026476860046,0.9930087327957153
230316_19,1,230316,NHBE,train,0.9839755219195367,0.6796939487206807,0.8327950114791547,0.950660203581554,0.898857057094574,0.943767249584198
230316_2,1,230316,A549,train,0.9554968335443913,0.7914893095353953,0.8084340121730803,0.8787807916209428,0.9826096296310425,0.9861165881156921
230316_20,1,230316,NHBE,train,0.9839755219195367,0.6718722615125835,0.7692898316660017,0.8673147701398591,0.9834463000297546,0.9577329754829407
230316_21,1,230316,NHBE,val,0.9839755219195367,0.7483607671265613,0.9373335862435717,0.9777910857962736,0.9920576214790344,0.9782958626747131
230316_22,1,230316,NHBE,train,0.9839755219195367,0.5789238690743098,0.9206111624562184,0.9467233009769296,0.9825358390808105,0.9836906790733337
230316_23,1,230316,NHBE,train,0.9839755219195367,0.7011825704416705,0.8754231810550065,0.9600886984477909,0.9401124119758606,0.9233294725418091
230316_24,1,230316,NHBE,train,0.9839755219195367,0.6424370446823372,0.5754918554167154,0.7850908707417741,0.9798212051391602,0.9717047810554504
230316_25,1,230316,NHBE,train,0.9577789326611323,0.7537631992636695,0.5504486584897154,0.8802332716350609,0.9393532872200012,0.9538899064064026
230316_26,1,230316,NHBE,train,0.9577789326611323,0.4778978101756392,0.48548015682880474,0.8731864545977118,0.9467566013336182,0.9592804312705994
230316_27,1,230316,NHBE,train,0.9577789326611323,0.6698083762976026,0.6457300234113986,0.8870210271654114,0.9720783829689026,0.9902570247650146
230316_28,1,230316,NHBE,test,0.9577789326611323,0.6067090401914648,0.6027936715265123,0.8818100210069711,0.9035006761550903,0.9555006623268127
230316_29,1,230316,NHBE,test,0.9577789326611323,0.7451344123577639,0.8400801861198994,0.9415900970433532,0.9542871713638306,0.9716637134552002
230316_3,1,230316,A549,train,0.9554968335443913,0.4884121517682868,0.8229599183043397,0.8953723562003312,0.9875158071517944,0.9827603101730347
230316_30,1,230316,NHBE,train,0.9577789326611323,0.6651862539534886,0.9059277822320466,0.9138834044189846,0.9407215714454651,0.9585477709770203
230316_31,1,230316,NHBE,test,0.9577789326611323,0.6886489219330137,0.8276969695336486,0.9127276806655045,0.9800525903701782,0.9843645691871643
230316_32,1,230316,NHBE,train,0.9577789326611323,0.7612713507941653,0.7718051607250234,0.9082695840476318,0.9726251363754272,0.9869028329849243
230316_33,1,230316,HPMEC,test,0.9469720135669784,0.7952131929494148,0.8255431407930354,0.8780920858530332,0.990300178527832,0.9910451173782349
230316_34,1,230316,HPMEC,train,0.9469720135669784,0.8264305346571837,0.7874588962055505,0.8196493932760287,0.9861288070678711,0.9908344745635986
230316_35,1,230316,HPMEC,train,0.9469720135669784,0.7549449526104707,0.8581383108880675,0.9294203159507434,0.911274790763855,0.931348443031311
230316_36,1,230316,HPMEC,val,0.9469720135669784,0.7885455806815134,0.8477772299837628,0.9241732622659379,0.9744212031364441,0.9735327959060669
230316_37,1,230316,HPMEC,train,0.9469720135669784,0.8102642543422999,0.9250301028732159,0.9562700397475009,0.9578679203987122,0.973068356513977
230316_38,1,230316,HPMEC,test,0.9469720135669784,0.8133598872135582,0.9141155891364025,0.9471233025029996,0.9847516417503357,0.9860661625862122
230316_39,1,230316,HPMEC,train,0.9156420733667655,0.7412766397781786,0.6606493476334154,0.55862183315883,0.9224792122840881,0.9598209857940674
230316_4,1,230316,A549,test,0.9554968335443913,0.5148053182273218,0.5463875520912549,0.9121751577931856,0.9574306607246399,0.9486939311027527
230316_40,1,230316,HPMEC,train,0.9156420733667655,0.7395821450657094,0.6989981123807315,0.8031415551669705,0.911920964717865,0.942683219909668
230316_41,1,230316,HPMEC,train,0.9156420733667655,0.7071831310212255,0.8911741910492026,0.8980112523811509,0.9821902513504028,0.9793483018875122
230316_42,1,230316,HPMEC,train,0.9156420733667655,0.6870520824673312,0.8666875618265478,0.7920587266193463,0.8427290320396423,0.8755350112915039
230316_43,1,230316,HPMEC,train,0.9156420733667655,0.7037128775949701,0.8859893754737841,0.8357427349207445,0.8990293145179749,0.9399383664131165
230316_44,1,230316,HPMEC,test,0.9156420733667655,0.7349681083874882,0.8655711539227987,0.8439048368545811,0.9655227065086365,0.9800065159797668
230316_5,1,230316,A549,test,0.9554968335443913,0.8622543429719748,0.8605521096298696,0.9109900293546285,0.9622385501861572,0.95860755443573
230316_6,1,230316,A549,train,0.9554968335443913,0.6453895052882707,0.9366743169340034,0.9768867183772021,0.9868020415306091,0.9727264642715454
230316_7,1,230316,A549,train,0.9554968335443913,0.6060028408220387,0.9621016080816294,0.9827303429610138,0.9665098786354065,0.9289867281913757
230316_8,1,230316,A549,train,0.9554968335443913,0.7854931594301627,0.7515928835221726,0.8944574458392449,0.9866089224815369,0.9750310182571411
230316_9,1,230316,A549,val,0.7538931066049558,0.7659959570051512,0.6503608927792308,0.8679070986269882,0.9696998000144958,0.9823850989341736
230317_1,0,230317,HPMEC,train,0.41119706055171656,0.5288404866563586,0.4414433648098598,0.4778902441256121,0.13595114648342133,0.10206495970487595
230317_10,0,230317,HPMEC,train,0.41119706055171656,0.510134210244793,0.4069041883698453,0.4990712863234735,0.8720976710319519,0.7147846221923828
230317_100,1,230317,NHBE,train,0.5797052990400503,0.09345969467783265,0.33621165799959285,0.2784261285500507,0.1339292973279953,0.20417436957359314
230317_11,1,230317,HPMEC,test,0.41119706055171656,0.6783431001567164,0.6247069814420166,0.6103338964228486,0.6687004566192627,0.6629917621612549
230317_12,1,230317,HPMEC,test,0.41119706055171656,0.664580243986504,0.8098811662628695,0.762712362315241,0.9231330752372742,0.9486507177352905
230317_13,1,230317,HPMEC,train,0.41119706055171656,0.6262600431843888,0.7684529302278074,0.8123128480776278,0.8450928330421448,0.8785538673400879
230317_14,1,230317,HPMEC,test,0.41119706055171656,0.48340632160107827,0.7386576664845946,0.81438413346446,0.7612106204032898,0.8865174055099487
230317_15,1,230317,HPMEC,train,0.41119706055171656,0.5671909108126624,0.5909490925144043,0.6383720022556107,0.665950357913971,0.792039692401886
230317_16,1,230317,HPMEC,test,0.41119706055171656,0.5336787386733456,0.7895748771831403,0.8143834429726639,0.6461663842201233,0.6490821242332458
230317_17,1,230317,HPMEC,train,0.41119706055171656,0.7398248358678067,0.8949534314523786,0.7795107634923715,0.6801776885986328,0.5498184561729431
230317_18,1,230317,HPMEC,train,0.41119706055171656,0.5810916123349537,0.5361624814411968,0.3594445288196424,0.535815417766571,0.5082545876502991
230317_19,0,230317,HPMEC,train,0.41119706055171656,0.2968003265975944,0.30976662057530086,0.38268941423280134,0.42737290263175964,0.3930230736732483
230317_2,1,230317,HPMEC,train,0.41119706055171656,0.511081183775108,0.5311185756704332,0.5061229386401053,0.5188306570053101,0.34535738825798035
230317_20,1,230317,HPMEC,train,0.41119706055171656,0.4015350880856842,0.2257400369546907,0.230560856524618,0.583267092704773,0.7393415570259094
230317_21,1,230317,HPMEC,train,0.41119706055171656,0.2913356637474714,0.4451337348966194,0.47548626463147353,0.5150781273841858,0.4756755530834198
230317_22,1,230317,HPMEC,train,0.41119706055171656,0.27102964202187885,0.576105623725283,0.5365207882238293,0.46656399965286255,0.661557674407959
230317_23,1,230317,HPMEC,train,0.41119706055171656,0.3720276271741477,0.6257640353950368,0.552093637630417,0.8615216016769409,0.8523996472358704
230317_24,1,230317,HPMEC,val,0.41119706055171656,0.3199386292401082,0.468837640140505,0.4542604545542623,0.8047519326210022,0.8780756592750549
230317_25,1,230317,HPMEC,train,0.41119706055171656,0.28385285400395055,0.23114043090148614,0.2962590420507621,0.525178849697113,0.49572598934173584
230317_26,1,230317,HPMEC,test,0.41119706055171656,0.36580262192736374,0.3482807426423935,0.40316482686934724,0.5573907494544983,0.6171709299087524
230317_27,1,230317,HPMEC,val,0.41119706055171656,0.2033321388358491,0.0554054502740071,0.1525073024652051,0.5830848217010498,0.6968684196472168
230317_28,1,230317,HPMEC,train,0.41119706055171656,0.5052344195343507,0.4962576158400901,0.369662197657341,0.43052127957344055,0.6658666133880615
230317_29,1,230317,HPMEC,train,0.41119706055171656,0.3008523764582722,0.2476826189362357,0.27257554905234643,0.8725088238716125,0.8980029225349426
230317_3,1,230317,HPMEC,train,0.41119706055171656,0.643475050144229,0.7793536916719541,0.8440311127727987,0.4994613230228424,0.4930076003074646
230317_30,1,230317,HPMEC,train,0.41119706055171656,0.3614670599617558,0.2389051715837351,0.24812941735388727,0.8207913041114807,0.8945590853691101
230317_31,1,230317,HPMEC,train,0.41119706055171656,0.3708766368714264,0.31747863826360107,0.2771361908609091,0.4356158971786499,0.4912633001804352
230317_32,0,230317,HPMEC,train,0.41119706055171656,0.21843744139421753,0.11848006283215645,0.13787041801716882,0.42318323254585266,0.4495667517185211
230317_33,0,230317,HPMEC,train,0.41119706055171656,0.30052596236886386,0.15966644148286185,0.23512409205753954,0.6152557730674744,0.6361649036407471
230317_34,0,230317,HPMEC,test,0.41119706055171656,0.19155351053111788,0.13213585844195697,0.11373091153715606,0.6667702794075012,0.5707510709762573
230317_35,1,230317,HPMEC,train,0.41119706055171656,0.24286033539804167,0.10182195583873571,0.08949239003519367,0.5335339903831482,0.5860586762428284
230317_36,1,230317,HPMEC,val,0.41119706055171656,0.21360747067336322,0.11152975019607352,0.07101815447230878,0.2662634551525116,0.32638606429100037
230317_37,0,230317,HPMEC,train,0.41119706055171656,0.12049934385654569,0.12496302174513432,0.178405349374349,0.32331156730651855,0.2154853343963623
230317_38,0,230317,HPMEC,train,0.41119706055171656,0.13860929382187984,0.07184683353463815,0.15319638229968366,0.34408071637153625,0.47797900438308716
230317_39,0,230317,HPMEC,val,0.41119706055171656,0.12345198656531248,0.14121523502713398,0.187077936378827,0.04444815590977669,0.07570531964302063
230317_4,1,230317,HPMEC,train,0.41119706055171656,0.48429486182265363,0.7871962624170108,0.845460275094412,0.4370519518852234,0.43674907088279724
230317_40,0,230317,HPMEC,train,0.41119706055171656,0.1482194300276152,0.1050803350917096,0.167931309672366,0.5509923100471497,0.5394923686981201
230317_41,0,230317,HPMEC,train,0.41119706055171656,0.30616822951630307,0.4251027985750073,0.49784333598251646,0.7725174427032471,0.6858096122741699
230317_42,0,230317,HPMEC,test,0.41119706055171656,0.3839729035810064,0.3877681000287987,0.3664091901577146,0.7446529865264893,0.8027090430259705
230317_43,0,230317,HPMEC,test,0.41119706055171656,0.40523629844697423,0.5404394087727253,0.49841165312109054,0.7901342511177063,0.8095017075538635
230317_44,0,230317,HPMEC,train,0.41119706055171656,0.28869404854414665,0.6151828905968223,0.8086607131678584,0.8115466833114624,0.8031790256500244
230317_45,0,230317,HPMEC,val,0.41119706055171656,0.33258673322919163,0.3948198769322805,0.5165583326981994,0.49683576822280884,0.6123537421226501
230317_46,0,230317,HPMEC,train,0.41119706055171656,0.2891566195019452,0.14185769045321642,0.30973147234554255,0.2810676097869873,0.3514805734157562
230317_47,0,230317,HPMEC,test,0.41119706055171656,0.32509534682191243,0.48427965523045086,0.6483468527784028,0.5557944178581238,0.6296787261962891
230317_48,0,230317,HPMEC,train,0.41119706055171656,0.44023468789378717,0.45090724357021084,0.6432924086553579,0.4263153374195099,0.4129903018474579
230317_49,0,230317,HPMEC,train,0.41119706055171656,0.5668020365866584,0.6022807945934996,0.7835593252934702,0.5335665941238403,0.5761733651161194
230317_5,1,230317,HPMEC,train,0.41119706055171656,0.3901175621309169,0.53215396875176,0.6572042868748874,0.6192625761032104,0.8381797075271606
230317_50,0,230317,HPMEC,train,0.41119706055171656,0.5267425235951657,0.6414918146258783,0.8079513183454589,0.5187053084373474,0.42606309056282043
230317_51,0,230317,HPMEC,train,0.41119706055171656,0.5324455217133907,0.5497939534785122,0.5015211094078782,0.7548551559448242,0.8659601807594299
230317_52,0,230317,HPMEC,train,0.41119706055171656,0.3475134075875674,0.2808189041216512,0.4371964583964289,0.7326515316963196,0.7741621136665344
230317_53,0,230317,HPMEC,train,0.41119706055171656,0.4106810557979554,0.5832436488481845,0.7407275756017537,0.8783636093139648,0.8693020939826965
230317_54,0,230317,HPMEC,test,0.41119706055171656,0.4480059455945639,0.6002078295624049,0.6967052774323945,0.7694553136825562,0.798141360282898
230317_55,0,230317,HPMEC,train,0.41119706055171656,0.23540390774733752,0.5934279279164185,0.5207715320797158,0.24659709632396698,0.22464804351329803
230317_56,1,230317,HPMEC,train,0.41119706055171656,0.276393778482144,0.6480231392036314,0.7419242483722445,0.20010927319526672,0.27128660678863525
230317_57,1,230317,HPMEC,test,0.41119706055171656,0.24927937249910512,0.7475258817537792,0.7531416343014573,0.18321405351161957,0.28782859444618225
230317_58,1,230317,HPMEC,train,0.41119706055171656,0.20250714935025022,0.6654466204993125,0.6722168749951009,0.1695500910282135,0.3045676350593567
230317_59,1,230317,HPMEC,train,0.41119706055171656,0.1632826974437669,0.3064088404109753,0.5355753607159839,0.3007585108280182,0.5002288818359375
230317_6,1,230317,HPMEC,train,0.41119706055171656,0.24739142575020867,0.46380761860065617,0.5966031750660669,0.40841686725616455,0.4766956567764282
230317_60,1,230317,HPMEC,train,0.41119706055171656,0.2008590877501988,0.09901836728171083,0.11969247164906344,0.4914311468601227,0.6875813007354736
230317_61,1,230317,HPMEC,train,0.41119706055171656,0.28682211051240386,0.21876662665701493,0.3370760129768757,0.4400721490383148,0.5660691857337952
230317_62,1,230317,HPMEC,train,0.41119706055171656,0.09970593042679805,0.02091343324003588,0.03754221995622548,0.45287230610847473,0.3943450152873993
230317_63,1,230317,HPMEC,train,0.41119706055171656,0.16446697122749124,0.032323806429865466,0.07043981534500052,0.5816037654876709,0.5647861361503601
230317_64,1,230317,HPMEC,train,0.41119706055171656,0.12663595727781896,0.10588874042906102,0.19686069391894895,0.6843038201332092,0.7301426529884338
230317_65,1,230317,HPMEC,test,0.41119706055171656,0.09248812152137713,0.09988284946561023,0.15653186285457368,0.2219802737236023,0.31399184465408325
230317_66,1,230317,NHBE,train,0.5797052990400503,0.2900397630533141,0.1779831006358419,0.17502620444435538,0.5404949188232422,0.5646851658821106
230317_67,1,230317,NHBE,train,0.5797052990400503,0.21521168235053353,0.08989063087879087,0.14812120347851745,0.495041161775589,0.6516150236129761
230317_68,1,230317,NHBE,train,0.5797052990400503,0.16066174099581187,0.12050927743716831,0.14612534108330874,0.11068613082170486,0.14234130084514618
230317_69,1,230317,NHBE,train,0.5797052990400503,0.21431026414575627,0.08251680975605002,0.11766923410372838,0.7766435742378235,0.8490516543388367
230317_7,1,230317,HPMEC,train,0.41119706055171656,0.31488385684578746,0.5753938631409382,0.6148569454510262,0.36818623542785645,0.42674198746681213
230317_70,1,230317,NHBE,train,0.5797052990400503,0.3977696612446014,0.46404890597511483,0.2742944129442902,0.9198961853981018,0.8862655758857727
230317_71,1,230317,NHBE,train,0.5797052990400503,0.4898032525656347,0.37412584455458553,0.2717242048330369,0.7792142033576965,0.8457381725311279
230317_72,1,230317,NHBE,test,0.5797052990400503,0.5151959450283642,0.567352288956135,0.35235288008810123,0.8335028886795044,0.837368369102478
230317_73,1,230317,NHBE,val,0.5797052990400503,0.4568976874282295,0.3691760378180611,0.2513866359722821,0.8009864091873169,0.7750325202941895
230317_74,1,230317,NHBE,test,0.5797052990400503,0.4453564971839993,0.5561891277855787,0.5229800777705941,0.6958650946617126,0.7687012553215027
230317_75,1,230317,NHBE,test,0.5797052990400503,0.42108820893440924,0.16442269763714543,0.2790790748100789,0.49069514870643616,0.47115063667297363
230317_76,1,230317,NHBE,train,0.5797052990400503,0.47007588680784024,0.8562073656828941,0.8213129767558857,0.6842052340507507,0.6685536503791809
230317_77,1,230317,NHBE,train,0.5797052990400503,0.5655154749016676,0.7184197638227453,0.6693898741631701,0.6112498044967651,0.5931339263916016
230317_78,1,230317,NHBE,test,0.5797052990400503,0.637319180110245,0.6926965456774472,0.7154610216874692,0.6650048494338989,0.6704438924789429
230317_79,1,230317,NHBE,train,0.5797052990400503,0.6276411995583218,0.7959161270744036,0.44453828224211184,0.7443298101425171,0.652062714099884
230317_8,0,230317,HPMEC,test,0.41119706055171656,0.33206937664585984,0.42175987805788767,0.5391891641040403,0.22785384953022003,0.22390878200531006
230317_80,1,230317,NHBE,test,0.5797052990400503,0.6026076795186507,0.6965147851680367,0.41772785185528344,0.8341692090034485,0.8369061946868896
230317_81,1,230317,NHBE,train,0.5797052990400503,0.4152093618536758,0.3547166909002519,0.3013135134328709,0.8961077332496643,0.8990916013717651
230317_82,1,230317,NHBE,train,0.5797052990400503,0.43695641654204986,0.5773491324221359,0.592332880810701,0.9077640771865845,0.8769366145133972
230317_83,1,230317,NHBE,train,0.5797052990400503,0.5567554709286909,0.878970382798467,0.7583176158624791,0.8246266841888428,0.7832399606704712
230317_84,1,230317,NHBE,test,0.5797052990400503,0.30090389852795296,0.311049175311193,0.45200136975990707,0.3803084194660187,0.40582770109176636
230317_85,1,230317,NHBE,train,0.5797052990400503,0.30560092352534785,0.7610532079454719,0.6997038027065287,0.4359324872493744,0.48413053154945374
230317_86,1,230317,NHBE,train,0.5797052990400503,0.2730833946945067,0.6555275715592778,0.6204241877478387,0.30112186074256897,0.5574381947517395
230317_87,1,230317,NHBE,val,0.5797052990400503,0.39290508327307627,0.7879207661246377,0.6959265724894883,0.4170876145362854,0.5795701742172241
230317_88,1,230317,NHBE,test,0.5797052990400503,0.2764324797219303,0.4253549253864158,0.29515254640087474,0.5366947650909424,0.7917448282241821
230317_89,1,230317,NHBE,train,0.5797052990400503,0.2084133598623232,0.08551165953262545,0.11651373937784813,0.425540566444397,0.5836179256439209
230317_9,0,230317,HPMEC,train,0.41119706055171656,0.25694738932158,0.32725256432944616,0.4651414074900601,0.3934309184551239,0.47276341915130615
230317_90,1,230317,NHBE,train,0.5797052990400503,0.18822815549867533,0.11794129983122323,0.13827915769509572,0.6393954157829285,0.8156145811080933
230317_91,1,230317,NHBE,train,0.5797052990400503,0.39448642923293364,0.5354473056924252,0.43076372160877463,0.4200792908668518,0.40165454149246216
230317_92,1,230317,NHBE,train,0.5797052990400503,0.3748670077220323,0.33093035656602443,0.33165518157854457,0.4465040862560272,0.47760677337646484
230317_93,1,230317,NHBE,train,0.5797052990400503,0.30284081212259817,0.6706158105889922,0.5869251776507663,0.4073771834373474,0.4784098267555237
230317_94,1,230317,NHBE,val,0.5797052990400503,0.09657468101914812,0.40225971376603437,0.35987464841463573,0.3449823260307312,0.44112688302993774
230317_95,1,230317,NHBE,train,0.5797052990400503,0.15851277316618015,0.3550886419796736,0.30842565674266326,0.4879624843597412,0.6205642819404602
230317_96,1,230317,NHBE,train,0.5797052990400503,0.16083681518113266,0.6509021715140059,0.48393436239572585,0.562115490436554,0.7843531370162964
230317_97,1,230317,NHBE,test,0.5797052990400503,0.12763429297821932,0.4577679941986318,0.4311691513873152,0.4489558935165405,0.42234694957733154
230317_98,1,230317,NHBE,train,0.5797052990400503,0.11456923347940735,0.3924236156623237,0.3251366770285604,0.35744336247444153,0.28543248772621155
230317_99,1,230317,NHBE,train,0.5797052990400503,0.05851105181041267,0.10226750129054794,0.08952415758510555,0.3492167294025421,0.30053648352622986
230320_1,1,230320,HPMEC,train,0.38564787519248345,0.5212833178522646,0.6102516298728491,0.10977713132116924,0.7664976119995117,0.7194356918334961
230320_10,1,230320,HPMEC,train,0.38564787519248345,0.7655522179396415,0.8225999862685838,0.1473965457848222,0.9578974843025208,0.9643774032592773
230320_100,1,230320,HPMEC,test,0.3946874982067802,0.3681037466104094,0.27919552206144443,0.09013653563136001,0.3330041766166687,0.2551935017108917
230320_101,1,230320,HPMEC,train,0.3946874982067802,0.40684080191286004,0.45239459257786063,0.27557568996543386,0.37809160351753235,0.427702933549881
230320_102,1,230320,HPMEC,test,0.3946874982067802,0.3340837506862482,0.5498279164763972,0.19519015997166145,0.5038034915924072,0.5729606747627258
230320_103,1,230320,HPMEC,train,0.3946874982067802,0.6110634757518656,0.6018391976149773,0.27803038307145594,0.427110880613327,0.5192413330078125
230320_104,1,230320,HPMEC,test,0.3946874982067802,0.570954448622225,0.5535827712528202,0.3897097452616805,0.792782187461853,0.7597008347511292
230320_105,1,230320,HPMEC,train,0.3946874982067802,0.5288606476122807,0.5503413313927302,0.4374256607561758,0.7613498568534851,0.8021345734596252
230320_106,1,230320,HPMEC,train,0.3946874982067802,0.5537813875825075,0.7931858233722232,0.395763245392267,0.637729823589325,0.7229916453361511
230320_107,1,230320,HPMEC,train,0.3946874982067802,0.5057319460385162,0.664308582836616,0.46072679083148255,0.09295746684074402,0.20946815609931946
230320_108,1,230320,HPMEC,train,0.3946874982067802,0.6149865206818526,0.6365541749848391,0.49473584014450667,0.5041763782501221,0.6283073425292969
230320_109,1,230320,HPMEC,train,0.3946874982067802,0.570088329500673,0.7524705220175729,0.44537253272859917,0.6858887076377869,0.7261345386505127
230320_11,1,230320,HPMEC,train,0.38564787519248345,0.7621386790020501,0.9078602982456805,0.24654395127597267,0.9421666264533997,0.9529504179954529
230320_110,1,230320,HPMEC,train,0.3946874982067802,0.5065955964996574,0.7825490029849631,0.3920738462135596,0.4753551781177521,0.5302214622497559
230320_111,1,230320,HPMEC,train,0.3946874982067802,0.5642226431484043,0.6569752451277917,0.3288673149046229,0.2127753347158432,0.3252491056919098
230320_112,1,230320,HPMEC,val,0.3946874982067802,0.6114645437495546,0.2904501509518268,0.2833702859606351,0.22124101221561432,0.38178059458732605
230320_113,1,230320,HPMEC,train,0.3946874982067802,0.48885769789055045,0.631079341011944,0.3937613297018073,0.2693038880825043,0.5346407294273376
230320_114,1,230320,HPMEC,test,0.3946874982067802,0.37000554887590614,0.24107242233864046,0.2381665703523719,0.2538599669933319,0.5699461698532104
230320_115,1,230320,HPMEC,train,0.3946874982067802,0.35652826096768564,0.6538000937400411,0.4520087568936542,0.24497152864933014,0.5531737208366394
230320_116,1,230320,HPMEC,train,0.3946874982067802,0.4543722178839905,0.5671846290792119,0.41347961179103127,0.13277781009674072,0.27095696330070496
230320_117,1,230320,HPMEC,train,0.3946874982067802,0.49457605823809414,0.39737316685305046,0.16263390488428156,0.5812040567398071,0.5991975665092468
230320_118,1,230320,HPMEC,test,0.3946874982067802,0.7998459998358629,0.7392318912183484,0.5779707434139552,0.28377628326416016,0.4048905372619629
230320_119,1,230320,HPMEC,train,0.3946874982067802,0.6245511001580982,0.8400971190458649,0.489203480963869,0.42079487442970276,0.5035743117332458
230320_12,1,230320,HPMEC,test,0.38564787519248345,0.6737549296814914,0.923323203402797,0.3434987104955651,0.9529427289962769,0.9535577893257141
230320_120,1,230320,HPMEC,test,0.3946874982067802,0.8045292962610707,0.9182555845205549,0.6633524624281473,0.6824138760566711,0.7766931653022766
230320_121,1,230320,HPMEC,train,0.3946874982067802,0.7736388074635411,0.9201713151683613,0.5244624584521999,0.7343427538871765,0.8136137127876282
230320_122,1,230320,HPMEC,train,0.3946874982067802,0.8168592566178324,0.9084742491554311,0.6604641856157167,0.7211533188819885,0.7626035809516907
230320_123,1,230320,HPMEC,train,0.3946874982067802,0.7109622701382079,0.8534204163215058,0.6781696861126266,0.5455889701843262,0.6941835284233093
230320_124,1,230320,HPMEC,test,0.3946874982067802,0.7053485415488459,0.7669659897312565,0.5619985690147162,0.7774433493614197,0.9228053689002991
230320_125,0,230320,HPMEC,train,0.3946874982067802,0.38404170098195956,0.17599059415937712,0.2327146469676174,0.6725735068321228,0.7344436645507812
230320_126,0,230320,HPMEC,train,0.3946874982067802,0.31999434914994074,0.7166496547481415,0.5098204242832937,0.4695758521556854,0.2907341420650482
230320_127,0,230320,HPMEC,train,0.3946874982067802,0.17536661956992938,0.6971387958697693,0.5496187620457565,0.474117636680603,0.3676101267337799
230320_128,0,230320,HPMEC,train,0.3946874982067802,0.31200284596956773,0.6805047107783015,0.4140984637400141,0.6004536747932434,0.5418092012405396
230320_129,0,230320,HPMEC,test,0.3946874982067802,0.4787579901837568,0.8525894513609339,0.6312890023200739,0.6800611019134521,0.6266318559646606
230320_13,1,230320,HPMEC,train,0.38564787519248345,0.6799789463526703,0.8938672333995402,0.2991941406957918,0.8715218901634216,0.882862389087677
230320_130,0,230320,HPMEC,train,0.3946874982067802,0.38006130232915203,0.6577370835742717,0.539663621361525,0.4822204113006592,0.5334168672561646
230320_131,0,230320,HPMEC,train,0.3946874982067802,0.3148728510372808,0.6369043884172062,0.535827070938212,0.6602576971054077,0.6788148880004883
230320_132,0,230320,HPMEC,train,0.3946874982067802,0.32545016040514246,0.7908138178597135,0.6135173924497822,0.49414119124412537,0.44027283787727356
230320_133,0,230320,HPMEC,test,0.3946874982067802,0.31325848184637434,0.6022969663178452,0.5288415840910389,0.1385612189769745,0.1731995791196823
230320_134,1,230320,NHBE,train,0.6682808185023537,0.39213149460430874,0.35474164380164325,0.7181739729630237,0.3370749354362488,0.24455739557743073
230320_135,1,230320,NHBE,train,0.6682808185023537,0.3312823737108303,0.40640071272260075,0.6545965452839333,0.1411052644252777,0.10873863101005554
230320_136,1,230320,NHBE,train,0.6682808185023537,0.44782930960523804,0.40093064916435206,0.7937731237123207,0.3969074785709381,0.3273487687110901
230320_137,1,230320,NHBE,test,0.6682808185023537,0.44964600473864696,0.6033324950937254,0.8086365932592952,0.4321143329143524,0.5521620512008667
230320_138,1,230320,NHBE,test,0.6682808185023537,0.6816640005909469,0.4626063957486482,0.7135219863366924,0.37197989225387573,0.4916342794895172
230320_139,1,230320,NHBE,train,0.6682808185023537,0.6615664461515887,0.6599020650903802,0.7890139131332433,0.897487461566925,0.8991894721984863
230320_14,1,230320,HPMEC,test,0.38564787519248345,0.8035521338567326,0.8500409746259477,0.24006009376681395,0.8208688497543335,0.8267707824707031
230320_140,1,230320,NHBE,train,0.6682808185023537,0.5716087339932056,0.5193451159905454,0.7831326200874656,0.7815911769866943,0.8612973093986511
230320_141,1,230320,NHBE,val,0.6682808185023537,0.5765523378172012,0.6583602882387561,0.7503311884120435,0.594297468662262,0.6758059859275818
230320_142,1,230320,NHBE,train,0.6682808185023537,0.5596531856427449,0.6446164782725419,0.7737880372801758,0.07121958583593369,0.13484402000904083
230320_143,1,230320,NHBE,train,0.6682808185023537,0.5130561043772646,0.6715737929094645,0.7843590623955675,0.768157958984375,0.7789046764373779
230320_144,1,230320,NHBE,train,0.6682808185023537,0.7533241905083261,0.8173995089699899,0.8505293700361231,0.6764664053916931,0.7938129305839539
230320_145,1,230320,NHBE,train,0.6682808185023537,0.6981855736044188,0.7804116295454432,0.8569145445977323,0.7242893576622009,0.8308694362640381
230320_146,1,230320,NHBE,test,0.6682808185023537,0.6557298662480363,0.7498739775700164,0.8033918974978276,0.6299508810043335,0.7046636939048767
230320_147,1,230320,NHBE,test,0.6682808185023537,0.6740410235630211,0.9032865268406658,0.9064134363724335,0.5372912287712097,0.68153315782547
230320_148,1,230320,NHBE,train,0.6682808185023537,0.6166207783222134,0.7901209653423222,0.8306519494576706,0.6252493858337402,0.7364442944526672
230320_149,1,230320,NHBE,train,0.6682808185023537,0.6009770152712354,0.7538938844438676,0.893426618159442,0.6001855731010437,0.569860577583313
230320_15,1,230320,HPMEC,test,0.38564787519248345,0.7314250045978772,0.8836401787815882,0.33749359356094516,0.7655779719352722,0.814532995223999
230320_150,1,230320,NHBE,train,0.6682808185023537,0.6032696283222041,0.7673330951929197,0.8530300372467621,0.44853952527046204,0.3695029318332672
230320_151,1,230320,NHBE,train,0.6682808185023537,0.4640542191332351,0.7524859580297538,0.8027022956801386,0.6857234835624695,0.7378540635108948
230320_152,1,230320,NHBE,train,0.6682808185023537,0.7276119388123302,0.7529487328060822,0.8557599959384314,0.5837330222129822,0.7378789782524109
230320_153,1,230320,NHBE,train,0.6682808185023537,0.7626947987620227,0.7850255251061725,0.8656391591760834,0.7851521372795105,0.9063912034034729
230320_154,1,230320,NHBE,train,0.6682808185023537,0.6801396959870768,0.8352059141762551,0.8905930320480594,0.8318270444869995,0.9055424332618713
230320_155,1,230320,NHBE,train,0.6682808185023537,0.6677448537531914,0.8690395156185121,0.8644962544541709,0.8141494393348694,0.8770553469657898
230320_156,1,230320,NHBE,test,0.6682808185023537,0.7356380367234268,0.8512849553346966,0.8629328810994289,0.7996193170547485,0.7920495867729187
230320_157,1,230320,NHBE,train,0.6682808185023537,0.717641116175152,0.771399267007649,0.8606837729278842,0.7564544081687927,0.7282530069351196
230320_158,1,230320,NHBE,train,0.6682808185023537,0.3933908636840817,0.5764458343992752,0.7631952223291193,0.5010519027709961,0.6525359749794006
230320_159,1,230320,NHBE,train,0.6682808185023537,0.2846601253135777,0.7759966517393991,0.9084786665849488,0.1644270122051239,0.22989769279956818
230320_16,1,230320,HPMEC,train,0.38564787519248345,0.7240812067686067,0.7663810660051906,0.24131356676423937,0.42166629433631897,0.38459324836730957
230320_160,1,230320,NHBE,train,0.6682808185023537,0.3427150972671872,0.2931776433650068,0.8043012658248822,0.6783812046051025,0.689034640789032
230320_161,1,230320,NHBE,val,0.6682808185023537,0.40950763641262355,0.5745618100187164,0.8190795824071908,0.5604085922241211,0.6208420395851135
230320_162,1,230320,NHBE,test,0.6682808185023537,0.4620205334319096,0.3198089192882796,0.8426082870058155,0.653679609298706,0.7184440493583679
230320_163,1,230320,NHBE,train,0.6682808185023537,0.386353746334347,0.3819305323218771,0.8166844564632331,0.3612602651119232,0.4371938407421112
230320_164,1,230320,NHBE,train,0.6682808185023537,0.43785672797610115,0.69761975481449,0.8767424932910187,0.7270790934562683,0.7640474438667297
230320_165,1,230320,NHBE,train,0.6682808185023537,0.4586752685044746,0.41369957090336307,0.7206925528875907,0.2865624725818634,0.5116364359855652
230320_166,0,230320,HPMEC,test,0.3946874982067802,0.3128604933148012,0.2739676769073619,0.23477950386355662,0.16271206736564636,0.3440800905227661
230320_167,0,230320,HPMEC,test,0.3946874982067802,0.3208584938363495,0.1801024822321556,0.15398406921608981,0.14690443873405457,0.14459259808063507
230320_168,0,230320,HPMEC,test,0.3946874982067802,0.24815141408419397,0.3131063448781705,0.26868872389259824,0.24285534024238586,0.4609886109828949
230320_169,0,230320,HPMEC,train,0.3946874982067802,0.4085739506323649,0.170886321025143,0.14520183226404856,0.3248937726020813,0.39730992913246155
230320_17,0,230320,HPMEC,train,0.38564787519248345,0.6410548948004194,0.5488850355489786,0.0982238362688492,0.20516425371170044,0.2977837324142456
230320_170,0,230320,HPMEC,train,0.3946874982067802,0.5029305796549953,0.3443191604846814,0.35658183474533145,0.36742374300956726,0.46586358547210693
230320_171,0,230320,HPMEC,test,0.3946874982067802,0.5836327722794266,0.47086082794400164,0.3197114607142136,0.773587703704834,0.9065824151039124
230320_172,0,230320,HPMEC,test,0.3946874982067802,0.6382249215920498,0.08491232591294737,0.12918253067374064,0.5252307653427124,0.6550962924957275
230320_173,0,230320,HPMEC,train,0.3946874982067802,0.41652790838408843,0.11202604927480882,0.0867255415741448,0.6008709073066711,0.6674490571022034
230320_174,0,230320,HPMEC,train,0.3946874982067802,0.5778347953947266,0.6258545753396823,0.470393796098572,0.04195404052734375,0.40034404397010803
230320_175,0,230320,HPMEC,test,0.3946874982067802,0.5258214242416386,0.5089589599572412,0.4705780520354868,0.35201495885849,0.5025007724761963
230320_176,0,230320,HPMEC,train,0.3946874982067802,0.596706440434289,0.34158963947526993,0.2245746643827919,0.6727800369262695,0.752862274646759
230320_177,0,230320,HPMEC,train,0.3946874982067802,0.5581279556899348,0.17901484348003419,0.25359710594508694,0.3877914249897003,0.5471641421318054
230320_178,0,230320,HPMEC,train,0.3946874982067802,0.574020045673968,0.3623628814329328,0.32472449150216204,0.085052989423275,0.14965525269508362
230320_179,0,230320,HPMEC,train,0.3946874982067802,0.7175149911117189,0.22078225529269244,0.19772289060064094,0.3611392080783844,0.6100822687149048
230320_18,1,230320,HPMEC,train,0.38564787519248345,0.7016838503268106,0.7066326698846794,0.09851724675405762,0.5473179221153259,0.6983345150947571
230320_180,0,230320,HPMEC,train,0.3946874982067802,0.5112125208983312,0.32462580957792947,0.2965390609479423,0.35667815804481506,0.48244383931159973
230320_181,0,230320,HPMEC,test,0.3946874982067802,0.6971954121132355,0.24577180078795796,0.12287143136292085,0.16996672749519348,0.25446680188179016
230320_182,0,230320,HPMEC,train,0.3946874982067802,0.6932260587627168,0.5909320018927777,0.1658889393900333,0.3003579080104828,0.6736863851547241
230320_183,0,230320,HPMEC,train,0.3946874982067802,0.8172909426482086,0.3201472669941007,0.1825004826896236,0.5082579851150513,0.6567648649215698
230320_184,0,230320,HPMEC,train,0.3946874982067802,0.7298986934646907,0.6552688343862942,0.36306496359923446,0.8408716320991516,0.818528413772583
230320_185,1,230320,HPMEC,val,0.3946874982067802,0.5982181021289406,0.5597640507724132,0.5142081659830278,0.4474087059497833,0.6008315086364746
230320_186,1,230320,HPMEC,train,0.3946874982067802,0.7037743221111423,0.5064352311031092,0.3493132735711256,0.5631710290908813,0.5776891112327576
230320_187,1,230320,HPMEC,train,0.3946874982067802,0.7225496666620169,0.4509139843234239,0.4450988456170146,0.5131712555885315,0.7024716734886169
230320_188,1,230320,HPMEC,train,0.3946874982067802,0.7165356691854532,0.4327934467869838,0.4158787981042847,0.4909522831439972,0.6024866104125977
230320_189,1,230320,HPMEC,train,0.3946874982067802,0.7929217070150332,0.475550306176689,0.48915550607979147,0.7030043601989746,0.7177534103393555
230320_19,1,230320,HPMEC,train,0.38564787519248345,0.638530807069906,0.8082783048831386,0.1294333320810292,0.6633623838424683,0.8512735366821289
230320_190,1,230320,HPMEC,train,0.3946874982067802,0.7408887594508581,0.4869588258143465,0.44542058907057425,0.6260126233100891,0.7252699136734009
230320_191,1,230320,HPMEC,train,0.3946874982067802,0.7779461272144566,0.3716919997147791,0.2191536355237281,0.7910269498825073,0.782783567905426
230320_192,1,230320,HPMEC,train,0.3946874982067802,0.8321535170656467,0.794056682332999,0.43294045756147337,0.8490182757377625,0.8777719736099243
230320_193,1,230320,HPMEC,val,0.3946874982067802,0.5683061145589174,0.35050421958105643,0.21911080931550153,0.8955019116401672,0.8796595931053162
230320_194,1,230320,HPMEC,train,0.3946874982067802,0.37011611402337,0.5227318355326163,0.3870945846696926,0.8977436423301697,0.8399437665939331
230320_195,1,230320,HPMEC,train,0.3946874982067802,0.29646727047991744,0.5176931650559389,0.367201066051736,0.7783495783805847,0.8697940707206726
230320_196,1,230320,HPMEC,train,0.3946874982067802,0.4852087695790119,0.40968836411613446,0.4354275171861754,0.8289191722869873,0.848747193813324
230320_197,1,230320,HPMEC,train,0.3946874982067802,0.5079766905400528,0.2747016790015738,0.2311963864044716,0.8297057151794434,0.7840216159820557
230320_198,1,230320,HPMEC,test,0.3946874982067802,0.5308199373628062,0.29069199706128507,0.22786423007757903,0.86030113697052,0.864406406879425
230320_199,1,230320,HPMEC,val,0.3946874982067802,0.5281467658606125,0.49629024679509465,0.28447205275693527,0.8039915561676025,0.7885454297065735
230320_2,1,230320,HPMEC,train,0.38564787519248345,0.5816647332283393,0.7057290351167157,0.16537474277729472,0.8701232671737671,0.7963898777961731
230320_20,1,230320,HPMEC,test,0.38564787519248345,0.8073435377362561,0.5187085133525733,0.07882800533685284,0.7533860802650452,0.9010465145111084
230320_200,1,230320,HPMEC,test,0.3946874982067802,0.4173265456216772,0.589528501752286,0.3893740584159045,0.6706742644309998,0.6059119701385498
230320_201,0,230320,HPMEC,train,0.3946874982067802,0.5104096730610547,0.2088401603349752,0.13300019823871084,0.4984900653362274,0.4579247534275055
230320_202,0,230320,NHBE,train,0.6682808185023537,0.22633594962346903,0.2875491989609477,0.6974783034830935,0.24761167168617249,0.29169461131095886
230320_203,0,230320,NHBE,train,0.6682808185023537,0.21789740167533908,0.26748903382724853,0.6906237865687891,0.5556098818778992,0.611525297164917
230320_204,0,230320,NHBE,test,0.6682808185023537,0.49822658614785753,0.20103223776890136,0.6900227436030416,0.44371694326400757,0.5475998520851135
230320_205,1,230320,NHBE,val,0.6682808185023537,0.4199929041554664,0.4485530808519374,0.7764923137890006,0.13192817568778992,0.22365684807300568
230320_206,1,230320,NHBE,train,0.6682808185023537,0.5090042020298182,0.4587104345857708,0.7740822627828243,0.3588993549346924,0.5365234613418579
230320_207,1,230320,NHBE,test,0.6682808185023537,0.5814214488170062,0.2824955438392632,0.7213146904995565,0.6074889898300171,0.7154707908630371
230320_208,1,230320,NHBE,train,0.6682808185023537,0.6390748920534554,0.37981526927497944,0.7001024117976392,0.20831838250160217,0.3832625150680542
230320_209,1,230320,NHBE,train,0.6682808185023537,0.5839299129272622,0.2649778532911671,0.7085404944761737,0.337464302778244,0.5655959248542786
230320_21,1,230320,HPMEC,test,0.38564787519248345,0.8260020095731463,0.5085266152265566,0.08026972623034374,0.5750407576560974,0.7645605802536011
230320_210,1,230320,NHBE,train,0.6682808185023537,0.4409921404760171,0.19704375203152072,0.6766993017916778,0.2719901204109192,0.35993897914886475
230320_211,0,230320,NHBE,val,0.6682808185023537,0.5525928021034514,0.5093788020852487,0.690461843629865,0.2332017421722412,0.43375077843666077
230320_212,0,230320,NHBE,test,0.6682808185023537,0.6716820487421352,0.6228969375973452,0.43652261970878126,0.33272045850753784,0.5450859069824219
230320_213,0,230320,NHBE,train,0.6682808185023537,0.6869052582994493,0.267320943948014,0.7431890351787103,0.511282742023468,0.6803545355796814
230320_214,1,230320,NHBE,train,0.6682808185023537,0.6283842857402415,0.23141697719623483,0.8087608389721911,0.7506861686706543,0.7345893383026123
230320_215,1,230320,NHBE,val,0.6682808185023537,0.6965261340771867,0.676485661055382,0.8452286822355826,0.561343789100647,0.6889044046401978
230320_216,1,230320,NHBE,train,0.6682808185023537,0.6766048428929439,0.348412923828547,0.7430498675301976,0.5332857370376587,0.6596053838729858
230320_217,1,230320,NHBE,test,0.6682808185023537,0.7571726776287862,0.5978556589426918,0.8201612975388965,0.5510011315345764,0.5941228270530701
230320_218,1,230320,NHBE,train,0.6682808185023537,0.7424952845775649,0.3563231357417012,0.7979736453402452,0.24160586297512054,0.4549260437488556
230320_219,1,230320,NHBE,test,0.6682808185023537,0.8713354689657136,0.6095280512194186,0.8305671816140358,0.543276309967041,0.7023336887359619
230320_22,1,230320,HPMEC,train,0.38564787519248345,0.8830763066828301,0.7742266530648116,0.12627772724943143,0.8464951515197754,0.8934462666511536
230320_220,1,230320,NHBE,test,0.6682808185023537,0.8873768676549327,0.6674518372252216,0.837756936517262,0.6956982016563416,0.8242279291152954
230320_221,1,230320,NHBE,train,0.6682808185023537,0.6086436603947086,0.5960071420213964,0.7511619040375177,0.8408306241035461,0.8397498726844788
230320_222,1,230320,NHBE,train,0.6682808185023537,0.32787562736873394,0.5612471174422834,0.8737860565597544,0.9152536392211914,0.8715593814849854
230320_223,1,230320,NHBE,val,0.6682808185023537,0.2512170953062887,0.48347547513027334,0.8368511238535897,0.7982349991798401,0.8108686208724976
230320_224,1,230320,NHBE,train,0.6682808185023537,0.4309791169464132,0.6608840252383732,0.8942868098077272,0.9304391741752625,0.8688217997550964
230320_225,1,230320,NHBE,train,0.6682808185023537,0.5122791481686353,0.3820336393087468,0.7673407661284236,0.7701789140701294,0.7903984189033508
230320_226,1,230320,NHBE,test,0.6682808185023537,0.5669252797205799,0.5674532748402717,0.7944873862392117,0.71784508228302,0.7487488985061646
230320_227,1,230320,NHBE,train,0.6682808185023537,0.5247510805391704,0.41265763028760205,0.7598820732637714,0.8022866249084473,0.7854428291320801
230320_228,1,230320,NHBE,train,0.6682808185023537,0.38141818475113415,0.45255632025058273,0.8657399201092979,0.6986293792724609,0.7497450709342957
230320_229,1,230320,NHBE,test,0.6682808185023537,0.5300273839623089,0.21891911206960438,0.4939920390147218,0.3477746844291687,0.3515492081642151
230320_23,1,230320,HPMEC,train,0.38564787519248345,0.7360386937650479,0.6428992149678884,0.10871178154575388,0.7277421355247498,0.8188466429710388
230320_24,0,230320,HPMEC,train,0.38564787519248345,0.7209703362456437,0.3069357198810558,0.04504216801328299,0.8585473895072937,0.830144464969635
230320_25,0,230320,HPMEC,train,0.38564787519248345,0.6740536672809537,0.28114128290829166,0.032340267371373785,0.7521829009056091,0.8352628350257874
230320_26,0,230320,HPMEC,train,0.38564787519248345,0.602549413458051,0.2587330852883006,0.03131669841560689,0.5944767594337463,0.7211840748786926
230320_27,0,230320,HPMEC,train,0.38564787519248345,0.608927468628007,0.6994785572739103,0.060579297094894166,0.24963659048080444,0.3633614182472229
230320_28,0,230320,HPMEC,train,0.38564787519248345,0.6913295063806013,0.7538848559779954,0.05668427565120899,0.2312026172876358,0.48691269755363464
230320_29,0,230320,HPMEC,train,0.38564787519248345,0.7960290875132706,0.5309369386540795,0.056273051070889216,0.43091881275177,0.5805405378341675
230320_3,1,230320,HPMEC,train,0.38564787519248345,0.6495787585373284,0.7614749964848453,0.18623505034690296,0.8789840340614319,0.8375310301780701
230320_30,0,230320,HPMEC,test,0.38564787519248345,0.6826063926508154,0.5295905070492248,0.06177694568693068,0.6421236991882324,0.7540289163589478
230320_31,0,230320,HPMEC,train,0.38564787519248345,0.7225278409557347,0.4574119987880637,0.05068163484525594,0.7159126400947571,0.7696686387062073
230320_32,0,230320,HPMEC,test,0.38564787519248345,0.5979476459459179,0.6437299605272537,0.08105797628684501,0.6171817779541016,0.6961973309516907
230320_33,1,230320,A549,train,0.557057399933428,0.6226699520372893,0.8142276312480805,0.909048566051833,0.913000762462616,0.8783909678459167
230320_34,1,230320,A549,val,0.557057399933428,0.7435746313916834,0.6084557401880089,0.7269573528268928,0.943576991558075,0.8914351463317871
230320_35,1,230320,A549,train,0.557057399933428,0.7899366520347015,0.7883382390934579,0.8912763993873997,0.9664191603660583,0.9435329437255859
230320_36,1,230320,A549,val,0.557057399933428,0.7224095988157408,0.7216067821605235,0.8846523143763674,0.8921161890029907,0.8671075105667114
230320_37,1,230320,A549,train,0.557057399933428,0.7140976488213655,0.7945865121838807,0.8416488732686432,0.9592023491859436,0.9557655453681946
230320_38,1,230320,A549,val,0.557057399933428,0.6755867798420195,0.6433961585472517,0.7063414201904731,0.7119752764701843,0.8018028140068054
230320_39,1,230320,A549,val,0.557057399933428,0.7233624052827652,0.8061480637515896,0.7533647884045301,0.8970187306404114,0.9136013388633728
230320_4,1,230320,HPMEC,train,0.38564787519248345,0.6225909096262163,0.7587906316453411,0.17603165140315763,0.8505374789237976,0.8650557994842529
230320_40,1,230320,A549,train,0.557057399933428,0.6380029836393344,0.8728927196893341,0.8670291718696799,0.946248471736908,0.9587206244468689
230320_41,1,230320,A549,test,0.557057399933428,0.6969106825174982,0.8199565178128794,0.8132252482397927,0.3733850121498108,0.5004337430000305
230320_42,1,230320,A549,train,0.557057399933428,0.72569445121264,0.8176204141697856,0.8838569472236161,0.9148923754692078,0.8431925177574158
230320_43,1,230320,A549,train,0.557057399933428,0.8006670613083587,0.7981386077404601,0.9272420053459536,0.9843781590461731,0.9849387407302856
230320_44,1,230320,A549,train,0.557057399933428,0.869335968242306,0.8251139784616952,0.9460732892385351,0.9631145000457764,0.9792207479476929
230320_45,1,230320,A549,train,0.557057399933428,0.8363468213502222,0.6660496228856118,0.950640732577668,0.9757508635520935,0.979371190071106
230320_46,1,230320,A549,test,0.557057399933428,0.8278305476825549,0.5811408327149645,0.9301076092510383,0.9081194400787354,0.9631495475769043
230320_47,1,230320,A549,train,0.557057399933428,0.8626066664354111,0.7806035947355805,0.9074452230922242,0.9230853319168091,0.9089363217353821
230320_48,1,230320,A549,val,0.557057399933428,0.8719310508492776,0.7306142422267858,0.9327701258657765,0.9310480356216431,0.9302353858947754
230320_49,1,230320,A549,train,0.557057399933428,0.7536545183459722,0.8134090416746936,0.9318361130194217,0.5253077745437622,0.4431227445602417
230320_5,1,230320,HPMEC,train,0.38564787519248345,0.5219815475752718,0.5992575575252871,0.11836241078522579,0.6283361315727234,0.6948202848434448
230320_50,1,230320,A549,val,0.557057399933428,0.7291865634297521,0.7487258187508207,0.8674985592546781,0.6137000918388367,0.6139104962348938
230320_51,1,230320,A549,test,0.557057399933428,0.43273366060257135,0.5794654381181514,0.661273106559568,0.38613077998161316,0.3565135896205902
230320_52,1,230320,A549,val,0.557057399933428,0.5636255075241569,0.4003219245373276,0.7455263869202795,0.4387969672679901,0.5045458078384399
230320_53,0,230320,A549,train,0.557057399933428,0.039029036705814625,0.048808054535729874,0.03015700417768785,0.05399714782834053,0.030028650537133217
230320_54,1,230320,A549,train,0.557057399933428,0.5472322967366868,0.5066344974387327,0.7931028716170181,0.6390636563301086,0.7896156907081604
230320_55,0,230320,A549,train,0.557057399933428,0.023777794686357136,0.051088533533650816,0.026850387089596157,0.020561663433909416,0.006705956067889929
230320_56,1,230320,A549,test,0.557057399933428,0.45321427438062173,0.6506018578406769,0.8498451245658402,0.3911001980304718,0.6539239287376404
230320_57,1,230320,A549,train,0.557057399933428,0.5965081921459541,0.5945715317928747,0.8820473323899243,0.5925644040107727,0.7284106016159058
230320_58,1,230320,A549,train,0.557057399933428,0.5679414648435173,0.5231661500370267,0.7677370873524154,0.4191132187843323,0.5606667995452881
230320_59,1,230320,A549,train,0.557057399933428,0.6052643445599041,0.5521636555827754,0.7718481011161319,0.6720711588859558,0.7718449234962463
230320_6,1,230320,HPMEC,train,0.38564787519248345,0.5616448093337596,0.38421108664974035,0.07593580917383783,0.8314626812934875,0.8652193546295166
230320_60,1,230320,A549,train,0.557057399933428,0.43817573465124965,0.5188462123441973,0.8218505402673594,0.6060845255851746,0.7386725544929504
230320_61,0,230320,A549,train,0.557057399933428,0.7672065525727068,0.458993356399077,0.44140226296374174,0.7247178554534912,0.8039153814315796
230320_62,1,230320,A549,test,0.557057399933428,0.702031244705836,0.3517039052262978,0.4209903778296647,0.4596235156059265,0.6589199304580688
230320_63,1,230320,A549,train,0.557057399933428,0.6731498804005416,0.14584921260939587,0.20526404630116427,0.67986661195755,0.76754230260849
230320_64,1,230320,A549,test,0.557057399933428,0.6092751692526482,0.6613581158192648,0.5163166290550456,0.1332191526889801,0.32632339000701904
230320_65,1,230320,A549,train,0.557057399933428,0.7654090634959113,0.8911302070759072,0.7091703555542155,0.30751833319664,0.6092991828918457
230320_66,1,230320,A549,test,0.557057399933428,0.8048778032983418,0.8115203035279296,0.7454248909702712,0.443234384059906,0.561098575592041
230320_67,1,230320,A549,train,0.557057399933428,0.7525624362051917,0.7657986318449551,0.7738843452208463,0.6862494945526123,0.6914599537849426
230320_68,1,230320,A549,train,0.557057399933428,0.7373250919726291,0.6200464342112012,0.4545368769798808,0.841413140296936,0.8865278959274292
230320_69,1,230320,A549,test,0.557057399933428,0.7265896433375174,0.8635448171551792,0.8325855613555145,0.5460352897644043,0.6228687763214111
230320_7,1,230320,HPMEC,test,0.38564787519248345,0.5949929512044992,0.31638983518955666,0.0768653005532934,0.7801253199577332,0.8134130835533142
230320_70,0,230320,HPMEC,train,0.3946874982067802,0.20055218700319494,0.1271913468419164,0.1632057931785733,0.16902804374694824,0.30341002345085144
230320_71,0,230320,HPMEC,test,0.3946874982067802,0.2961858348932609,0.21526239640318806,0.15080262797105787,0.3169335424900055,0.33474740386009216
230320_72,1,230320,HPMEC,train,0.3946874982067802,0.40886355360497556,0.24797319203352855,0.277317171303426,0.6317359209060669,0.7216193675994873
230320_73,1,230320,HPMEC,train,0.3946874982067802,0.3518721111671668,0.24027784860046508,0.19058099176887894,0.3904857933521271,0.5505070090293884
230320_74,0,230320,HPMEC,train,0.3946874982067802,0.44127734383859557,0.27625230152047225,0.3195712489759224,0.0543527789413929,0.1848663091659546
230320_75,1,230320,HPMEC,train,0.3946874982067802,0.5895271464474524,0.5715480967024603,0.26364044324055214,0.6135492920875549,0.7675482034683228
230320_76,1,230320,HPMEC,train,0.3946874982067802,0.630682872808336,0.7248371595950284,0.4041569968062,0.5584567785263062,0.6607193350791931
230320_77,1,230320,HPMEC,test,0.3946874982067802,0.5865918901387198,0.5630197214594719,0.28609232288553393,0.5405594706535339,0.6592780351638794
230320_78,1,230320,HPMEC,test,0.3946874982067802,0.6829488342761517,0.4551283081610973,0.2621829219519134,0.6145399808883667,0.6739555597305298
230320_79,1,230320,HPMEC,train,0.3946874982067802,0.7051595690670892,0.5223605345109595,0.3868350622601317,0.7632490992546082,0.8246414065361023
230320_8,1,230320,HPMEC,train,0.38564787519248345,0.5970161585669151,0.6531775471560053,0.12678862973030244,0.21922573447227478,0.5147678852081299
230320_80,1,230320,HPMEC,train,0.3946874982067802,0.6612002268409559,0.7569981365535083,0.4890037761882788,0.4917261302471161,0.6246431469917297
230320_81,1,230320,HPMEC,train,0.3946874982067802,0.5238799820294003,0.63520436505575,0.41504520078109347,0.5674563646316528,0.630674421787262
230320_82,1,230320,HPMEC,train,0.3946874982067802,0.36165957073848876,0.5675399589998908,0.43686646204299345,0.4147016406059265,0.5230528116226196
230320_83,1,230320,HPMEC,train,0.3946874982067802,0.34484991225809014,0.5049545370826597,0.37258434163990706,0.7186142802238464,0.7357940673828125
230320_84,0,230320,HPMEC,test,0.3946874982067802,0.521020293885198,0.6943468764750014,0.5243834218374368,0.7952431440353394,0.7205947041511536
230320_85,1,230320,HPMEC,test,0.3946874982067802,0.5240452296402957,0.7627442718759013,0.5460221706771339,0.5559053421020508,0.6007765531539917
230320_86,1,230320,HPMEC,test,0.3946874982067802,0.427437079529986,0.6044216719659242,0.47817692200169104,0.7317206263542175,0.8168330788612366
230320_87,1,230320,HPMEC,train,0.3946874982067802,0.42216980705944196,0.6814269433590222,0.5284482435356278,0.7104417085647583,0.7207117080688477
230320_88,1,230320,HPMEC,train,0.3946874982067802,0.23056338598428003,0.505315480685486,0.4996637528312363,0.29398655891418457,0.4024198651313782
230320_89,1,230320,HPMEC,val,0.3946874982067802,0.3659498550349491,0.4912422318523867,0.5029132888060317,0.2480670064687729,0.2086229771375656
230320_9,1,230320,HPMEC,train,0.38564787519248345,0.5637710825942487,0.8213428525575103,0.19105369763133948,0.9150606393814087,0.8693786859512329
230320_90,1,230320,HPMEC,val,0.3946874982067802,0.340170785255408,0.3662127759156946,0.5039785533463679,0.5022154450416565,0.5745111703872681
230320_91,1,230320,HPMEC,val,0.3946874982067802,0.49183688554762056,0.754365370902488,0.7206812930514167,0.5310423970222473,0.517599880695343
230320_92,1,230320,HPMEC,train,0.3946874982067802,0.4590741998502019,0.9213756305013838,0.7950590497996654,0.2760569751262665,0.23570303618907928
230320_93,1,230320,HPMEC,val,0.3946874982067802,0.3264008949218799,0.7893253641184023,0.5785332568166066,0.6076614856719971,0.5525413751602173
230320_94,1,230320,HPMEC,train,0.3946874982067802,0.5696670364646593,0.8694304505579507,0.7514809640818119,0.42981207370758057,0.6570041179656982
230320_95,1,230320,HPMEC,train,0.3946874982067802,0.44237713870892414,0.8134515708771435,0.7657589126759439,0.501475989818573,0.5287497043609619
230320_96,1,230320,HPMEC,train,0.3946874982067802,0.3266180543187788,0.7579614984249365,0.5654260769385574,0.3923146426677704,0.5029327273368835
230320_97,1,230320,HPMEC,train,0.3946874982067802,0.344586712558257,0.8291145042023166,0.7102606398740264,0.6123945713043213,0.6404770016670227
230320_98,1,230320,HPMEC,val,0.3946874982067802,0.4544147709899477,0.3753250306009249,0.4813268957312481,0.3556112051010132,0.53694087266922
230320_99,0,230320,HPMEC,val,0.3946874982067802,0.38828209619942594,0.29631663220834853,0.1522064881997504,0.31199273467063904,0.39825084805488586
230321_1,1,230321,A549,test,0.5554539898070888,0.7176128818620325,0.9141508170448629,0.8768387484460382,0.9911187291145325,0.972358763217926
230321_10,1,230321,HPMEC,train,0.38718804021471465,0.5552421168029804,0.7563416915581552,0.11980502545308187,0.990538477897644,0.9567003846168518
230321_11,1,230321,HPMEC,train,0.38718804021471465,0.3682147675166074,0.7431374165512848,0.08089159907343592,0.984509289264679,0.8665856719017029
230321_12,1,230321,HPMEC,test,0.38718804021471465,0.4534672311813667,0.8863070315155395,0.2572034539906264,0.9462200403213501,0.8630848526954651
230321_13,1,230321,HPMEC,test,0.38718804021471465,0.5861718243899706,0.848525454409913,0.11161766148513215,0.9721079468727112,0.8914195895195007
230321_14,1,230321,HPMEC,test,0.38718804021471465,0.532938415189324,0.8788613376534558,0.1277514113427962,0.9659379720687866,0.8575254678726196
230321_15,1,230321,HPMEC,train,0.38718804021471465,0.534009813492076,0.6095549943267974,0.08861989284330224,0.9676104784011841,0.7647782564163208
230321_16,1,230321,HPMEC,train,0.38718804021471465,0.5489085803761162,0.7822289864370271,0.12234657043956801,0.9113853573799133,0.6442044973373413
230321_2,1,230321,A549,train,0.5554539898070888,0.732864580319818,0.9159449077963883,0.8096367073007821,0.9950999617576599,0.97999507188797
230321_3,1,230321,A549,val,0.5554539898070888,0.6803484565797568,0.8870795403701033,0.7484472621810335,0.9926033616065979,0.9766792058944702
230321_4,1,230321,A549,test,0.5554539898070888,0.6979609228725848,0.8545019762805678,0.8382705676869457,0.9745814800262451,0.8940153121948242
230321_5,1,230321,A549,train,0.5554539898070888,0.749355912339126,0.8395734030761759,0.8893651679330288,0.977390468120575,0.9301880598068237
230321_6,1,230321,A549,train,0.5554539898070888,0.704048032353569,0.8478015561617311,0.8389977675463768,0.9768085479736328,0.9350978136062622
230321_7,1,230321,A549,train,0.5554539898070888,0.5984765057881478,0.49644976493500764,0.387339141869988,0.9882007837295532,0.9555853605270386
230321_8,1,230321,A549,test,0.5554539898070888,0.5917242921731752,0.691922623457188,0.669439573308011,0.9861347079277039,0.9364344477653503
230321_9,1,230321,HPMEC,train,0.38718804021471465,0.8631982741405845,0.8831131716484474,0.14918221476251967,0.9773033261299133,0.9023789167404175
230328_1,1,230328,CACO,train,0.5540509738571655,0.8483712726355384,0.5826878478927101,0.7602287380538345,0.7612705826759338,0.8300604820251465
230328_10,1,230328,CACO,train,0.5540509738571655,0.8696811971007415,0.7700868668763265,0.913678588898838,0.7463082671165466,0.8131832480430603
230328_11,1,230328,CACO,test,0.5540509738571655,0.8673583651757348,0.7627387514816875,0.9114076095962266,0.8075222969055176,0.9034502506256104
230328_12,1,230328,CACO,test,0.5540509738571655,0.8080092914836524,0.7792155426136346,0.9095908865373832,0.841058075428009,0.898651123046875
230328_13,1,230328,CACO,test,0.3887192978410919,0.7499951813719405,0.651059872139494,0.895903153941892,0.922431230545044,0.9601249694824219
230328_14,1,230328,CACO,train,0.3887192978410919,0.8138192500931184,0.7222515844260328,0.9103178577063554,0.790151059627533,0.8563774824142456
230328_15,1,230328,CACO,train,0.3887192978410919,0.8458152234623758,0.8916675854528975,0.9027625063623266,0.6070573329925537,0.7731713056564331
230328_16,1,230328,CACO,train,0.3887192978410919,0.810765117724499,0.709228433065782,0.9207655196692096,0.9007163047790527,0.9289435148239136
230328_17,1,230328,CACO,train,0.3887192978410919,0.8047214998063749,0.6677299901477212,0.9207655196692096,0.884895920753479,0.9279478788375854
230328_18,1,230328,CACO,val,0.3887192978410919,0.8339521380250129,0.7465460024527268,0.8910638739756345,0.85951167345047,0.9268169403076172
230328_19,1,230328,CACO,train,0.3887192978410919,0.7223128925086508,0.826904265774023,0.9441323239085981,0.8978574872016907,0.9601067304611206
230328_2,1,230328,CACO,train,0.5540509738571655,0.8585249497039381,0.8862150654727649,0.9384323828126994,0.695971667766571,0.817068338394165
230328_20,1,230328,CACO,val,0.3887192978410919,0.7602440984406128,0.7857861495918094,0.904997932254713,0.8771971464157104,0.896360456943512
230328_21,1,230328,CACO,val,0.3887192978410919,0.812441300607691,0.719831882784269,0.8333039130634543,0.7417046427726746,0.8593665957450867
230328_22,1,230328,CACO,train,0.3887192978410919,0.8330601866859841,0.7535108977739436,0.8410091548609792,0.7646782994270325,0.8846948146820068
230328_23,1,230328,CACO,train,0.3887192978410919,0.6924221106673052,0.8273982275196983,0.9163757886375139,0.8659117221832275,0.95900559425354
230328_24,1,230328,CACO,train,0.3887192978410919,0.7653363660782325,0.583844690717124,0.7611677616897682,0.8409450054168701,0.9350662231445312
230328_3,1,230328,CACO,test,0.5540509738571655,0.8440891768242483,0.804200736879166,0.901755060131153,0.773683488368988,0.8814205527305603
230328_4,1,230328,CACO,test,0.5540509738571655,0.8026880762996988,0.7997042280378218,0.9258097785732525,0.7008339762687683,0.868816077709198
230328_5,1,230328,CACO,train,0.5540509738571655,0.8148999387518401,0.8566773507833912,0.9379688891285655,0.8395994901657104,0.9223416447639465
230328_6,1,230328,CACO,train,0.5540509738571655,0.8832073353848289,0.6850708197768025,0.9071255549280727,0.805316686630249,0.8442122340202332
230328_7,1,230328,CACO,train,0.5540509738571655,0.8744436840339394,0.7780266711292348,0.8579482260194482,0.7767645120620728,0.8145384192466736
230328_8,1,230328,CACO,train,0.5540509738571655,0.8571829093102591,0.7256463774398088,0.9209530414181731,0.8841413259506226,0.9120022654533386
230328_9,1,230328,CACO,train,0.5540509738571655,0.8587103003485198,0.6250809402741464,0.7544731369182922,0.5774122476577759,0.7855371832847595
230329_1,1,230329,CACO,train,0.17003741086534696,0.5699405342585472,0.8393927151492989,0.3316131062790058,0.5703310370445251,0.7021859288215637
230329_10,1,230329,CACO,train,0.17003741086534696,0.7390355970518548,0.7702643304847266,0.6557236146110985,0.82472825050354,0.825856626033783
230329_11,0,230329,CACO,val,0.17003741086534696,0.7873547657603166,0.7978557220292437,0.6546561221062366,0.6922858953475952,0.6764097213745117
230329_12,0,230329,CACO,train,0.17003741086534696,0.734322929149203,0.8521623028746383,0.8314951007904737,0.41560056805610657,0.5475550293922424
230329_2,1,230329,CACO,train,0.17003741086534696,0.6156103224980587,0.8003669171101716,0.53228549666868,0.6785788536071777,0.690768837928772
230329_3,1,230329,CACO,train,0.17003741086534696,0.5449929331596007,0.6037772998954408,0.2745250198019125,0.9054127931594849,0.8904256224632263
230329_4,1,230329,CACO,train,0.17003741086534696,0.643524158652002,0.57612803415291,0.3604329866366448,0.8396601676940918,0.8962541222572327
230329_5,1,230329,CACO,train,0.17003741086534696,0.6915875808327745,0.8858396315789839,0.37281420343530985,0.8765917420387268,0.9058587551116943
230329_6,1,230329,CACO,test,0.17003741086534696,0.637784441588755,0.8897671999955192,0.4343324749252361,0.670177161693573,0.7532868981361389
230329_7,1,230329,CACO,train,0.17003741086534696,0.7719993933641005,0.8800522707753713,0.5787716243287763,0.9344328045845032,0.9486457705497742
230329_8,1,230329,CACO,train,0.17003741086534696,0.7664414276447408,0.7946908544626441,0.502665014693331,0.9088619947433472,0.8807095885276794
230329_9,1,230329,CACO,train,0.17003741086534696,0.7842803448235438,0.8955260340525976,0.5138557293641719,0.8468093872070312,0.7657188773155212
230403_1,0,230403,CACO,test,0.214424211433836,0.7860481344921749,0.8294915412018105,0.6488408045191095,0.8704121708869934,0.6483228802680969
230403_10,0,230403,CACO,train,0.214424211433836,0.6828251546805302,0.8563037734328421,0.7258410222588937,0.9445697665214539,0.8310746550559998
230403_11,0,230403,CACO,train,0.214424211433836,0.7052846011559786,0.8043082146511275,0.5280914935662743,0.8620579838752747,0.7502322793006897
230403_12,0,230403,CACO,test,0.214424211433836,0.7323279551968193,0.8975861897900179,0.6953615258475969,0.760928750038147,0.4028875529766083
230403_2,0,230403,CACO,train,0.214424211433836,0.8178107516726225,0.814394717117447,0.6357444397788328,0.9182429909706116,0.8556302785873413
230403_3,1,230403,CACO,train,0.214424211433836,0.9189958427971582,0.9120748611802144,0.8194466933725371,0.9259055256843567,0.7016506195068359
230403_4,0,230403,CACO,test,0.214424211433836,0.6191968482064021,0.8778996839316732,0.5961663449992969,0.8501185178756714,0.4532982110977173
230403_5,0,230403,CACO,train,0.214424211433836,0.8625589001410205,0.8952302108353248,0.7478660062898157,0.8125695586204529,0.565788984298706
230403_6,0,230403,CACO,test,0.214424211433836,0.7566758271650628,0.9082169536920878,0.7991624296186531,0.9486051201820374,0.8198590278625488
230403_7,1,230403,CACO,train,0.214424211433836,0.6137538743816661,0.7000678288479003,0.3013553402086119,0.8516309261322021,0.6841313242912292
230403_8,0,230403,CACO,train,0.214424211433836,0.6084580189178874,0.766001221876503,0.6902059527062305,0.9142913818359375,0.6253986358642578
230403_9,1,230403,CACO,train,0.214424211433836,0.7488292993018847,0.8923869879935493,0.7557481476461132,0.9331173896789551,0.7410331964492798
230405_1,0,230405,CACO,train,0.35615912980080977,0.7570729575108157,0.8853580066514954,0.4714941444458218,0.4350937306880951,0.17634719610214233
230405_10,0,230405,CACO,train,0.35615912980080977,0.635140187184065,0.5134750883734149,0.16356858972065308,0.5370633602142334,0.48066258430480957
230405_100,0,230405,CACO,train,0.3118098364575844,0.3753895363755209,0.05119216989503007,0.11768157022287544,0.13797572255134583,0.14717139303684235
230405_101,0,230405,CACO,train,0.3118098364575844,0.2996716418577969,0.09147172388639713,0.2305120478629021,0.1462290734052658,0.12027285248041153
230405_102,0,230405,CACO,train,0.3118098364575844,0.28647835794350146,0.09013823674750873,0.24443620683050138,0.1459505707025528,0.13314184546470642
230405_103,0,230405,CACO,test,0.3118098364575844,0.3746910526890716,0.1749588484680349,0.37025482393759607,0.08847344666719437,0.05343008041381836
230405_104,0,230405,CACO,train,0.3118098364575844,0.46477093258444285,0.1941162891089216,0.6066681496920191,0.16620762646198273,0.11689848452806473
230405_105,0,230405,CACO,test,0.3118098364575844,0.11520903779765326,0.18195625800162413,0.45248430942749523,0.10124855488538742,0.10056296736001968
230405_106,0,230405,CACO,train,0.3118098364575844,0.14808629661027564,0.16235588997093986,0.41335436627122,0.1600591093301773,0.07929801195859909
230405_107,0,230405,CACO,train,0.3118098364575844,0.09348305426481586,0.2948662567522385,0.6834635114784151,0.10564431548118591,0.07755734026432037
230405_108,0,230405,CACO,train,0.3118098364575844,0.16256939012711275,0.24346746412123008,0.5846765946600957,0.10267437249422073,0.048038776963949203
230405_109,0,230405,CACO,test,0.3118098364575844,0.20337202454256814,0.11341535141171541,0.3524834936455112,0.0867752656340599,0.049194950610399246
230405_11,0,230405,CACO,train,0.35615912980080977,0.6587398089763705,0.5525677792918182,0.32733097587469434,0.686739981174469,0.3753831088542938
230405_110,0,230405,CACO,train,0.3118098364575844,0.41153043810737805,0.2355938829034465,0.5412592921354604,0.2308875173330307,0.09597887098789215
230405_111,0,230405,CACO,train,0.3118098364575844,0.368991107645408,0.15861422480696705,0.49935967840977236,0.1907646805047989,0.046294961124658585
230405_112,0,230405,CACO,train,0.3118098364575844,0.4973066763207696,0.25869826781184757,0.5518917085273399,0.1948770135641098,0.09354552626609802
230405_113,0,230405,CACO,test,0.3118098364575844,0.48571258419927754,0.2393406996528277,0.3684207224321692,0.14253944158554077,0.25971555709838867
230405_114,0,230405,CACO,train,0.3118098364575844,0.2224121714532979,0.23389687316204347,0.3515460687753337,0.0964602380990982,0.0651918426156044
230405_115,0,230405,CACO,train,0.3118098364575844,0.2939307006035124,0.36028770941327337,0.39462871480087386,0.06692618131637573,0.04728700593113899
230405_116,0,230405,CACO,test,0.3118098364575844,0.3042446870108864,0.41356708910622175,0.38282109484153515,0.07414717972278595,0.07632524520158768
230405_117,0,230405,CACO,train,0.3118098364575844,0.4224864225626989,0.36949861420880337,0.5041948785343461,0.03066474385559559,0.01866140216588974
230405_118,0,230405,CACO,train,0.3118098364575844,0.6455457755183088,0.6496607983451802,0.6966097688634609,0.07971373945474625,0.042140327394008636
230405_119,0,230405,CACO,train,0.3118098364575844,0.6458498120248777,0.6496607983451802,0.6966097688634609,0.07964761555194855,0.050276800990104675
230405_12,0,230405,CACO,train,0.35615912980080977,0.7130738463724267,0.7899572648223555,0.47720506704948934,0.5133864283561707,0.2965788245201111
230405_120,0,230405,CACO,val,0.3118098364575844,0.6520946559414839,0.8011953351177766,0.6814261248062269,0.1795484572649002,0.15646660327911377
230405_121,0,230405,CACO,train,0.3118098364575844,0.662928921692958,0.8511904519425147,0.8127212323276825,0.23377776145935059,0.15767927467823029
230405_122,0,230405,CACO,train,0.3118098364575844,0.5892580672569682,0.26879454551683696,0.4217287313268858,0.2310435175895691,0.11750417202711105
230405_123,0,230405,CACO,test,0.3118098364575844,0.3594522534254357,0.1452257505845064,0.23339578481622372,0.22722728550434113,0.18869219720363617
230405_124,0,230405,CACO,train,0.3118098364575844,0.26931460498606624,0.09761009293348988,0.37831555807029277,0.1565479189157486,0.18592102825641632
230405_125,0,230405,CACO,train,0.3118098364575844,0.5041815056169096,0.19283862253358203,0.5399465166429588,0.20507697761058807,0.22930851578712463
230405_126,0,230405,CACO,train,0.3118098364575844,0.6640126156442301,0.2681577837435541,0.4170058516777958,0.1350216120481491,0.2574564218521118
230405_127,0,230405,CACO,train,0.3118098364575844,0.7842770017420081,0.26314421601889215,0.6171531619289865,0.351143479347229,0.37032559514045715
230405_128,0,230405,CACO,train,0.3118098364575844,0.7223717678756817,0.3133921336226428,0.5988685510182212,0.2654571235179901,0.16364508867263794
230405_129,0,230405,CACO,val,0.3118098364575844,0.1563833615615141,0.09344819150218382,0.34642357066054474,0.08355756103992462,0.08046453446149826
230405_13,0,230405,CACO,train,0.35615912980080977,0.7939232912255654,0.8614217911566682,0.6360886736105849,0.7544680833816528,0.45772045850753784
230405_130,0,230405,CACO,test,0.3118098364575844,0.1937437893444828,0.26663607760047237,0.2268225049573539,0.12622347474098206,0.0842895582318306
230405_131,0,230405,CACO,train,0.3118098364575844,0.1383635549306597,0.2345860272324541,0.37243422684660776,0.26972612738609314,0.24763400852680206
230405_132,0,230405,CACO,train,0.3118098364575844,0.1997987603300707,0.3238988252544467,0.27190382902908633,0.19120009243488312,0.2312813550233841
230405_133,0,230405,CACO,train,0.3118098364575844,0.2709356643392455,0.19843329070588797,0.3574569842574082,0.2110522985458374,0.1891157180070877
230405_134,0,230405,CACO,train,0.3118098364575844,0.17706358461044844,0.12493348101274576,0.18126551282717634,0.12107956409454346,0.1444934606552124
230405_135,0,230405,CACO,test,0.3118098364575844,0.3681724573813245,0.20500318579126245,0.20006753695021381,0.2359207570552826,0.20585191249847412
230405_136,0,230405,CACO,train,0.3118098364575844,0.18439032461583305,0.061282057081865585,0.08104225651217292,0.1853243112564087,0.1537102907896042
230405_137,0,230405,CACO,val,0.3118098364575844,0.23131419999416122,0.06059390289418789,0.15632982709482598,0.30799734592437744,0.29388144612312317
230405_138,0,230405,CACO,train,0.3118098364575844,0.6334464901698378,0.27999494802321556,0.21420676229758,0.28638845682144165,0.3845660388469696
230405_14,0,230405,CACO,train,0.35615912980080977,0.8120422820634141,0.794415981084168,0.5615736025638546,0.5827164649963379,0.16715870797634125
230405_15,0,230405,CACO,train,0.35615912980080977,0.6541143690167273,0.7778758079824095,0.23941942384166393,0.48919743299484253,0.14299233257770538
230405_16,0,230405,CACO,test,0.35615912980080977,0.7007185108923569,0.7204524068247892,0.21823563045586597,0.6450795531272888,0.28034743666648865
230405_17,0,230405,CACO,train,0.35615912980080977,0.8152644179737736,0.8791214197355115,0.5154055072964608,0.5570552945137024,0.10674639046192169
230405_18,0,230405,CACO,train,0.35615912980080977,0.7172446498712007,0.7802627081045304,0.2927088757132189,0.282281756401062,0.07015234231948853
230405_19,0,230405,CACO,train,0.35615912980080977,0.524527027020647,0.2876956666009653,0.1168540921659051,0.7258598208427429,0.7036044597625732
230405_2,0,230405,CACO,train,0.35615912980080977,0.7713932772838309,0.8124588539398963,0.3994255851446597,0.4784354567527771,0.19724714756011963
230405_20,0,230405,CACO,train,0.35615912980080977,0.6986405928820414,0.5925813642646496,0.3144563503380097,0.8840051889419556,0.5738412737846375
230405_21,0,230405,CACO,test,0.35615912980080977,0.7514476464286169,0.5891540388058907,0.27355043667136164,0.8779278993606567,0.7634677886962891
230405_22,0,230405,CACO,val,0.35615912980080977,0.5768273395006724,0.23653840756388764,0.12942541631360419,0.6849055290222168,0.3787943422794342
230405_23,0,230405,CACO,train,0.35615912980080977,0.7324404693282139,0.555864520349944,0.27444771322799627,0.8392472863197327,0.5395696759223938
230405_24,0,230405,CACO,train,0.35615912980080977,0.7528349269171629,0.489766852788231,0.2411904680369142,0.8327481150627136,0.6951975226402283
230405_25,0,230405,CACO,test,0.35615912980080977,0.4617531596521343,0.20723208344477828,0.13083810888630962,0.681868314743042,0.4497022330760956
230405_26,0,230405,CACO,train,0.35615912980080977,0.5015623277927923,0.3429578488264025,0.21961838970647238,0.21123945713043213,0.13465459644794464
230405_27,0,230405,CACO,test,0.35615912980080977,0.37383024731913905,0.2214449958989524,0.12825091770692307,0.6703848838806152,0.7593405842781067
230405_28,0,230405,CACO,test,0.35615912980080977,0.6358792257485165,0.46001479767623077,0.3855157599122503,0.4329736828804016,0.4144928753376007
230405_29,0,230405,CACO,train,0.35615912980080977,0.6633943765118633,0.49014517697337245,0.3158741547761869,0.573281466960907,0.5082839131355286
230405_3,0,230405,CACO,val,0.35615912980080977,0.7402873997349121,0.8052140361695286,0.41830756152957127,0.6712965369224548,0.3041325807571411
230405_30,0,230405,CACO,train,0.35615912980080977,0.39053090323997114,0.21586975938510677,0.1335919764594662,0.6499175429344177,0.29041051864624023
230405_31,0,230405,CACO,test,0.35615912980080977,0.20927940765520758,0.18909002014434595,0.13580027919659918,0.7022227644920349,0.2989475131034851
230405_32,0,230405,CACO,test,0.35615912980080977,0.4271528545917836,0.21334762228922402,0.09401805632178489,0.2936097979545593,0.4324216842651367
230405_33,0,230405,CACO,train,0.35615912980080977,0.21191064811693103,0.18229203742982103,0.14737079840370612,0.598276674747467,0.5143997073173523
230405_34,0,230405,CACO,train,0.35615912980080977,0.10353466345860855,0.3502235549598845,0.3082158673574316,0.4004444181919098,0.2663125693798065
230405_35,0,230405,CACO,train,0.35615912980080977,0.12791087639720458,0.20315842463120543,0.25585912638147656,0.2923436760902405,0.21923436224460602
230405_36,0,230405,HUVEC,train,0.1551686541817162,0.22652985780683124,0.059637935182758034,0.0786420924325107,0.22271063923835754,0.14314593374729156
230405_37,0,230405,HUVEC,train,0.1551686541817162,0.39681046494467226,0.32284742936082544,0.4227193943460587,0.19022852182388306,0.14029619097709656
230405_38,0,230405,HUVEC,train,0.1551686541817162,0.22848409388803495,0.1099509883583836,0.15209830706752794,0.017964687198400497,0.01846686191856861
230405_39,0,230405,HUVEC,test,0.1551686541817162,0.28797330680662986,0.18937920090370244,0.2745226858710742,0.05575190857052803,0.05753257870674133
230405_4,0,230405,CACO,train,0.35615912980080977,0.7382379602935587,0.6239598928298961,0.28989924490066576,0.4427749216556549,0.1839885711669922
230405_40,0,230405,HUVEC,train,0.1551686541817162,0.13683521854918784,0.15239406881904602,0.12907406677593647,0.056773602962493896,0.05872771888971329
230405_41,0,230405,HUVEC,train,0.1551686541817162,0.16780265237402925,0.144900824526795,0.11882961381989667,0.061382558196783066,0.051532965153455734
230405_42,0,230405,HUVEC,train,0.1551686541817162,0.14538195249945993,0.07332596758616425,0.07220648924091953,0.03842204809188843,0.04291000962257385
230405_43,0,230405,HUVEC,val,0.1551686541817162,0.29995750508471036,0.15152781661203696,0.15397797063478666,0.059961020946502686,0.06993495672941208
230405_44,0,230405,HUVEC,train,0.1551686541817162,0.21026940466762997,0.11079955287070932,0.10253277495079431,0.05097050964832306,0.04085754230618477
230405_45,0,230405,HUVEC,train,0.1551686541817162,0.5137606143821039,0.15532467268028624,0.19576040131770184,0.06914732605218887,0.06061097979545593
230405_46,0,230405,HUVEC,train,0.1551686541817162,0.10808445602799577,0.14688315321499615,0.13025941249016698,0.0672723650932312,0.05977233499288559
230405_47,0,230405,HUVEC,test,0.1551686541817162,0.22647268201028667,0.0943440709171484,0.07588591561855827,0.1590491533279419,0.12564057111740112
230405_48,0,230405,HUVEC,train,0.1551686541817162,0.19749157729926944,0.16232756023308384,0.20925643684839623,0.1661306917667389,0.29814329743385315
230405_49,0,230405,HUVEC,train,0.1551686541817162,0.08624307600760588,0.07157275447096553,0.08919515485043532,0.08765682578086853,0.17410063743591309
230405_5,0,230405,CACO,train,0.35615912980080977,0.6960894462339823,0.774181355612722,0.5563383025565377,0.7101701498031616,0.48641127347946167
230405_50,0,230405,HUVEC,train,0.1551686541817162,0.05431673804982926,0.06096193145946054,0.11211220446682096,0.06625115871429443,0.0746673047542572
230405_51,0,230405,HUVEC,train,0.1551686541817162,0.057369894869889373,0.04171358049732113,0.03551005293828869,0.0907289981842041,0.12091919779777527
230405_52,0,230405,HUVEC,val,0.1551686541817162,0.006976712566675017,0.02366521562549369,0.019592968140990312,0.10029423981904984,0.0867869108915329
230405_53,0,230405,HUVEC,train,0.1551686541817162,0.07952933873209028,0.036059410590865995,0.029325414142875768,0.11414806544780731,0.15092971920967102
230405_54,0,230405,HUVEC,train,0.1551686541817162,0.008348190700995774,0.02541811888488013,0.021917767552582013,0.08409269154071808,0.0434999093413353
230405_55,0,230405,HUVEC,train,0.1551686541817162,0.1213509082144841,0.06024273959701074,0.07430435563723259,0.057975783944129944,0.09888523817062378
230405_56,0,230405,HUVEC,train,0.1551686541817162,0.11327159019295635,0.03397349634878123,0.03302766074549048,0.0683291107416153,0.06595028191804886
230405_57,0,230405,HUVEC,train,0.1551686541817162,0.010196369009610547,0.03666453440219065,0.03674171037693158,0.043309591710567474,0.047724418342113495
230405_58,0,230405,HUVEC,val,0.1551686541817162,0.01683682441272481,0.047134694367270046,0.039634932949284864,0.06447421759366989,0.052095722407102585
230405_59,0,230405,HUVEC,train,0.1551686541817162,0.008554447201235505,0.025840952606458367,0.022697191754988074,0.04857433959841728,0.04335883632302284
230405_6,0,230405,CACO,train,0.35615912980080977,0.6401489020551425,0.7103286255727466,0.49119028470123566,0.7823095917701721,0.594276487827301
230405_60,0,230405,HUVEC,train,0.1551686541817162,0.014005452329394982,0.0590252320271992,0.03590420479023949,0.038740042597055435,0.04190288111567497
230405_61,0,230405,HUVEC,train,0.1551686541817162,0.12758107464682641,0.04835059394442697,0.06059363614274377,0.012196430005133152,0.014792438596487045
230405_62,0,230405,HUVEC,train,0.1551686541817162,0.36070837378112836,0.1389628854957496,0.20080747969701135,0.12815356254577637,0.17481088638305664
230405_63,0,230405,HUVEC,test,0.1551686541817162,0.2707240856053873,0.1762550544646621,0.13462863047344917,0.0890069380402565,0.04866040125489235
230405_64,0,230405,HUVEC,train,0.1551686541817162,0.20809750107374228,0.20109540742646065,0.1287369459066162,0.09054908901453018,0.07104205340147018
230405_65,0,230405,HUVEC,test,0.1551686541817162,0.1685493584165214,0.3976488330869835,0.1438739063953174,0.0850251242518425,0.1232273206114769
230405_66,0,230405,HUVEC,val,0.1551686541817162,0.36183427763752,0.3163900924337939,0.2039632740189812,0.050717588514089584,0.053449518978595734
230405_67,0,230405,HUVEC,train,0.1551686541817162,0.4873182479147741,0.5120644871562908,0.3430574438032288,0.1298879086971283,0.12955594062805176
230405_68,0,230405,HUVEC,train,0.1551686541817162,0.48916569014088895,0.5278411631309199,0.4107706463466054,0.17108352482318878,0.19139453768730164
230405_69,0,230405,HUVEC,train,0.1551686541817162,0.44291459747224093,0.37162623131148775,0.2538580186169428,0.12064532190561295,0.1140243262052536
230405_7,0,230405,CACO,train,0.35615912980080977,0.6797308205979903,0.7034905539064406,0.5268323834648151,0.8561407923698425,0.7722465991973877
230405_70,0,230405,HUVEC,train,0.1551686541817162,0.6115023906523188,0.3965747928141143,0.43017080722079276,0.09123802185058594,0.09251262992620468
230405_71,0,230405,HUVEC,test,0.1551686541817162,0.11988845419933312,0.169594633996344,0.13111491849141382,0.1793803870677948,0.20214445888996124
230405_72,0,230405,HUVEC,train,0.1551686541817162,0.08011118133608572,0.20710606721725378,0.24887910493307533,0.09972826391458511,0.13671086728572845
230405_73,0,230405,HUVEC,train,0.1551686541817162,0.34764131703134604,0.11431661383090767,0.03793643221078378,0.16722407937049866,0.2315988391637802
230405_74,0,230405,HUVEC,test,0.1551686541817162,0.2993341836270105,0.1954234561811737,0.19247170730400734,0.1796121746301651,0.521659791469574
230405_75,0,230405,HUVEC,train,0.1551686541817162,0.4528348232750099,0.07617433084636155,0.10659446468843915,0.1573721170425415,0.2478635609149933
230405_76,0,230405,HUVEC,train,0.1551686541817162,0.21824403808564136,0.07265680223874463,0.0768782573840001,0.2973102033138275,0.3586656451225281
230405_77,0,230405,HUVEC,train,0.1551686541817162,0.21877719099133233,0.0958009266501036,0.08793602335492852,0.22741539776325226,0.18593040108680725
230405_78,0,230405,HUVEC,test,0.1551686541817162,0.17079986657119753,0.09033145279964226,0.09259546859872345,0.09259005635976791,0.09566318243741989
230405_79,0,230405,HUVEC,val,0.1551686541817162,0.020120362710782703,0.07662138723544089,0.07278141856233922,0.129413440823555,0.14601100981235504
230405_8,0,230405,CACO,train,0.35615912980080977,0.705289538836439,0.7847289757208347,0.6245486476731015,0.8530952334403992,0.7295740842819214
230405_80,0,230405,HUVEC,test,0.1551686541817162,0.02979143397721282,0.09677757639367841,0.09320847178865095,0.17501269280910492,0.23727838695049286
230405_81,0,230405,HUVEC,train,0.1551686541817162,0.043238250723408755,0.23829316326102154,0.19126854179303204,0.1441832333803177,0.20747531950473785
230405_82,0,230405,HUVEC,test,0.1551686541817162,0.04489223408388501,0.1834757532348516,0.12350335335762652,0.15141510963439941,0.1785871833562851
230405_83,0,230405,HUVEC,train,0.1551686541817162,0.04393926257717418,0.12728380215403737,0.1449482884973214,0.06748414784669876,0.11457307636737823
230405_84,0,230405,HUVEC,train,0.1551686541817162,0.043891423576558675,0.2260477036619201,0.1759381569880308,0.11210332810878754,0.17729048430919647
230405_85,0,230405,HUVEC,test,0.1551686541817162,0.10143551937205417,0.06414536706498254,0.05838442443354814,0.1409197896718979,0.20352056622505188
230405_86,0,230405,HUVEC,test,0.1551686541817162,0.22119565979510306,0.0889168399874628,0.08270632089917017,0.13769662380218506,0.1809939295053482
230405_87,0,230405,HUVEC,train,0.1551686541817162,0.5655396150282463,0.45754203429682605,0.3177030245309906,0.16945409774780273,0.3909747004508972
230405_88,0,230405,CACO,train,0.3118098364575844,0.31582029749841495,0.06380783773539574,0.17162405697705474,0.38281387090682983,0.26904353499412537
230405_89,0,230405,CACO,train,0.3118098364575844,0.4684458105189739,0.1249095150875252,0.42745145115001654,0.16462527215480804,0.12540169060230255
230405_9,0,230405,CACO,test,0.35615912980080977,0.70459410557778,0.7847289757208347,0.6245486476731015,0.8575683236122131,0.8072566986083984
230405_90,0,230405,CACO,train,0.3118098364575844,0.5571596501530218,0.3054145866970385,0.7080226131888518,0.011913169175386429,0.014528321102261543
230405_91,0,230405,CACO,train,0.3118098364575844,0.37246734980832025,0.14929682982655196,0.27366783876384615,0.04485396295785904,0.056965459138154984
230405_92,0,230405,CACO,train,0.3118098364575844,0.1609645160287933,0.16490411867728968,0.3118427784413811,0.11063899844884872,0.09013289213180542
230405_93,0,230405,CACO,train,0.3118098364575844,0.3064659457756188,0.20884596607331776,0.28978975503055193,0.08311538398265839,0.09838234633207321
230405_94,0,230405,CACO,train,0.3118098364575844,0.2990763417926132,0.08356457775173184,0.19730553176332216,0.05237497389316559,0.07375970482826233
230405_95,0,230405,CACO,train,0.3118098364575844,0.4796675938817052,0.2653352426446705,0.5021530550931979,0.08638442307710648,0.06512229144573212
230405_96,0,230405,CACO,test,0.3118098364575844,0.5454760875959653,0.488146876128708,0.7463741675221605,0.1052711233496666,0.033525098115205765
230405_97,0,230405,CACO,train,0.3118098364575844,0.8103086888305148,0.6253192442803139,0.8119808818237344,0.12715372443199158,0.07844161987304688
230405_98,0,230405,CACO,train,0.3118098364575844,0.5849875139639399,0.2640336115832642,0.4731497803965253,0.203312486410141,0.07814838737249374
230405_99,0,230405,CACO,train,0.3118098364575844,0.7265862810931271,0.6175575683638492,0.7868695091161197,0.21944820880889893,0.10408753156661987
230411_1,0,230411,HUVEC,train,0.2182471748421778,0.27636053599700483,0.19150776229287825,0.3086573893854522,0.16713039577007294,0.0839969739317894
230411_10,0,230411,HUVEC,train,0.2182471748421778,0.31537416439958826,0.24401030910608745,0.39614787758232795,0.3170066773891449,0.1303587406873703
230411_11,0,230411,HUVEC,train,0.2182471748421778,0.39021864681306395,0.4465663983573648,0.6588134442269915,0.179794043302536,0.07443492114543915
230411_12,0,230411,HUVEC,train,0.2182471748421778,0.38562008244059104,0.14954794866150095,0.40263982216803906,0.24582254886627197,0.16844771802425385
230411_13,0,230411,HUVEC,test,0.2182471748421778,0.35401571007130905,0.1644956891408052,0.21997222949840012,0.18147392570972443,0.1385614424943924
230411_14,0,230411,HUVEC,train,0.2182471748421778,0.2647237005943644,0.2128441847100622,0.3309822710581503,0.27544426918029785,0.2093142420053482
230411_15,0,230411,HUVEC,train,0.2182471748421778,0.3182960689589157,0.11305588477238203,0.2252313689766523,0.4761660695075989,0.3935619592666626
230411_16,0,230411,HUVEC,test,0.2182471748421778,0.1967774122873125,0.11795319811275452,0.20966196031043816,0.2272823601961136,0.20014895498752594
230411_17,0,230411,HUVEC,train,0.2182471748421778,0.15861390725818375,0.06927982562438863,0.12156014782609226,0.26840174198150635,0.24504193663597107
230411_18,0,230411,HUVEC,train,0.2182471748421778,0.10857187414969979,0.06543634050052309,0.06770366731980416,0.1356174349784851,0.10843119025230408
230411_19,0,230411,HUVEC,test,0.2182471748421778,0.41087052383457034,0.10882046019226344,0.38221412049982717,0.04818737506866455,0.04382181540131569
230411_2,0,230411,HUVEC,train,0.2182471748421778,0.3644083760215254,0.08944075669933162,0.313593794189848,0.21497689187526703,0.1714828908443451
230411_20,0,230411,HUVEC,train,0.2182471748421778,0.29004743806782907,0.1833232481780092,0.3219794268801962,0.2218635082244873,0.14917121827602386
230411_21,0,230411,HUVEC,train,0.2182471748421778,0.3512534859656811,0.10642347747725345,0.5003977803487787,0.32858091592788696,0.24702687561511993
230411_22,0,230411,HUVEC,val,0.2182471748421778,0.3988166924803836,0.1501208694203088,0.5413296409330692,0.23526322841644287,0.19198007881641388
230411_23,0,230411,HUVEC,train,0.2182471748421778,0.41950617439484444,0.23635094858979208,0.6411752197151511,0.33987945318222046,0.3716863989830017
230411_24,0,230411,HUVEC,train,0.2182471748421778,0.3849183625413706,0.17554604780940564,0.5163540810273552,0.3329050838947296,0.20979638397693634
230411_25,0,230411,HUVEC,test,0.2182471748421778,0.4042612819373212,0.20061541945584743,0.4837481638670173,0.47888579964637756,0.30254942178726196
230411_26,0,230411,HUVEC,train,0.2182471748421778,0.48025946479620757,0.14062130139492982,0.4865015202597815,0.29166296124458313,0.1923513561487198
230411_27,0,230411,HUVEC,val,0.2182471748421778,0.36531214619516056,0.08906463495812515,0.41238708857496015,0.16859889030456543,0.15231554210186005
230411_28,0,230411,HUVEC,train,0.2182471748421778,0.25934521405424305,0.1047832203387641,0.2796621997344257,0.21809615194797516,0.17657163739204407
230411_29,0,230411,HUVEC,train,0.2182471748421778,0.23564028179128427,0.31585649202303745,0.5747105523406427,0.31069713830947876,0.22190894186496735
230411_3,0,230411,HUVEC,test,0.2182471748421778,0.39892866458174886,0.23849865187137273,0.6156883689709391,0.19599251449108124,0.11371196061372757
230411_30,0,230411,HUVEC,train,0.2182471748421778,0.5428919510559841,0.13898360593437678,0.38600277160710306,0.5429836511611938,0.3719808757305145
230411_31,0,230411,HUVEC,train,0.2182471748421778,0.5203491807095442,0.07658316724471506,0.2893060261096214,0.541656494140625,0.24393396079540253
230411_32,0,230411,HUVEC,train,0.2182471748421778,0.37250173787373725,0.16290687857769645,0.46808985470883646,0.3791411221027374,0.24787621200084686
230411_33,0,230411,HUVEC,train,0.2182471748421778,0.6776968898453116,0.5031971509898684,0.6910629127818994,0.44059744477272034,0.20346124470233917
230411_34,0,230411,HUVEC,test,0.2182471748421778,0.17702447157858126,0.29956807516827083,0.27105586809727056,0.18727189302444458,0.11922965943813324
230411_35,0,230411,HUVEC,test,0.2182471748421778,0.27853575064768926,0.23842132296225488,0.38827720836375273,0.3518902659416199,0.23451969027519226
230411_36,0,230411,HUVEC,val,0.2182471748421778,0.3645260990591517,0.13990329503410182,0.2844428639013833,0.38922736048698425,0.2306365668773651
230411_37,0,230411,HUVEC,train,0.2182471748421778,0.38502855957000826,0.3030503843060861,0.45144955082332217,0.5422519445419312,0.30268779397010803
230411_38,0,230411,HUVEC,train,0.2182471748421778,0.4944975081677163,0.572690012770822,0.6362026957194763,0.4397944211959839,0.2792857587337494
230411_39,0,230411,HUVEC,train,0.2182471748421778,0.6866438822446318,0.4953699428203663,0.6514730568557993,0.511509358882904,0.4035232663154602
230411_4,0,230411,HUVEC,train,0.2182471748421778,0.28936948405631086,0.26167484874494007,0.5738106143962611,0.16060124337673187,0.15530410408973694
230411_40,0,230411,CACO,train,0.3575666481683141,0.37555083590851684,0.06572122676952842,0.03676509736473478,0.2713530659675598,0.21769969165325165
230411_41,0,230411,CACO,train,0.3575666481683141,0.4870839034895437,0.23689447296497865,0.1649890219402273,0.192282572388649,0.09637658298015594
230411_42,0,230411,CACO,train,0.3575666481683141,0.26033157643820165,0.11914467043183963,0.0598861784882911,0.36833256483078003,0.2504642903804779
230411_43,0,230411,CACO,train,0.3575666481683141,0.5291689296788448,0.17735286301798647,0.11266171720587347,0.24539253115653992,0.18402688205242157
230411_44,0,230411,CACO,train,0.3575666481683141,0.2382554950680391,0.10344331830801887,0.04665555665712157,0.03961227461695671,0.062027595937252045
230411_45,0,230411,CACO,train,0.3575666481683141,0.3853946869948751,0.09073597634287997,0.09757392195489739,0.056746020913124084,0.04675862565636635
230411_46,1,230411,CACO,train,0.3575666481683141,0.5722736787881533,0.19977138151710128,0.1215671452671146,0.12921077013015747,0.09175822883844376
230411_47,0,230411,CACO,train,0.3575666481683141,0.40261123604753085,0.05863977934370468,0.037078882479555444,0.16262094676494598,0.12189572304487228
230411_48,0,230411,CACO,train,0.3575666481683141,0.25933474581991245,0.05180150566089389,0.029522624898114556,0.16115300357341766,0.11775876581668854
230411_49,0,230411,CACO,train,0.3575666481683141,0.4124627190998712,0.07595429064662439,0.046660136976972605,0.12951764464378357,0.10382223129272461
230411_5,0,230411,HUVEC,train,0.2182471748421778,0.2792755704381089,0.17162728399880267,0.36393846089987575,0.12655185163021088,0.11601032316684723
230411_50,0,230411,CACO,train,0.3575666481683141,0.5583178293579036,0.27151673448390107,0.1621509578060145,0.2825499475002289,0.17613710463047028
230411_51,0,230411,CACO,test,0.3575666481683141,0.44068145505483014,0.07477433635515279,0.04604028610288105,0.12511059641838074,0.09781911969184875
230411_52,0,230411,CACO,train,0.3575666481683141,0.37702187503901047,0.15186348821403312,0.05206580203346901,0.2033497393131256,0.12259015440940857
230411_53,0,230411,CACO,train,0.3575666481683141,0.34517621117586006,0.03875867140981052,0.023527013291035525,0.14450938999652863,0.09793781489133835
230411_54,0,230411,CACO,train,0.3575666481683141,0.10656396584455481,0.06249485901286713,0.019601346491156406,0.12472425401210785,0.13542407751083374
230411_55,0,230411,CACO,train,0.3575666481683141,0.3335596684942001,0.151877862061226,0.10922763641035496,0.104763463139534,0.12435201555490494
230411_56,0,230411,CACO,train,0.3575666481683141,0.10704441868373564,0.12881732325784873,0.057882248927964015,0.21807719767093658,0.20231936872005463
230411_57,0,230411,CACO,train,0.3575666481683141,0.3298894924438592,0.06943614921661437,0.05396756480670975,0.22822974622249603,0.14353534579277039
230411_58,0,230411,CACO,train,0.3575666481683141,0.2652832787566594,0.10275856367726936,0.07792770330815348,0.06489332765340805,0.059595052152872086
230411_59,0,230411,CACO,train,0.3575666481683141,0.15822756376792685,0.08044180198679118,0.08747387270292485,0.07487604022026062,0.08000596612691879
230411_6,0,230411,HUVEC,train,0.2182471748421778,0.24687489005166613,0.14117930529470396,0.1924561651408465,0.16479793190956116,0.13848461210727692
230411_60,0,230411,CACO,test,0.3575666481683141,0.4937492076577338,0.21423045585973913,0.10001271183790701,0.17808513343334198,0.1415553241968155
230411_61,0,230411,CACO,train,0.3575666481683141,0.42571460995465704,0.11722155091632158,0.1065726104480142,0.11789610981941223,0.08487498015165329
230411_62,0,230411,CACO,train,0.3575666481683141,0.43620375794844285,0.10164170596897959,0.13394184495737482,0.16035477817058563,0.13696472346782684
230411_63,0,230411,CACO,train,0.3575666481683141,0.6087785018370039,0.5062522600951791,0.38415149349886835,0.28272053599357605,0.17644545435905457
230411_64,0,230411,CACO,train,0.3575666481683141,0.5225965622896858,0.36199555015119145,0.22449302641407184,0.1597798615694046,0.14663386344909668
230411_65,0,230411,CACO,train,0.3575666481683141,0.6429660580053059,0.45984164542853023,0.2792558731536376,0.5949521660804749,0.39749014377593994
230411_66,0,230411,CACO,train,0.3575666481683141,0.6456781795034872,0.3574336678299431,0.24870639542193806,0.5260918736457825,0.31690916419029236
230411_67,0,230411,CACO,test,0.3575666481683141,0.5448220041427356,0.26685259881607043,0.2146784551425537,0.2285017967224121,0.22477228939533234
230411_68,0,230411,CACO,test,0.3575666481683141,0.491033237230847,0.10966092925636815,0.057442744051426464,0.6082928776741028,0.4800942540168762
230411_69,0,230411,CACO,train,0.3575666481683141,0.594737438515619,0.45110692062642616,0.20379814096358848,0.5678291320800781,0.45810574293136597
230411_7,0,230411,HUVEC,train,0.2182471748421778,0.12688820488475966,0.3180172620283173,0.3753299824487777,0.21501126885414124,0.15892817080020905
230411_70,0,230411,CACO,train,0.3575666481683141,0.7168639245313919,0.6304131646227369,0.2948003070768127,0.6675388216972351,0.5655480027198792
230411_71,0,230411,CACO,test,0.3575666481683141,0.820801484494073,0.801945868768775,0.3821011786915459,0.4449175000190735,0.26188185811042786
230411_72,0,230411,CACO,val,0.3575666481683141,0.8209088861684551,0.5894581223377093,0.29708688359663993,0.7045076489448547,0.5725274682044983
230411_73,0,230411,CACO,val,0.3575666481683141,0.7651073159538249,0.4799067282012317,0.34185638528145984,0.2813432514667511,0.15279148519039154
230411_74,0,230411,CACO,train,0.3575666481683141,0.6669310408432725,0.37481061358868495,0.13825084035582122,0.3303013741970062,0.20126508176326752
230411_75,0,230411,CACO,train,0.3575666481683141,0.6766144777433227,0.46889043889192333,0.2623911614407337,0.6280187964439392,0.35710325837135315
230411_76,0,230411,CACO,val,0.3575666481683141,0.7766561028494549,0.37116469218777004,0.21188829574930904,0.6931878924369812,0.42722755670547485
230411_77,0,230411,CACO,train,0.3575666481683141,0.7421537219084008,0.43976687782474216,0.2508800838926234,0.6194815039634705,0.4128982722759247
230411_78,0,230411,CACO,train,0.3575666481683141,0.7418740249252666,0.7771544239390074,0.4350053650018988,0.6784952282905579,0.5654476881027222
230411_79,0,230411,CACO,train,0.3575666481683141,0.702749129653156,0.29249125011387944,0.047266522641094204,0.560319721698761,0.42819494009017944
230411_8,0,230411,HUVEC,test,0.2182471748421778,0.1603389795589629,0.297864956664282,0.4431982889085339,0.19790434837341309,0.1494555026292801
230411_9,0,230411,HUVEC,test,0.2182471748421778,0.16652873049717973,0.1438007079361476,0.20525581994572656,0.17684723436832428,0.11618387699127197
230419_1,0,230419,HPMEC,train,0.6349913478712559,0.24763994888924737,0.34622958669367226,0.3020862648589874,0.6597734689712524,0.42366930842399597
230419_10,0,230419,HPMEC,train,0.6349913478712559,0.30818062683804276,0.3216713394375942,0.3112428431771084,0.7615526914596558,0.733788013458252
230419_100,0,230419,CACO,train,0.23147568040173122,0.19920704195721983,0.15102620014450288,0.07282470347075747,0.5184636116027832,0.3994225561618805
230419_101,0,230419,CACO,train,0.23147568040173122,0.1106310203345434,0.022623633915249696,0.02128432889514479,0.23016215860843658,0.5098483562469482
230419_102,0,230419,CACO,test,0.23147568040173122,0.027981543551305613,0.03171437128899173,0.017708482219705935,0.05995609611272812,0.04400664195418358
230419_103,0,230419,CACO,test,0.23147568040173122,0.010646723972790562,0.030768970072447385,0.01984725060355317,0.14616462588310242,0.08605032414197922
230419_104,0,230419,CACO,val,0.23147568040173122,0.013950864565084275,0.02563893409143935,0.01628813104652864,0.16666649281978607,0.15250691771507263
230419_105,0,230419,CACO,train,0.23147568040173122,0.012856865179245886,0.023067833845236516,0.013539374628797325,0.14849331974983215,0.0948372408747673
230419_106,0,230419,CACO,train,0.23147568040173122,0.018670418719343104,0.03571594001684435,0.02077568496904611,0.18993034958839417,0.1298235058784485
230419_107,0,230419,CACO,train,0.23147568040173122,0.02167822765732026,0.03654265279549432,0.022036933201025812,0.18477770686149597,0.12600135803222656
230419_108,0,230419,CACO,test,0.23147568040173122,0.35650189782630176,0.12554480801457388,0.06906303135166679,0.18300890922546387,0.1615617275238037
230419_109,0,230419,CACO,train,0.23147568040173122,0.029739343449158708,0.041402600994004043,0.018790865595079802,0.06444115936756134,0.059255924075841904
230419_11,0,230419,HPMEC,train,0.6349913478712559,0.2638101519145962,0.21911799813843988,0.2211824386288279,0.8465388417243958,0.659574568271637
230419_110,0,230419,CACO,train,0.23147568040173122,0.016758406300223083,0.06395234857783211,0.030455995220152493,0.026991132646799088,0.02938959002494812
230419_111,0,230419,CACO,train,0.23147568040173122,0.017347572665876755,0.03500497259940278,0.02055670746488594,0.0175255686044693,0.08186791092157364
230419_112,0,230419,CACO,train,0.23147568040173122,0.023154385545957442,0.06254536908489373,0.032069819412762234,0.08826751261949539,0.06695080548524857
230419_113,0,230419,CACO,test,0.23147568040173122,0.018864269759012904,0.07644481579147606,0.03970920141277593,0.19361598789691925,0.1777973473072052
230419_114,0,230419,CACO,test,0.23147568040173122,0.020940197106731506,0.06258907078247061,0.038830467615931674,0.2814081907272339,0.19946879148483276
230419_115,0,230419,CACO,train,0.23147568040173122,0.04628695335623522,0.033049875636670625,0.024733522474488113,0.18705016374588013,0.12829174101352692
230419_116,0,230419,CACO,train,0.23147568040173122,0.46910724025075345,0.13304062636524608,0.07038896584695858,0.18457414209842682,0.15915897488594055
230419_117,1,230419,CACO,train,0.23147568040173122,0.13720232183308154,0.03046784265276951,0.021747209863226584,0.2646747827529907,0.2223692536354065
230419_118,1,230419,CACO,train,0.23147568040173122,0.0918028077926246,0.04338322578522531,0.02335902716899662,0.17757293581962585,0.12252702564001083
230419_119,1,230419,CACO,test,0.23147568040173122,0.08938790730002384,0.03598578124053167,0.019044291205061008,0.07590760290622711,0.04415956884622574
230419_12,0,230419,HPMEC,train,0.6349913478712559,0.35907943262493747,0.27122051050360907,0.32537399173970916,0.7922746539115906,0.6538306474685669
230419_120,1,230419,CACO,test,0.23147568040173122,0.10282436156017621,0.04707983476808369,0.0269480241125872,0.030405119061470032,0.03136608377099037
230419_121,1,230419,CACO,train,0.23147568040173122,0.060746947329762456,0.049865614789072546,0.030121988188083683,0.07747486978769302,0.08273415267467499
230419_122,1,230419,CACO,train,0.23147568040173122,0.06154247780956169,0.04258103289481015,0.024475508454040687,0.30230584740638733,0.3465956747531891
230419_123,1,230419,CACO,train,0.23147568040173122,0.05807927292980112,0.04266178413383159,0.024620519628546948,0.3885578215122223,0.3527522385120392
230419_124,1,230419,CACO,test,0.23147568040173122,0.10288493039277545,0.040732105061832675,0.03380383788725473,0.5005931854248047,0.3589591979980469
230419_13,0,230419,HPMEC,val,0.6349913478712559,0.5496009831064103,0.565044112025397,0.5203440958339762,0.7983760833740234,0.6274124383926392
230419_14,0,230419,HPMEC,train,0.6349913478712559,0.3975949041556963,0.5250748151115163,0.3820339918265013,0.3489488661289215,0.20181743800640106
230419_15,0,230419,HPMEC,test,0.6349913478712559,0.3595869195077117,0.6160701611264496,0.3927130130190093,0.8466557860374451,0.8427000641822815
230419_16,0,230419,HPMEC,test,0.6349913478712559,0.30602543388714326,0.18134942071580745,0.245088699344041,0.7431555986404419,0.503035306930542
230419_17,0,230419,HPMEC,train,0.6349913478712559,0.4204384072001308,0.2395746454291024,0.3211252984227636,0.3441409468650818,0.1664470136165619
230419_18,0,230419,HPMEC,train,0.6349913478712559,0.40360394772428027,0.31572871889981924,0.5314835331885378,0.31432288885116577,0.21695676445960999
230419_19,0,230419,HPMEC,val,0.6349913478712559,0.6073105134096013,0.6648256558929772,0.3935974562832664,0.785178542137146,0.7838054895401001
230419_2,0,230419,HPMEC,train,0.6349913478712559,0.23168014705214526,0.3083172472380408,0.20985128906990966,0.6324419379234314,0.432860404253006
230419_20,0,230419,HPMEC,train,0.6349913478712559,0.5895849676608742,0.7459038092526634,0.5417527884345092,0.2625674903392792,0.21608152985572815
230419_21,0,230419,HPMEC,train,0.6349913478712559,0.6741066707085253,0.7675144032944432,0.6149083508916314,0.7375020384788513,0.7760342955589294
230419_22,0,230419,HPMEC,train,0.6349913478712559,0.5992679345438133,0.6952901138248001,0.6035144066612497,0.8282394409179688,0.7206762433052063
230419_23,0,230419,HPMEC,train,0.6349913478712559,0.6443559410113653,0.7401531435783483,0.6541486142698488,0.5685645341873169,0.4999050199985504
230419_24,0,230419,HPMEC,train,0.6349913478712559,0.49700292852286804,0.6665735413430092,0.43305130051019625,0.7488229274749756,0.5073213577270508
230419_25,0,230419,HPMEC,train,0.6349913478712559,0.35441059868807856,0.3043021514033969,0.24128339150142872,0.5917009711265564,0.424502432346344
230419_26,0,230419,HPMEC,test,0.6349913478712559,0.2695303928718669,0.29773949130791866,0.4179415774800213,0.26248010993003845,0.15351124107837677
230419_27,0,230419,HPMEC,train,0.6349913478712559,0.38628491518606434,0.19091099887862595,0.25959152294678584,0.10671106725931168,0.04705680161714554
230419_28,0,230419,HPMEC,train,0.6349913478712559,0.40490529688065097,0.22747695010012137,0.2717773743603357,0.3800794780254364,0.3531482219696045
230419_29,0,230419,HPMEC,train,0.6349913478712559,0.45550692265254883,0.5007363885002425,0.1963586180478252,0.5045129656791687,0.24773038923740387
230419_3,0,230419,HPMEC,train,0.6349913478712559,0.16552491531351637,0.29514728735164936,0.3063637680323864,0.647342324256897,0.7037801146507263
230419_30,0,230419,HPMEC,train,0.6349913478712559,0.3301792035527036,0.6693265093171215,0.4189258718654276,0.4791978895664215,0.4674282670021057
230419_31,0,230419,HPMEC,test,0.6349913478712559,0.31485719673768225,0.7553896079705361,0.5078451334010129,0.4745791554450989,0.2691590487957001
230419_32,0,230419,HPMEC,test,0.6349913478712559,0.43062834463060146,0.7942135361595696,0.6678969399755578,0.7792347073554993,0.5137319564819336
230419_33,0,230419,HPMEC,test,0.6349913478712559,0.38477497390889687,0.5512427649537298,0.4313215540003014,0.45540404319763184,0.0981053039431572
230419_34,0,230419,HPMEC,test,0.6349913478712559,0.39635638155885156,0.20589214396102412,0.31645274887920377,0.1745508462190628,0.06503116339445114
230419_35,0,230419,HPMEC,test,0.6349913478712559,0.19560485716584172,0.7868884538824749,0.7685514557967263,0.2433624118566513,0.39211785793304443
230419_36,0,230419,HPMEC,train,0.6349913478712559,0.3516554481441626,0.6432126343735406,0.7184823285435754,0.22586548328399658,0.2628471851348877
230419_37,0,230419,HPMEC,train,0.6349913478712559,0.2611880276089414,0.5546632707359448,0.5784035068465201,0.40215590596199036,0.5685926079750061
230419_38,0,230419,HPMEC,train,0.6349913478712559,0.26187014771405803,0.546975796831379,0.5409675774228039,0.48191264271736145,0.449384480714798
230419_39,0,230419,HPMEC,val,0.6349913478712559,0.3626326504500411,0.635726486160357,0.5397554112125665,0.3346061110496521,0.21360115706920624
230419_4,0,230419,HPMEC,train,0.6349913478712559,0.2616123101476133,0.1966428147743259,0.20597747123233592,0.7198349833488464,0.6493586301803589
230419_40,0,230419,HPMEC,train,0.6349913478712559,0.40345630698650903,0.5903421981935737,0.5544257513990476,0.574366569519043,0.6041324734687805
230419_41,0,230419,HPMEC,train,0.6349913478712559,0.5319602015009777,0.6168806976306597,0.5531160060539932,0.6087573170661926,0.6060556173324585
230419_42,0,230419,HPMEC,test,0.6349913478712559,0.5696681535624545,0.8499188576880399,0.6679563787238529,0.2553114891052246,0.3075774013996124
230419_43,0,230419,HPMEC,train,0.6349913478712559,0.6314789978130694,0.7677331016054075,0.5828888596046257,0.5075266361236572,0.38451823592185974
230419_44,0,230419,HPMEC,val,0.6349913478712559,0.3916849021864075,0.5266744915796029,0.6975926517315085,0.40881621837615967,0.5180974006652832
230419_45,0,230419,HPMEC,train,0.6349913478712559,0.1694202901785287,0.2061647419226345,0.24201741028000553,0.021584047004580498,0.14447522163391113
230419_46,0,230419,HPMEC,test,0.6349913478712559,0.24891687498736412,0.6309085721884033,0.7977880586160194,0.3865991532802582,0.371643990278244
230419_47,0,230419,HPMEC,train,0.6349913478712559,0.3998045149987545,0.7511950023013165,0.7692894423069189,0.461571604013443,0.46111398935317993
230419_48,0,230419,HPMEC,train,0.6349913478712559,0.430816340904256,0.7778344579829792,0.7637102387887172,0.31834399700164795,0.2038707137107849
230419_49,0,230419,HPMEC,train,0.6349913478712559,0.49757128966837894,0.7613320756848097,0.6037296155508165,0.5999378561973572,0.4091380536556244
230419_5,0,230419,HPMEC,train,0.6349913478712559,0.34244762529879325,0.23148269351262776,0.22021217043493513,0.3768902122974396,0.285745769739151
230419_50,0,230419,HPMEC,train,0.6349913478712559,0.4443620475525428,0.7094274396464942,0.5797959550702753,0.8169628977775574,0.6749606728553772
230419_51,0,230419,HPMEC,train,0.6349913478712559,0.4811515518173043,0.2760503934190324,0.5577721868633904,0.21761548519134521,0.1348157376050949
230419_52,0,230419,HPMEC,train,0.6349913478712559,0.46316984216636614,0.6949735642705613,0.5456732420108636,0.24120254814624786,0.20719513297080994
230419_53,0,230419,HPMEC,test,0.6349913478712559,0.04654574942908486,0.07954946119414996,0.5788725137340932,0.19497078657150269,0.09618208557367325
230419_54,0,230419,HPMEC,val,0.6349913478712559,0.026986777398119745,0.09932434647460128,0.3065996125427808,0.15162859857082367,0.11466722190380096
230419_55,0,230419,HPMEC,train,0.6349913478712559,0.0692106335267007,0.06463743184213185,0.29108176474231257,0.47557970881462097,0.385209321975708
230419_56,0,230419,HPMEC,train,0.6349913478712559,0.06294277481753464,0.11896059359495305,0.37853422407944265,0.41740474104881287,0.30318740010261536
230419_57,0,230419,HPMEC,train,0.6349913478712559,0.10823828385048674,0.17760602068224293,0.45141921575563226,0.42717787623405457,0.42505037784576416
230419_58,0,230419,HPMEC,train,0.6349913478712559,0.10223689208503806,0.21243567464360508,0.4723425929648088,0.3208255469799042,0.309209406375885
230419_59,0,230419,HPMEC,train,0.6349913478712559,0.1070535904180858,0.2205376564671954,0.4412053467150796,0.38396602869033813,0.26448893547058105
230419_6,0,230419,HPMEC,train,0.6349913478712559,0.2976397228214481,0.16399007491044676,0.17206550739923587,0.4240671396255493,0.35415923595428467
230419_60,0,230419,HPMEC,train,0.6349913478712559,0.15506799935178786,0.2566400552206766,0.4398101769324933,0.3188098967075348,0.3632098436355591
230419_61,0,230419,HPMEC,train,0.6349913478712559,0.2084807749370019,0.33042480342140534,0.6156982154687423,0.4004603922367096,0.22313588857650757
230419_62,0,230419,HPMEC,train,0.6349913478712559,0.15652443477210382,0.0556328279292771,0.594998549230709,0.547136664390564,0.3151586353778839
230419_63,0,230419,HPMEC,test,0.6349913478712559,0.22718768855559082,0.16489604155482265,0.37715427457849404,0.3243359625339508,0.21901780366897583
230419_64,0,230419,HPMEC,train,0.6349913478712559,0.3694754834553855,0.2047387434856507,0.6923034191263356,0.719666063785553,0.6433761119842529
230419_65,0,230419,HPMEC,val,0.6349913478712559,0.19797320199480992,0.207589660847196,0.47967696714574415,0.2091318964958191,0.19036440551280975
230419_66,0,230419,HPMEC,train,0.6349913478712559,0.1551358827976049,0.1368749402154102,0.39443846024806056,0.44433343410491943,0.2811087667942047
230419_67,0,230419,HPMEC,train,0.6349913478712559,0.2086341847789756,0.16661191589385071,0.40016255691903474,0.25331783294677734,0.20626789331436157
230419_68,0,230419,HPMEC,train,0.6349913478712559,0.11945562348526165,0.1250275292069224,0.39368161210862807,0.1836501806974411,0.1511680781841278
230419_69,0,230419,HPMEC,train,0.6349913478712559,0.08529188137470334,0.036811545072860795,0.25307912837885976,0.18887850642204285,0.13272389769554138
230419_7,0,230419,HPMEC,train,0.6349913478712559,0.20864149455582168,0.30592325863165665,0.15718754009482533,0.5096718668937683,0.4948675036430359
230419_70,0,230419,HPMEC,train,0.6349913478712559,0.04688922879152885,0.025935323388802244,0.23846254967667946,0.14193926751613617,0.08934500068426132
230419_71,0,230419,HPMEC,train,0.6349913478712559,0.015922019776935404,0.03914897543828462,0.31979129011172275,0.18787869811058044,0.13093189895153046
230419_72,0,230419,HPMEC,test,0.6349913478712559,0.321805199708204,0.09594154776809818,0.486128802507967,0.48888832330703735,0.46908891201019287
230419_73,0,230419,HPMEC,test,0.6349913478712559,0.3462273128799887,0.07777408680981111,0.6052141999705283,0.712963879108429,0.6404680013656616
230419_74,0,230419,HPMEC,val,0.6349913478712559,0.36576304694009765,0.07140629501996022,0.6310751101860609,0.6306936740875244,0.5728718042373657
230419_75,0,230419,HPMEC,val,0.6349913478712559,0.5713885206852316,0.5055042783066678,0.8018425678242994,0.7099229097366333,0.7397332191467285
230419_76,0,230419,HPMEC,train,0.6349913478712559,0.5530999876080976,0.489730506323338,0.8015052946898541,0.6464508175849915,0.5531401038169861
230419_77,0,230419,HPMEC,train,0.6349913478712559,0.14376214282649827,0.0161751477069971,0.2480672748544285,0.05074004456400871,0.053071849048137665
230419_78,0,230419,HPMEC,train,0.6349913478712559,0.10739310592680783,0.04420214345051362,0.44961397490019245,0.17943578958511353,0.14156047999858856
230419_79,0,230419,HPMEC,val,0.6349913478712559,0.11169757132871508,0.08065055401591138,0.49360689730801016,0.05653608962893486,0.0855826586484909
230419_8,0,230419,HPMEC,train,0.6349913478712559,0.25697249678000117,0.15697410123522249,0.23922253965803109,0.2487756907939911,0.18925221264362335
230419_80,0,230419,HPMEC,train,0.6349913478712559,0.3555132017188123,0.49820403619573195,0.5592695848530282,0.13925446569919586,0.1527547985315323
230419_81,0,230419,HPMEC,test,0.6349913478712559,0.5224046274072391,0.3563287411213098,0.6221306165803854,0.11272788047790527,0.14879919588565826
230419_82,0,230419,HPMEC,train,0.6349913478712559,0.011423365281807776,0.02590563734306766,0.22334990322948833,0.21940915286540985,0.19428488612174988
230419_83,0,230419,HPMEC,test,0.6349913478712559,0.013352975291288118,0.015814405926851093,0.1932436393630902,0.16179873049259186,0.14991475641727448
230419_84,0,230419,HPMEC,train,0.6349913478712559,0.013099662584604356,0.02937682625661925,0.18025640891254635,0.11905568093061447,0.094081811606884
230419_85,0,230419,HPMEC,train,0.6349913478712559,0.0081979833753673,0.022148278921557928,0.15592084757461525,0.0748317688703537,0.07169870287179947
230419_86,0,230419,HPMEC,train,0.6349913478712559,0.01283231942226137,0.021224219944487796,0.14398334965196904,0.13154162466526031,0.09048529714345932
230419_87,0,230419,HPMEC,train,0.6349913478712559,0.03677492573133503,0.030442392314272686,0.20398184410231976,0.05827879533171654,0.10450288653373718
230419_88,0,230419,HPMEC,train,0.6349913478712559,0.05789577252995053,0.20269836313726955,0.5104208766776887,0.04845782369375229,0.013936550356447697
230419_89,0,230419,CACO,train,0.23147568040173122,0.5629266513664746,0.6474652827167945,0.1523409765821524,0.544137179851532,0.3641512989997864
230419_9,0,230419,HPMEC,train,0.6349913478712559,0.2065936644819553,0.1747634646340589,0.14364681601855717,0.13392087817192078,0.2426242083311081
230419_90,0,230419,CACO,train,0.23147568040173122,0.39335071654994097,0.3733676071719018,0.12550323123812726,0.5961719751358032,0.4345238506793976
230419_91,0,230419,CACO,val,0.23147568040173122,0.04193466012158103,0.014688728002564364,0.014774608019644293,0.028443826362490654,0.026478327810764313
230419_92,0,230419,CACO,train,0.23147568040173122,0.30035964102634183,0.04547465148198761,0.047130462016687136,0.1831756830215454,0.16458095610141754
230419_93,0,230419,CACO,val,0.23147568040173122,0.053717139775139415,0.021521991307336966,0.017397645895331777,0.013895156793296337,0.007651654537767172
230419_94,0,230419,CACO,test,0.23147568040173122,0.5160079017786364,0.6051061271218112,0.29062170230894857,0.17579017579555511,0.15608710050582886
230419_95,0,230419,CACO,train,0.23147568040173122,0.21539650395781387,0.06020091896941369,0.07611390960470138,0.5648640990257263,0.4459179639816284
230419_96,0,230419,CACO,test,0.23147568040173122,0.1822981467780474,0.1710701266668012,0.06867702111904635,0.42811349034309387,0.4161202609539032
230419_97,0,230419,CACO,train,0.23147568040173122,0.23147405026010245,0.03292029269093849,0.026154786158405895,0.09419342875480652,0.07918693870306015
230419_98,0,230419,CACO,train,0.23147568040173122,0.18665816204526028,0.4204713604809281,0.10814716683554391,0.39290598034858704,0.1955733746290207
230419_99,0,230419,CACO,val,0.23147568040173122,0.34201831416424816,0.3328972522194757,0.10843765077438211,0.3983880579471588,0.19568166136741638
230424_1,0,230424,HPMEC,train,0.6403280078904059,0.44596813883216635,0.5850829743567304,0.5940246727623095,0.011641806922852993,0.1117420494556427
230424_10,0,230424,HPMEC,train,0.6403280078904059,0.781002171200213,0.8554611741901912,0.8195697398736844,0.23178185522556305,0.2516453266143799
230424_100,1,230424,A549,train,0.6140061590580107,0.8022706026114358,0.7548054012758814,0.9304079402908542,0.935075581073761,0.9519955515861511
230424_101,0,230424,A549,train,0.6140061590580107,0.02349253256855237,0.006478011648437878,0.012438763139302955,0.015707748010754585,0.02082098089158535
230424_102,0,230424,A549,train,0.6140061590580107,0.7580139470478905,0.7350563253705386,0.9282163145292709,0.5616161823272705,0.5691471695899963
230424_103,0,230424,A549,val,0.6140061590580107,0.7122503831439785,0.5870047295973498,0.895310263798497,0.6076627373695374,0.49745726585388184
230424_104,0,230424,A549,test,0.6140061590580107,0.49536480975908875,0.5845521386784415,0.72408848802732,0.05132574960589409,0.20908427238464355
230424_105,1,230424,A549,train,0.6140061590580107,0.5244613578396516,0.33399103525732293,0.7910051579624229,0.7234553694725037,0.6813684701919556
230424_106,1,230424,A549,train,0.6140061590580107,0.2856336931867453,0.700887535757441,0.6994858648717652,0.13567045331001282,0.40435242652893066
230424_107,0,230424,A549,test,0.6140061590580107,0.3215587932094895,0.5901902675532019,0.6846189846213857,0.05295635759830475,0.012766373343765736
230424_108,0,230424,A549,train,0.6140061590580107,0.5940317578820732,0.5040569753800925,0.6154217570843447,0.17823682725429535,0.2597360908985138
230424_11,0,230424,HPMEC,train,0.6403280078904059,0.8157786110434954,0.8777210919752712,0.8498895774610465,0.908025860786438,0.932086169719696
230424_12,0,230424,HPMEC,test,0.6403280078904059,0.7661990073624666,0.8120144406120061,0.7853322653971517,0.36639896035194397,0.42193862795829773
230424_13,0,230424,HPMEC,train,0.6403280078904059,0.6782330769159186,0.5928304443753593,0.6917447965204309,0.5898060202598572,0.40143096446990967
230424_14,0,230424,HPMEC,train,0.6403280078904059,0.7183072294446469,0.7316087969688841,0.7745494627649917,0.06896799057722092,0.06501083076000214
230424_15,0,230424,HPMEC,train,0.6403280078904059,0.7305069155961722,0.8355156337034592,0.8013920496248406,0.39918842911720276,0.7146492004394531
230424_16,0,230424,HPMEC,train,0.6403280078904059,0.4584146221451098,0.4191454194027324,0.22657782779572527,0.19481588900089264,0.3283800780773163
230424_17,0,230424,HPMEC,test,0.6403280078904059,0.41128697097518674,0.21657567454955196,0.20656763475878034,0.07465427368879318,0.17698723077774048
230424_18,0,230424,HPMEC,train,0.6403280078904059,0.3051351729420987,0.4126341284667075,0.2944295459137361,0.03449857234954834,0.06650496274232864
230424_19,0,230424,HPMEC,train,0.6403280078904059,0.7280736616906596,0.6091424264447813,0.46242886326319976,0.3024088144302368,0.782463788986206
230424_2,0,230424,HPMEC,train,0.6403280078904059,0.013209057138330258,0.017763865767101115,0.029792733494960862,0.0016241219127550721,0.002431740751489997
230424_20,0,230424,HPMEC,val,0.6403280078904059,0.7870669448041887,0.7732394763445157,0.7230370911883256,0.5683369040489197,0.4736911952495575
230424_21,0,230424,HPMEC,train,0.6403280078904059,0.034726300149537835,0.008991781669232098,0.018002897122525934,0.008374816738069057,0.01116664707660675
230424_22,0,230424,HPMEC,val,0.6403280078904059,0.8011729206224606,0.8002339469489771,0.7495551368923439,0.37812522053718567,0.6154388189315796
230424_23,0,230424,HPMEC,test,0.6403280078904059,0.0311887057845273,0.01438658628855774,0.0241656548752988,0.009879249148070812,0.028827575966715813
230424_24,0,230424,HPMEC,train,0.6403280078904059,0.7480706770602213,0.8056969526936091,0.8074692712996153,0.12595359981060028,0.15156063437461853
230424_25,0,230424,HPMEC,train,0.6403280078904059,0.10760398950205546,0.008515688235691517,0.02368980725574848,0.09005176275968552,0.08208684623241425
230424_26,0,230424,HPMEC,train,0.6403280078904059,0.013253251679781326,0.007469497720808673,0.008517743711755319,0.005136934574693441,0.005809947848320007
230424_27,0,230424,HPMEC,train,0.6403280078904059,0.6499745335611922,0.6192402354395049,0.3993436441140011,0.032969728112220764,0.12587550282478333
230424_28,0,230424,HPMEC,train,0.6403280078904059,0.6685415948696112,0.5974090435484843,0.5986359977573527,0.23395936191082,0.415399432182312
230424_29,1,230424,HPMEC,train,0.6403280078904059,0.7233730163930224,0.8038561356390368,0.851303817540733,0.39160192012786865,0.6014834642410278
230424_3,0,230424,HPMEC,train,0.6403280078904059,0.7470355348785197,0.7559746790905413,0.7675669343245021,0.45942816138267517,0.5234547257423401
230424_30,1,230424,HPMEC,train,0.6403280078904059,0.7005080274873624,0.700945030749682,0.7877533763731555,0.42675018310546875,0.5488677620887756
230424_31,1,230424,HPMEC,test,0.6403280078904059,0.6825337051064666,0.8002165932751439,0.8165811502112553,0.13413533568382263,0.3367125689983368
230424_32,1,230424,HPMEC,train,0.6403280078904059,0.6720035636782618,0.7592538577257053,0.762410630864275,0.05427011474967003,0.09802528470754623
230424_33,1,230424,HPMEC,val,0.6403280078904059,0.7297446561779845,0.6090914369088274,0.7057645657803778,0.34208187460899353,0.42219722270965576
230424_34,1,230424,HPMEC,train,0.6403280078904059,0.7147722227995512,0.7225639793457175,0.736378705489349,0.2912132441997528,0.2967175245285034
230424_35,0,230424,HPMEC,test,0.6403280078904059,0.5591007235857917,0.37723027029079276,0.4317549150168381,0.17912684381008148,0.36614495515823364
230424_36,0,230424,HPMEC,test,0.6403280078904059,0.5050885891294569,0.44466663752089575,0.3744840904007381,0.014850731007754803,0.18660788238048553
230424_37,0,230424,HPMEC,train,0.6403280078904059,0.5902913064633881,0.7172489595659317,0.602434630306485,0.7434242963790894,0.7391641139984131
230424_38,0,230424,HPMEC,train,0.6403280078904059,0.016643674103160526,0.014753988256956539,0.02056720975209829,0.004121278412640095,0.005270420573651791
230424_39,1,230424,HPMEC,test,0.6403280078904059,0.6630388138464799,0.3789931324236483,0.5598697679584542,0.7372230291366577,0.8101420998573303
230424_4,0,230424,HPMEC,train,0.6403280078904059,0.03577011583849143,0.00685361876978064,0.0136458830916574,0.005848058499395847,0.007711123675107956
230424_40,1,230424,HPMEC,train,0.6403280078904059,0.7092989375725849,0.5878601466901805,0.7506103383719506,0.6187089681625366,0.7600594162940979
230424_41,1,230424,HPMEC,val,0.6403280078904059,0.7130360579398899,0.6157265408070537,0.4285011438249366,0.16039985418319702,0.29347068071365356
230424_42,0,230424,HPMEC,train,0.6403280078904059,0.5569693467337311,0.4716397660564075,0.3476522274510013,0.24231189489364624,0.16839119791984558
230424_43,0,230424,HPMEC,train,0.6403280078904059,0.5743539328087404,0.526797475054459,0.6403069611042851,0.1334289163351059,0.12602847814559937
230424_44,0,230424,HPMEC,train,0.6403280078904059,0.5078217043746607,0.5083326035475126,0.4828402435364326,0.46699512004852295,0.3537449836730957
230424_45,1,230424,HPMEC,train,0.6403280078904059,0.6002336709666972,0.4894060581945157,0.6192762098207804,0.8497669696807861,0.918796181678772
230424_46,1,230424,HPMEC,train,0.6403280078904059,0.6109210373880406,0.6834292648290589,0.8602110444220267,0.731741726398468,0.7873896360397339
230424_47,1,230424,HPMEC,train,0.6403280078904059,0.6776583942831556,0.705560750818283,0.9093075089737958,0.7020119428634644,0.7857130765914917
230424_48,1,230424,HPMEC,train,0.6403280078904059,0.6451784590968349,0.6852544566856584,0.8760145824854186,0.5855056047439575,0.5728418827056885
230424_49,1,230424,HPMEC,val,0.6403280078904059,0.6592984068942495,0.6277281665984975,0.7780021019714493,0.7711135149002075,0.6199592351913452
230424_5,0,230424,HPMEC,train,0.6403280078904059,0.06960457426557091,0.025688503551876598,0.02636812886285281,0.02997831627726555,0.02333223633468151
230424_50,1,230424,HPMEC,train,0.6403280078904059,0.4348210220391649,0.3649076339704775,0.5324665266689002,0.05196288600564003,0.12408407777547836
230424_51,1,230424,HPMEC,train,0.6403280078904059,0.5720660561038409,0.5300544437340319,0.8411717160853511,0.7004207372665405,0.582561731338501
230424_52,1,230424,HPMEC,train,0.6403280078904059,0.35616649036675446,0.6135991523088198,0.685490677974434,0.040989119559526443,0.130440816283226
230424_53,0,230424,HPMEC,train,0.6403280078904059,0.3775849895482495,0.5909999101829404,0.6214983434691685,0.05827226862311363,0.04276988282799721
230424_54,0,230424,A549,val,0.6140061590580107,0.47045420031378876,0.6317742816441692,0.6514884543996748,0.014538954012095928,0.23088978230953217
230424_55,0,230424,A549,train,0.6140061590580107,0.5030460017897581,0.4797804658520377,0.5761610812547928,0.013921034522354603,0.11906084418296814
230424_56,0,230424,A549,train,0.6140061590580107,0.02387690810746758,0.007702401628759255,0.011453630952294203,0.007432124577462673,0.0055676535703241825
230424_57,1,230424,A549,train,0.6140061590580107,0.836920270309771,0.9052135170391613,0.9433406948101801,0.8949654698371887,0.9038101434707642
230424_58,0,230424,A549,train,0.6140061590580107,0.04162397219919876,0.006210776946987713,0.010794097296643294,0.020503148436546326,0.03183187171816826
230424_59,0,230424,A549,train,0.6140061590580107,0.04302999533934681,0.008770905484503558,0.01053325821391095,0.009782790206372738,0.0060228025540709496
230424_6,0,230424,HPMEC,val,0.6403280078904059,0.7497157812568475,0.8372425625250185,0.8308798098761163,0.369098961353302,0.456196665763855
230424_60,1,230424,A549,train,0.6140061590580107,0.8252274434315553,0.8868732330674322,0.9432234829660587,0.5784383416175842,0.6357179880142212
230424_61,1,230424,A549,train,0.6140061590580107,0.8232910404069259,0.9043418699234966,0.9545925986815911,0.7568608522415161,0.8488674759864807
230424_62,1,230424,A549,test,0.6140061590580107,0.7088577551860449,0.6463481785592967,0.8575898746322659,0.6517965197563171,0.7835960984230042
230424_63,1,230424,A549,train,0.6140061590580107,0.7504072819082107,0.8220508437544131,0.9091325426616559,0.2787514925003052,0.3803538978099823
230424_64,1,230424,A549,train,0.6140061590580107,0.7767111029228818,0.7675663733650686,0.8233116950526055,0.8359376788139343,0.856196403503418
230424_65,1,230424,A549,test,0.6140061590580107,0.7250533208629776,0.6315042959394372,0.7577810990690288,0.39629030227661133,0.4141935706138611
230424_66,1,230424,A549,train,0.6140061590580107,0.6476066021315575,0.4146719485410136,0.5012837830472369,0.4231695234775543,0.31953391432762146
230424_67,1,230424,A549,train,0.6140061590580107,0.6218993655382052,0.699238680266823,0.779604735282668,0.1572534441947937,0.13658560812473297
230424_68,1,230424,A549,train,0.6140061590580107,0.648527943650619,0.6666948324770225,0.7580513791486034,0.3627167344093323,0.7495566606521606
230424_69,1,230424,A549,train,0.6140061590580107,0.36732823396294784,0.18893086125621814,0.1573196377155245,0.1414169818162918,0.2001023292541504
230424_7,0,230424,HPMEC,train,0.6403280078904059,0.06259032221548354,0.020865351335757582,0.036281828785622534,0.008750648237764835,0.009759039618074894
230424_70,1,230424,A549,train,0.6140061590580107,0.33596494668698784,0.10748773768515302,0.10979273161894981,0.14327862858772278,0.14279350638389587
230424_71,1,230424,A549,train,0.6140061590580107,0.3458676809065046,0.29594379214201244,0.18518058287970382,0.19293412566184998,0.14295263588428497
230424_72,1,230424,A549,val,0.6140061590580107,0.7340788847325853,0.7212648549930755,0.673184695070226,0.5247348546981812,0.5823841691017151
230424_73,1,230424,A549,test,0.6140061590580107,0.6452191257261408,0.46136668058730546,0.5301732699540403,0.5017189383506775,0.5506404042243958
230424_74,1,230424,A549,test,0.6140061590580107,0.7658312076045096,0.7942430333390101,0.8988971056336211,0.6553983092308044,0.8666744828224182
230424_75,1,230424,A549,train,0.6140061590580107,0.6285169976915772,0.5361999411120446,0.6017777147250292,0.16240990161895752,0.5944967865943909
230424_76,1,230424,A549,val,0.6140061590580107,0.6819185616415813,0.8209767238153288,0.8822155769281684,0.4853127598762512,0.4917147159576416
230424_77,0,230424,A549,test,0.6140061590580107,0.04782553735189959,0.007003439661140959,0.01132123506253473,0.028338054195046425,0.05641278252005577
230424_78,1,230424,A549,test,0.6140061590580107,0.5834848186223484,0.46557115079431044,0.5654218098666831,0.5885786414146423,0.662461519241333
230424_79,1,230424,A549,train,0.6140061590580107,0.6139931218461578,0.3064545596640881,0.31585699969554043,0.055089160799980164,0.13141842186450958
230424_8,0,230424,HPMEC,train,0.6403280078904059,0.5515887868467315,0.24394518580967636,0.5266691441475484,0.4739891588687897,0.599800705909729
230424_80,0,230424,A549,train,0.6140061590580107,0.09884346793620388,0.14163103353164883,0.11441755310647851,0.131673663854599,0.19279950857162476
230424_81,0,230424,A549,train,0.6140061590580107,0.009124387332186358,0.007469876213820949,0.009608813164102465,0.01811656355857849,0.020137842744588852
230424_82,1,230424,A549,train,0.6140061590580107,0.6925471467348969,0.8079153915777942,0.8754066784662826,0.5263040065765381,0.6183628439903259
230424_83,1,230424,A549,test,0.6140061590580107,0.008886628711319932,0.007286248555875742,0.008772250048741773,0.02410910837352276,0.03529033809900284
230424_84,1,230424,A549,train,0.6140061590580107,0.6886304796696415,0.7241699079223516,0.8160142942101902,0.5718629360198975,0.7326456904411316
230424_85,1,230424,A549,test,0.6140061590580107,0.6349908744678805,0.6193249338067239,0.8236648244149855,0.2796517610549927,0.5458239316940308
230424_86,1,230424,A549,train,0.6140061590580107,0.5592357086567227,0.5038435352104823,0.6984789484149185,0.12731198966503143,0.30066752433776855
230424_87,1,230424,A549,test,0.6140061590580107,0.6102983306285175,0.4397828350440891,0.7732711754244467,0.4373821020126343,0.6305288076400757
230424_88,1,230424,A549,test,0.6140061590580107,0.6739475930892379,0.6558840176367601,0.824324824399349,0.41030335426330566,0.41067230701446533
230424_89,1,230424,A549,train,0.6140061590580107,0.646525199625542,0.6974872826179135,0.8947266126490252,0.26355233788490295,0.3963208496570587
230424_9,0,230424,HPMEC,test,0.6403280078904059,0.7910723330689595,0.07638186523023073,0.07308889470505567,0.008696203120052814,0.012518143281340599
230424_90,1,230424,A549,train,0.6140061590580107,0.48443017142120004,0.6716573283269309,0.6548087928849139,0.02577177993953228,0.2620711922645569
230424_91,1,230424,A549,val,0.6140061590580107,0.6060344542860479,0.8000056053601418,0.7940566076592895,0.6456559896469116,0.4422221779823303
230424_92,1,230424,A549,train,0.6140061590580107,0.8388579476549535,0.8907921201825165,0.9187159439665094,0.7279009819030762,0.6788090467453003
230424_93,1,230424,A549,train,0.6140061590580107,0.7092553918281272,0.40005990783802614,0.5501074908670772,0.5668796300888062,0.6611229181289673
230424_94,1,230424,A549,train,0.6140061590580107,0.7325515410098666,0.799160538781309,0.8797410944447592,0.3789268136024475,0.6572113633155823
230424_95,1,230424,A549,train,0.6140061590580107,0.6774183061106923,0.4875210650226873,0.4553245928570169,0.44638243317604065,0.4855463206768036
230424_96,0,230424,A549,train,0.6140061590580107,0.34031462883967956,0.13890674063479388,0.19827363982940263,0.16720031201839447,0.09371422231197357
230424_97,1,230424,A549,train,0.6140061590580107,0.6365932591214633,0.6841302625762372,0.7624216393137028,0.03331517428159714,0.0637851357460022
230424_98,0,230424,A549,test,0.6140061590580107,0.63216054453989,0.60468290379842,0.6398446299745462,0.5012182593345642,0.17800328135490417
230424_99,0,230424,A549,train,0.6140061590580107,0.596325022580983,0.6544351247695542,0.5899587027018897,0.4061637222766876,0.06347686052322388
230425_1,0,230425,HPMEC,train,0.5102506809300417,0.06262258824146506,0.11635739977466991,0.03403580393335066,0.2773997485637665,0.11958865076303482
230425_10,0,230425,HPMEC,test,0.5102506809300417,0.7995380353414379,0.7573240036358752,0.3078489096767211,0.5777771472930908,0.5732342004776001
230425_100,1,230425,A549,test,0.5899560332246631,0.7959668328015029,0.834208638104996,0.9183584251768521,0.4577111601829529,0.565342903137207
230425_101,1,230425,A549,train,0.5899560332246631,0.7458855197828708,0.6839859176464517,0.9123832155555457,0.2033948302268982,0.1681511402130127
230425_102,0,230425,A549,train,0.5899560332246631,0.13641008297261176,0.02682443801041668,0.04070894697343623,0.15942542254924774,0.14585340023040771
230425_103,0,230425,A549,train,0.5899560332246631,0.33416291258613445,0.2683800257815759,0.6054467634614897,0.13805411756038666,0.17638619244098663
230425_104,0,230425,A549,train,0.5899560332246631,0.35293451192937053,0.5642419436805773,0.8580132465858751,0.1724957525730133,0.18042659759521484
230425_105,0,230425,A549,val,0.5899560332246631,0.18463687318875638,0.602947156274244,0.8393248632941552,0.23181042075157166,0.43947336077690125
230425_106,0,230425,HPMEC,train,0.5102506809300417,0.16305012588021495,0.22158017094554086,0.07051717593895755,0.15446218848228455,0.21100477874279022
230425_107,1,230425,HPMEC,train,0.5102506809300417,0.17772652307339978,0.08628112764380055,0.04810891980369301,0.23840579390525818,0.3063385784626007
230425_108,1,230425,HPMEC,test,0.5102506809300417,0.13630741549325578,0.06015897303075776,0.04073949131472073,0.09387502074241638,0.20883774757385254
230425_109,1,230425,HPMEC,train,0.5102506809300417,0.17804821957438008,0.12945106736506323,0.054150852020700455,0.2276180386543274,0.36543890833854675
230425_11,0,230425,HPMEC,train,0.5102506809300417,0.7178178789232086,0.7343909195099824,0.3349248225290232,0.2369535267353058,0.2861095070838928
230425_110,1,230425,HPMEC,train,0.5102506809300417,0.16983560782509383,0.13495569022267717,0.0807073117296028,0.26894742250442505,0.5378093719482422
230425_111,1,230425,HPMEC,test,0.5102506809300417,0.18513092629778774,0.05574200625629966,0.03485687045399901,0.1332920342683792,0.2963946461677551
230425_112,1,230425,HPMEC,train,0.5102506809300417,0.19469159781726797,0.1095349744372848,0.08727779816113028,0.102114737033844,0.2359096109867096
230425_113,1,230425,HPMEC,train,0.5102506809300417,0.10632586557302978,0.11919432380833438,0.08947895820151859,0.038289397954940796,0.11095863580703735
230425_114,1,230425,HPMEC,train,0.5102506809300417,0.2208144529432897,0.04964746914529788,0.04305265370101549,0.3014507591724396,0.6281721591949463
230425_115,1,230425,HPMEC,train,0.5102506809300417,0.18068912637324905,0.16650983995102672,0.09190665149131988,0.37196287512779236,0.5458352565765381
230425_116,1,230425,HPMEC,val,0.5102506809300417,0.24293485745526833,0.5375240345986948,0.2623285193499611,0.23537635803222656,0.4848373830318451
230425_117,1,230425,HPMEC,train,0.5102506809300417,0.15700121834721764,0.24776784794053222,0.2428553995501651,0.12200910598039627,0.34630149602890015
230425_118,1,230425,HPMEC,train,0.5102506809300417,0.25933175821112864,0.2629054271620667,0.2085504067339311,0.26387640833854675,0.6505646109580994
230425_119,1,230425,HPMEC,train,0.5102506809300417,0.23303294469974511,0.40033529556677466,0.27963609418297486,0.18919093906879425,0.4935673773288727
230425_12,0,230425,HPMEC,train,0.5102506809300417,0.7771246652325501,0.7420385662409883,0.3389400441627708,0.688651442527771,0.7873609662055969
230425_120,1,230425,HPMEC,train,0.5102506809300417,0.11264161638610369,0.2395684542506441,0.1729107393956581,0.2817891538143158,0.694793164730072
230425_121,1,230425,HPMEC,train,0.5102506809300417,0.0850755610279308,0.06945760064913503,0.04028298385918238,0.14344516396522522,0.4582658112049103
230425_122,1,230425,HPMEC,test,0.5102506809300417,0.09039242725491882,0.16150371792455914,0.09270185269745514,0.26580530405044556,0.6435517072677612
230425_123,1,230425,HPMEC,train,0.5102506809300417,0.07641307602912455,0.19270042000232443,0.11441483004715884,0.28768518567085266,0.5844677090644836
230425_124,1,230425,HPMEC,test,0.5102506809300417,0.0712442167454502,0.2720962666326615,0.12821896014204726,0.0960528776049614,0.3233505189418793
230425_125,0,230425,HPMEC,train,0.5102506809300417,0.002765361815008692,0.021804622655996305,0.01892915334137807,0.01889217272400856,0.062385138124227524
230425_126,1,230425,HPMEC,val,0.5102506809300417,0.056462118852377126,0.10376781021200764,0.05173502289712139,0.08104897290468216,0.289724200963974
230425_127,1,230425,HPMEC,train,0.5102506809300417,0.08027442387971838,0.23905368979660319,0.1997629948195655,0.07852807641029358,0.29049769043922424
230425_128,0,230425,HPMEC,test,0.5102506809300417,0.009860011317299496,0.04760882043623824,0.07101857032939161,0.013938208110630512,0.1305072158575058
230425_129,0,230425,HPMEC,train,0.5102506809300417,0.036849280448833725,0.18231549517010137,0.07187040282713687,0.1093902736902237,0.3396379053592682
230425_13,0,230425,HPMEC,train,0.5102506809300417,0.009349443543619265,0.028254871913422224,0.01437476047448818,0.02027762681245804,0.011262482963502407
230425_130,0,230425,HPMEC,val,0.5102506809300417,0.010534088596608614,0.0670278521515745,0.0334684885570841,0.1248878687620163,0.3544158339500427
230425_131,0,230425,HPMEC,test,0.5102506809300417,0.0037662369148800025,0.03264054765171041,0.017869306892452638,0.25277984142303467,0.4317031502723694
230425_132,0,230425,HPMEC,train,0.5102506809300417,0.0029886467033212846,0.05352537291434927,0.03246368432644893,0.27560311555862427,0.5639359354972839
230425_133,1,230425,HPMEC,test,0.5102506809300417,0.07677204380285299,0.17848812067755326,0.18330936496164216,0.24216413497924805,0.5152361989021301
230425_134,1,230425,HPMEC,test,0.5102506809300417,0.06060009411018266,0.07836315210481856,0.09454614894096329,0.1385515332221985,0.33157309889793396
230425_135,1,230425,HPMEC,train,0.5102506809300417,0.055975978393300305,0.2902002770524756,0.129249443522091,0.22194935381412506,0.3873092234134674
230425_136,1,230425,HPMEC,test,0.5102506809300417,0.05436072745082954,0.08456552309317547,0.10943529991233093,0.14558593928813934,0.291377454996109
230425_137,1,230425,HPMEC,test,0.5102506809300417,0.0451296484897994,0.13415394747903145,0.1433393488369271,0.12594906985759735,0.3281646966934204
230425_138,1,230425,HPMEC,train,0.5102506809300417,0.02560490593108974,0.019896873892522683,0.02171246667002457,0.07306960225105286,0.18550653755664825
230425_139,1,230425,HPMEC,train,0.5102506809300417,0.022779439189374032,0.02432840225335683,0.01763522128772645,0.08274161070585251,0.19181981682777405
230425_14,0,230425,HPMEC,train,0.5102506809300417,0.8348992728226934,0.7557544971795334,0.3013054735396628,0.46461576223373413,0.2626038193702698
230425_140,1,230425,HPMEC,train,0.5102506809300417,0.04955651178953916,0.03689444954870009,0.033575341434868185,0.13525785505771637,0.3192468285560608
230425_141,1,230425,HPMEC,val,0.5102506809300417,0.11544990683946285,0.08911116797561029,0.07165276588281479,0.21705509722232819,0.48967769742012024
230425_142,1,230425,A549,train,0.5435689516693951,0.23429140298863563,0.11167633697527868,0.15059836458467804,0.1539059430360794,0.2859089970588684
230425_143,1,230425,A549,test,0.5435689516693951,0.2318019487316973,0.04164197334458927,0.10382812149983754,0.2668461501598358,0.4699743986129761
230425_144,1,230425,A549,train,0.5435689516693951,0.2932488316926614,0.0505366262083855,0.10894830566814342,0.1449926495552063,0.17704398930072784
230425_145,1,230425,A549,test,0.5435689516693951,0.26863362388461826,0.06214928287187995,0.09964440591706543,0.17850208282470703,0.3752456605434418
230425_146,1,230425,A549,train,0.5435689516693951,0.38303882196036515,0.0852641380801074,0.32596262460378134,0.22611665725708008,0.4965282380580902
230425_147,1,230425,A549,train,0.5435689516693951,0.45405000274783636,0.05977981785802485,0.18772157934448053,0.12757577002048492,0.32732224464416504
230425_148,1,230425,A549,train,0.5435689516693951,0.4303323023552559,0.2755208476101054,0.7384580992643359,0.21675951778888702,0.6530911922454834
230425_149,1,230425,A549,train,0.5435689516693951,0.32971028605906016,0.40338911435432845,0.7223086740155668,0.06862347573041916,0.14729373157024384
230425_15,0,230425,HPMEC,test,0.5102506809300417,0.028864543760515355,0.020565520715755185,0.01350756697294982,0.01792285032570362,0.01045365072786808
230425_150,1,230425,A549,val,0.5435689516693951,0.6443266806971495,0.5400986268797265,0.6772094556989618,0.46015533804893494,0.6851373314857483
230425_151,1,230425,A549,train,0.5435689516693951,0.08216355514859454,0.06459506643200927,0.19109482086556298,0.19984447956085205,0.389182448387146
230425_152,1,230425,A549,test,0.5435689516693951,0.1581708429783598,0.08843273113282608,0.261675817986594,0.2496005743741989,0.4983651041984558
230425_153,1,230425,A549,train,0.5435689516693951,0.11681181143640429,0.0889751508841862,0.3501805682841526,0.13031072914600372,0.3133919835090637
230425_154,1,230425,A549,train,0.5435689516693951,0.2195781678084066,0.16855310963470102,0.42083059313237664,0.2638081908226013,0.558491587638855
230425_155,1,230425,A549,test,0.5435689516693951,0.2565511232739051,0.19348212469168533,0.5265816316954159,0.2265123575925827,0.5874300599098206
230425_156,1,230425,A549,train,0.5435689516693951,0.1617744994776426,0.1901498310503949,0.46283260961827777,0.18091192841529846,0.5237779021263123
230425_157,1,230425,A549,train,0.5435689516693951,0.19769099822919337,0.11014558303044264,0.45775977504005033,0.1620786041021347,0.38611793518066406
230425_158,1,230425,A549,train,0.5435689516693951,0.26615170018657136,0.5043946250730841,0.8534111083514114,0.2465319037437439,0.6057285070419312
230425_159,1,230425,A549,train,0.5435689516693951,0.34477491673339683,0.47320231772908955,0.7680497706565155,0.3356354236602783,0.5742514729499817
230425_16,0,230425,HPMEC,train,0.5102506809300417,0.13764763416653822,0.04556041828323846,0.028848393438831846,0.13085651397705078,0.07778241485357285
230425_160,0,230425,A549,train,0.5435689516693951,0.0442377890317517,0.0789647107567522,0.1347143104287858,0.025220612064003944,0.08021267503499985
230425_161,0,230425,A549,test,0.5435689516693951,0.002240111504749405,0.015885456500645642,0.03208593269457931,0.027500228956341743,0.0973922610282898
230425_162,0,230425,A549,val,0.5435689516693951,0.18555836318190913,0.2260848739866561,0.5357069902463499,0.05412780120968819,0.34143954515457153
230425_163,0,230425,A549,train,0.5435689516693951,0.05335905113780584,0.046038938996966414,0.08000971680163926,0.0428263396024704,0.18484477698802948
230425_164,0,230425,A549,train,0.5435689516693951,0.0011888939095073825,0.017047301827110433,0.028685330367226928,0.009829280897974968,0.01457514613866806
230425_165,0,230425,A549,test,0.5435689516693951,0.10765450319192883,0.44384684019264187,0.7558414258250122,0.10831952095031738,0.3214890658855438
230425_166,0,230425,A549,test,0.5435689516693951,0.06798482541599016,0.26083358929661055,0.49175722974728286,0.09998265653848648,0.34483909606933594
230425_167,0,230425,A549,train,0.5435689516693951,9.610785386075536e-05,0.008406050505709799,0.008776226279781035,0.03365453705191612,0.05431097373366356
230425_168,0,230425,A549,train,0.5435689516693951,4.6926192832461713e-05,0.0074453943869863745,0.009980504689923371,0.1547534018754959,0.25729507207870483
230425_169,0,230425,A549,train,0.5435689516693951,0.004629322285352667,0.02828729151183584,0.05968697031816854,0.4500449299812317,0.6553832292556763
230425_17,0,230425,HPMEC,test,0.5102506809300417,0.3379484250187808,0.5748136173962305,0.21561266728757286,0.33738258481025696,0.3213575780391693
230425_170,1,230425,A549,train,0.5435689516693951,0.2393864332964413,0.1029999076152061,0.4343249338895073,0.27831003069877625,0.5298910140991211
230425_171,1,230425,A549,train,0.5435689516693951,0.19296776170941785,0.04560368848661881,0.11972504662994295,0.1153513565659523,0.27359485626220703
230425_172,1,230425,A549,train,0.5435689516693951,0.1788197378792506,0.15258534502644652,0.4519663763305033,0.2102242112159729,0.4350583851337433
230425_173,1,230425,A549,train,0.5435689516693951,0.2650653854344561,0.157012928596549,0.450321767493811,0.12786279618740082,0.24594323337078094
230425_174,1,230425,A549,train,0.5435689516693951,0.2587413996224941,0.19604658604184777,0.5918570001020672,0.1501038372516632,0.3631969094276428
230425_175,1,230425,A549,train,0.5435689516693951,0.32773714384079083,0.23171249309880357,0.5809822775567595,0.07717622816562653,0.19999240338802338
230425_176,0,230425,A549,test,0.5435689516693951,0.011449461549986875,0.019216250984714092,0.035903086518670496,0.053292978554964066,0.07489506155252457
230425_177,1,230425,A549,train,0.5435689516693951,0.372595609528028,0.07583423903495096,0.3041310159686882,0.20265311002731323,0.36791929602622986
230425_178,0,230425,A549,train,0.5435689516693951,0.010926630830890684,0.01893511992721694,0.029062288530256424,0.022625651210546494,0.027983950451016426
230425_179,1,230425,A549,train,0.5435689516693951,0.4545216930009979,0.5049393413446857,0.8728385764985418,0.21717199683189392,0.562130868434906
230425_18,1,230425,HPMEC,train,0.5102506809300417,0.7417274149748798,0.8284186372026693,0.2576007484286694,0.7545704245567322,0.8753178119659424
230425_180,0,230425,CACO,train,0.3496477465821213,0.44811839904966955,0.11004414566981147,0.043812760297857696,0.0980043038725853,0.23718862235546112
230425_181,0,230425,CACO,train,0.3496477465821213,0.3080094441594873,0.08188327953723222,0.06850860342742629,0.19977299869060516,0.20755617320537567
230425_182,0,230425,CACO,val,0.3496477465821213,0.4442638568930985,0.09699593447915111,0.0539830722217914,0.1714412271976471,0.16902436316013336
230425_183,0,230425,CACO,test,0.3496477465821213,0.15085402567613798,0.21668723237481508,0.1472663974633206,0.2288283109664917,0.3038426339626312
230425_184,0,230425,CACO,train,0.3496477465821213,0.26189751123689825,0.11745257347684321,0.060174014927660835,0.16751843690872192,0.19781994819641113
230425_185,0,230425,CACO,train,0.3496477465821213,0.42537670205111183,0.16160993097742157,0.04651356869800383,0.5430240035057068,0.5657612085342407
230425_186,0,230425,CACO,test,0.3496477465821213,0.5181642590620503,0.049871821071797114,0.04156181025898727,0.2586532235145569,0.2639431357383728
230425_187,0,230425,CACO,train,0.3496477465821213,0.20082956304737443,0.31497198948014676,0.17753297218289432,0.3387511968612671,0.3589399755001068
230425_188,0,230425,CACO,val,0.3496477465821213,0.3035426253636459,0.0720116426079113,0.03233647253268036,0.16573910415172577,0.22762921452522278
230425_189,0,230425,CACO,val,0.3496477465821213,0.4504205897462755,0.1856380782131387,0.2837536226435336,0.14666520059108734,0.29672864079475403
230425_19,1,230425,HPMEC,train,0.5102506809300417,0.5515853241499082,0.5405810681182875,0.17509886143196754,0.7843719124794006,0.8967978954315186
230425_190,0,230425,CACO,train,0.3496477465821213,0.0740035482409578,0.03274437072887455,0.024840141134950994,0.012633129954338074,0.010940742678940296
230425_191,0,230425,CACO,test,0.3496477465821213,0.06686120624615513,0.03267200139697418,0.06907127752606255,0.15704300999641418,0.3049297630786896
230425_192,0,230425,CACO,train,0.3496477465821213,0.1324999288774065,0.03754906126754175,0.03607343217259553,0.05338567495346069,0.08249374479055405
230425_193,0,230425,CACO,train,0.3496477465821213,0.0463046931263634,0.036675508700204744,0.025022198420394447,0.12981902062892914,0.19006766378879547
230425_194,0,230425,CACO,train,0.3496477465821213,0.05976049511147002,0.03844102087723413,0.039000656266885446,0.1501178741455078,0.16773396730422974
230425_195,0,230425,CACO,val,0.3496477465821213,0.01913581107655871,0.11701747743427236,0.0850017188849037,0.06927032023668289,0.0543777234852314
230425_196,0,230425,CACO,train,0.3496477465821213,0.011567864531307807,0.026150977701829864,0.014379932790701344,0.11802642047405243,0.2052956521511078
230425_197,0,230425,CACO,test,0.3496477465821213,0.017864805936137998,0.09672464803392729,0.06153002406876234,0.14467230439186096,0.16591165959835052
230425_198,0,230425,CACO,val,0.3496477465821213,0.21334220047804914,0.07614890399675976,0.04545787590828873,0.14347921311855316,0.29086050391197205
230425_199,0,230425,CACO,val,0.3496477465821213,0.021973622538844818,0.11315008089625345,0.1169246511710539,0.0941271111369133,0.15252144634723663
230425_2,0,230425,HPMEC,test,0.5102506809300417,0.08716863949325607,0.26175606375800625,0.05285566089016018,0.36240479350090027,0.38188526034355164
230425_20,1,230425,HPMEC,train,0.5102506809300417,0.6767766636711309,0.7365323281734548,0.27633912541086714,0.8937849402427673,0.9372587203979492
230425_200,0,230425,CACO,train,0.3496477465821213,0.22573241412007616,0.05024903165158279,0.03510262640756978,0.13505356013774872,0.20992843806743622
230425_201,0,230425,CACO,train,0.3496477465821213,0.20311881573791232,0.03607042868026732,0.014871358572163979,0.09635064005851746,0.12797893583774567
230425_202,0,230425,CACO,train,0.3496477465821213,0.03389291176211447,0.07307988026434875,0.04388031130474525,0.0744573324918747,0.11502331495285034
230425_203,0,230425,CACO,test,0.3496477465821213,0.017474729451834734,0.03145663075573617,0.02340857385044615,0.0981423556804657,0.07403799146413803
230425_204,0,230425,CACO,val,0.3496477465821213,0.03782360550191745,0.0673166818272158,0.05273521523013133,0.06573636084794998,0.1509532630443573
230425_205,0,230425,CACO,test,0.3496477465821213,0.12646114872012648,0.029966987723675818,0.02499730804152443,0.09480581432580948,0.15509890019893646
230425_206,0,230425,CACO,train,0.3496477465821213,0.14429000761221686,0.10746871829326737,0.07019652643654055,0.15681587159633636,0.15883930027484894
230425_207,0,230425,CACO,train,0.3496477465821213,0.3119075135025978,0.21771722570737373,0.09976714608780389,0.04034315049648285,0.07919269055128098
230425_208,0,230425,CACO,train,0.3496477465821213,0.32112299685123563,0.03069172450817668,0.029773880119817703,0.12338627129793167,0.12694527208805084
230425_209,0,230425,CACO,test,0.3496477465821213,0.2105106914919877,0.031600886428212585,0.04438759749739178,0.09091931581497192,0.15086017549037933
230425_21,1,230425,HPMEC,test,0.5102506809300417,0.6628599182165922,0.77929123336963,0.30310368861449694,0.8098370432853699,0.8343209028244019
230425_210,0,230425,CACO,train,0.3496477465821213,0.13305764778003298,0.12527695419985285,0.07978297675205365,0.11685452610254288,0.18781065940856934
230425_211,0,230425,CACO,test,0.3496477465821213,0.47739994499241634,0.03636163896915399,0.024621201343413338,0.27804067730903625,0.22762846946716309
230425_212,0,230425,CACO,train,0.3496477465821213,0.47320831723938894,0.046069738359645215,0.029018987646107247,0.29052093625068665,0.531843364238739
230425_213,0,230425,CACO,test,0.3496477465821213,0.24448306952283316,0.24550659929861512,0.15282170915839358,0.1978882998228073,0.4648084342479706
230425_214,0,230425,CACO,train,0.3496477465821213,0.2289425902446879,0.17974485516790112,0.12151302002094147,0.3714253902435303,0.5117078423500061
230425_215,0,230425,CACO,train,0.3496477465821213,0.25459463210681454,0.02565786582458868,0.0219943126584743,0.19082064926624298,0.181349977850914
230425_22,1,230425,HPMEC,train,0.5102506809300417,0.7118843728452802,0.8147983698138744,0.3059783854320224,0.8416188955307007,0.7660972476005554
230425_23,1,230425,HPMEC,train,0.5102506809300417,0.6906120418329009,0.8142863810853768,0.3441884615173633,0.7494552731513977,0.6884589791297913
230425_24,1,230425,HPMEC,train,0.5102506809300417,0.22206776051385418,0.5282748963638525,0.09199442430298861,0.5004849433898926,0.5206595659255981
230425_25,1,230425,HPMEC,train,0.5102506809300417,0.5518330302967845,0.7362529266715041,0.25531608713064924,0.30753031373023987,0.3796955943107605
230425_26,1,230425,HPMEC,train,0.5102506809300417,0.6434598870127299,0.7226366073691565,0.3675040691680979,0.719962477684021,0.7970395088195801
230425_27,1,230425,HPMEC,train,0.5102506809300417,0.18001788044297198,0.15723434530497057,0.04195372864460469,0.9126251935958862,0.866992712020874
230425_28,1,230425,HPMEC,train,0.5102506809300417,0.3009243734452598,0.5441991648152461,0.13675123815311727,0.9152182936668396,0.843760073184967
230425_29,1,230425,HPMEC,val,0.5102506809300417,0.058351206048682096,0.0474527415154567,0.016031060500699485,0.8362424373626709,0.7605690956115723
230425_3,0,230425,HPMEC,train,0.5102506809300417,0.1197888347459377,0.11807033919946135,0.02655951241760666,0.30920231342315674,0.47667285799980164
230425_30,1,230425,HPMEC,test,0.5102506809300417,0.017786923948194533,0.04412205957000027,0.013758727811933207,0.4730411469936371,0.4238569438457489
230425_31,1,230425,HPMEC,train,0.5102506809300417,0.09131538912834147,0.0428088891421888,0.017215648899714105,0.5852476954460144,0.3919644057750702
230425_32,1,230425,HPMEC,test,0.5102506809300417,0.2611101910314691,0.3233047859731299,0.08348031082907009,0.6542689800262451,0.47613364458084106
230425_33,1,230425,HPMEC,train,0.5102506809300417,0.23853873088211466,0.2569528011920825,0.06410965561908676,0.31196847558021545,0.3872777223587036
230425_34,1,230425,HPMEC,val,0.5102506809300417,0.7444933869158978,0.5867465108840277,0.1521247552988786,0.463902086019516,0.6939623951911926
230425_35,1,230425,HPMEC,val,0.5102506809300417,0.5477220417738969,0.28818004660784124,0.0653390581895377,0.6639382839202881,0.7443311810493469
230425_36,1,230425,HPMEC,test,0.5102506809300417,0.6098698362647209,0.29920618096759194,0.06752359198582357,0.7031372785568237,0.8303613662719727
230425_37,1,230425,HPMEC,train,0.5102506809300417,0.5992031142692458,0.4463733073634478,0.1713667696437315,0.9180266261100769,0.9396237730979919
230425_38,1,230425,HPMEC,train,0.5102506809300417,0.6812820125193715,0.7815263477746418,0.3232894328828665,0.7689304351806641,0.8527306318283081
230425_39,1,230425,HPMEC,test,0.5102506809300417,0.795236300257813,0.6828518595581757,0.42245617919094985,0.8144513964653015,0.8851141333580017
230425_4,0,230425,HPMEC,train,0.5102506809300417,0.11201674254909706,0.0662104716226838,0.02086898136596017,0.3447682857513428,0.5558282136917114
230425_40,1,230425,HPMEC,test,0.5102506809300417,0.73215187224321,0.744212763882177,0.37673396499088024,0.8982135653495789,0.9521114230155945
230425_41,1,230425,HPMEC,test,0.5102506809300417,0.715133665492752,0.756140877423881,0.5367047310869033,0.828144907951355,0.9282763600349426
230425_42,1,230425,HPMEC,test,0.5102506809300417,0.6986866065821512,0.5449356365355331,0.2972387191645386,0.7748547196388245,0.8669329285621643
230425_43,1,230425,HPMEC,train,0.5102506809300417,0.7533302807899592,0.7821344099394275,0.356140577337989,0.21356768906116486,0.2945408523082733
230425_44,1,230425,HPMEC,train,0.5102506809300417,0.7043984157648876,0.7219770084203834,0.4116263342031378,0.3128994107246399,0.5006954669952393
230425_45,1,230425,HPMEC,val,0.5102506809300417,0.7123359538839423,0.8080846382714485,0.41142808257250413,0.6916170716285706,0.718823254108429
230425_46,1,230425,HPMEC,train,0.5102506809300417,0.7066210086573872,0.7449950928721082,0.4085949249753844,0.5112885236740112,0.5708773136138916
230425_47,1,230425,HPMEC,train,0.5102506809300417,0.656065359856975,0.723064815143185,0.48980927056105733,0.34475773572921753,0.29148972034454346
230425_48,1,230425,HPMEC,train,0.5102506809300417,0.2720116478512113,0.04138080597339318,0.03222845350227379,0.2936493754386902,0.26893264055252075
230425_49,1,230425,HPMEC,train,0.5102506809300417,0.3852255153803395,0.44930581918611706,0.3043399536508077,0.11264222860336304,0.14139007031917572
230425_5,0,230425,HPMEC,train,0.5102506809300417,0.18371932064801982,0.21878830380771114,0.040220640706945365,0.09549001604318619,0.1849890500307083
230425_50,1,230425,HPMEC,train,0.5102506809300417,0.35271803926438716,0.6005315858615963,0.448096756280455,0.19897127151489258,0.1541730910539627
230425_51,1,230425,HPMEC,train,0.5102506809300417,0.17360511418540175,0.6410738229713413,0.4196135631801561,0.16178548336029053,0.17095384001731873
230425_52,0,230425,A549,train,0.5899560332246631,0.1592506664249959,0.27930732630982846,0.3290083512460664,0.22640402615070343,0.03509789705276489
230425_53,0,230425,A549,train,0.5899560332246631,0.16253940885393886,0.22408272103918978,0.4662377774237383,0.40944382548332214,0.36606329679489136
230425_54,0,230425,A549,train,0.5899560332246631,0.17981055221844638,0.10385393240899982,0.2834454772086478,0.23208019137382507,0.213880255818367
230425_55,0,230425,A549,val,0.5899560332246631,0.18474058739700866,0.13308924321682988,0.2450363547274328,0.16974234580993652,0.1136193573474884
230425_56,0,230425,A549,train,0.5899560332246631,0.23838188757421308,0.13873278603403338,0.2993389796278531,0.04793427139520645,0.08435413241386414
230425_57,0,230425,A549,train,0.5899560332246631,0.09622838752467786,0.10439899930082872,0.16890806013915147,0.2612175941467285,0.04826699197292328
230425_58,0,230425,A549,train,0.5899560332246631,0.30164431233031397,0.2634026092910668,0.4333897647339552,0.10830126702785492,0.04593728855252266
230425_59,0,230425,A549,test,0.5899560332246631,0.19811495235547819,0.15856052449279026,0.18019259628472667,0.24602557718753815,0.19332517683506012
230425_6,0,230425,HPMEC,val,0.5102506809300417,0.10421724222061618,0.2536217141240978,0.06432620954002533,0.35817086696624756,0.29952219128608704
230425_60,0,230425,A549,train,0.5899560332246631,0.26307438327626453,0.433926153044159,0.5587296698145037,0.199941024184227,0.35248735547065735
230425_61,1,230425,A549,train,0.5899560332246631,0.782879739255938,0.7525455279982596,0.9247117055979989,0.6423705816268921,0.4821963608264923
230425_62,1,230425,A549,train,0.5899560332246631,0.6475670624192056,0.5071748090841033,0.868480464680978,0.5095057487487793,0.6205894351005554
230425_63,1,230425,A549,train,0.5899560332246631,0.6927495197939153,0.5061824338722072,0.8499107232978291,0.7941312789916992,0.8287948966026306
230425_64,1,230425,A549,val,0.5899560332246631,0.6598475355789084,0.5456996843644338,0.8441921280854865,0.6669448018074036,0.6787437796592712
230425_65,1,230425,A549,train,0.5899560332246631,0.7322646471691122,0.6006698265431076,0.8382697159348292,0.7054953575134277,0.6751209497451782
230425_66,0,230425,A549,train,0.5899560332246631,0.7275283923121995,0.6912288713340675,0.8782416789711219,0.6024423837661743,0.3491062819957733
230425_67,0,230425,A549,test,0.5899560332246631,0.4138255756498249,0.362030871892947,0.5166210130139267,0.3212818503379822,0.4001486897468567
230425_68,0,230425,A549,train,0.5899560332246631,0.4047633095023871,0.2645981443172045,0.4616299742203356,0.180258646607399,0.21141012012958527
230425_69,0,230425,A549,train,0.5899560332246631,0.2805155701150161,0.48688061816763245,0.6054357562803829,0.2568724453449249,0.35150229930877686
230425_7,0,230425,HPMEC,train,0.5102506809300417,0.16275343368084869,0.3131613180381986,0.0639590002810624,0.26217225193977356,0.0290956012904644
230425_70,1,230425,A549,train,0.5899560332246631,0.7146664046166352,0.5810931775792153,0.8501213438616928,0.8887690901756287,0.9182880520820618
230425_71,1,230425,A549,test,0.5899560332246631,0.4609796981238808,0.6246592725550099,0.7707796336570981,0.900602400302887,0.9687503576278687
230425_72,1,230425,A549,train,0.5899560332246631,0.5762289609802574,0.720865496901035,0.807427450421629,0.8856236934661865,0.9095058441162109
230425_73,1,230425,A549,train,0.5899560332246631,0.5795583106910444,0.6076341061846323,0.7745411803264748,0.7947748303413391,0.8421236872673035
230425_74,1,230425,A549,train,0.5899560332246631,0.4877545748555933,0.643202075740361,0.8161688838707319,0.8773894906044006,0.9129608273506165
230425_75,1,230425,A549,train,0.5899560332246631,0.4973203013525466,0.5878864122143185,0.7631106350772829,0.7540920972824097,0.7226662039756775
230425_76,1,230425,A549,test,0.5899560332246631,0.1820978365436478,0.3506724292990072,0.33460397446870754,0.5086923241615295,0.8054457306861877
230425_77,1,230425,A549,train,0.5899560332246631,0.49519031128126595,0.5158412312706798,0.7228701253345419,0.2575112581253052,0.3997863531112671
230425_78,1,230425,A549,train,0.5899560332246631,0.5483153231784295,0.7254002436468332,0.7989970227791414,0.5994784235954285,0.8109299540519714
230425_79,0,230425,A549,test,0.5899560332246631,0.03284819156224094,0.02681557985426131,0.037733974230828124,0.7112895846366882,0.7017849087715149
230425_8,0,230425,HPMEC,test,0.5102506809300417,0.1831761147490279,0.379600765195971,0.09278595648320119,0.20379459857940674,0.15122127532958984
230425_80,0,230425,A549,train,0.5899560332246631,0.04365060003296496,0.038636540455432404,0.06336703552560571,0.8789604902267456,0.8947413563728333
230425_81,0,230425,A549,test,0.5899560332246631,0.13110664183691165,0.07524553943036918,0.11296012359844344,0.935027539730072,0.9315513968467712
230425_82,0,230425,A549,val,0.5899560332246631,0.23028354515391522,0.396355463403964,0.6686091494007114,0.8939735293388367,0.8411282896995544
230425_83,0,230425,A549,test,0.5899560332246631,0.038110431460876636,0.041927145426012294,0.0749606365280793,0.7981303930282593,0.7875310182571411
230425_84,0,230425,A549,train,0.5899560332246631,0.015271059825434544,0.03642841199519229,0.03946630330768683,0.6579588651657104,0.6060692667961121
230425_85,0,230425,A549,train,0.5899560332246631,0.0001560038956850427,0.008613378617395511,0.0074271836826802365,0.055288270115852356,0.060958199203014374
230425_86,1,230425,A549,train,0.5899560332246631,0.22741672134896573,0.20292737756389378,0.24870210740942328,0.5732111930847168,0.34887051582336426
230425_87,1,230425,A549,train,0.5899560332246631,0.18140052838329293,0.20313611950688965,0.1507209598893936,0.36228030920028687,0.37957876920700073
230425_88,1,230425,A549,test,0.5899560332246631,0.6227851802859362,0.6058568911626393,0.7938059984387817,0.6090999245643616,0.7151860594749451
230425_89,1,230425,A549,train,0.5899560332246631,0.5250956299300737,0.26771005930893166,0.3812359505349724,0.7515348792076111,0.9095813632011414
230425_9,0,230425,HPMEC,train,0.5102506809300417,0.31708050610521343,0.5509203478098658,0.2562647385464624,0.24641698598861694,0.20113533735275269
230425_90,1,230425,A549,test,0.5899560332246631,0.5740705694409279,0.5322735597467905,0.7850256406036736,0.7850179672241211,0.9057843089103699
230425_91,1,230425,A549,val,0.5899560332246631,0.5727050768938731,0.5682590573442259,0.7898738283469465,0.9066012501716614,0.9440810084342957
230425_92,1,230425,A549,train,0.5899560332246631,0.65791069075141,0.7441731986838979,0.8944476450021553,0.7088298201560974,0.9021016359329224
230425_93,1,230425,A549,test,0.5899560332246631,0.821950108505813,0.7924176516580547,0.9189609768897546,0.8859168887138367,0.962690532207489
230425_94,1,230425,A549,train,0.5899560332246631,0.7694455115992601,0.7938401236056695,0.9269191804193125,0.9503527879714966,0.9835489988327026
230425_95,1,230425,A549,train,0.5899560332246631,0.7739918993407939,0.8753283840358005,0.9338667558009917,0.8486209511756897,0.9145179390907288
230425_96,1,230425,A549,test,0.5899560332246631,0.7924211493210516,0.8398835299533314,0.929682983575292,0.7912922501564026,0.8680610060691833
230425_97,1,230425,A549,val,0.5899560332246631,0.7335770399576426,0.7420139692881635,0.8861851845997106,0.4338100850582123,0.6810757517814636
230425_98,1,230425,A549,train,0.5899560332246631,0.744405872821219,0.729397071874031,0.8880858372651755,0.5701518654823303,0.7559572458267212
230425_99,1,230425,A549,train,0.5899560332246631,0.7583628690882342,0.7788335777249842,0.9208523788675261,0.7114928960800171,0.7716196775436401
230510_1,1,230510,HPMEC,train,0.3195757118086165,0.7152098544253682,0.6517933368666823,0.34124145212093193,0.6904976963996887,0.5545127391815186
230510_10,1,230510,HPMEC,train,0.3195757118086165,0.907282488018542,0.8745394993349975,0.6159930549847333,0.9041406512260437,0.8653526306152344
230510_11,1,230510,HPMEC,train,0.3195757118086165,0.8716684164200126,0.7635720610609436,0.5389152839744877,0.8294385671615601,0.8766558170318604
230510_12,0,230510,HPMEC,train,0.3195757118086165,0.483715356021133,0.3462241837782976,0.14190089766832342,0.3454034626483917,0.2880801558494568
230510_13,0,230510,HPMEC,train,0.3195757118086165,0.6817229318401312,0.5054604737318598,0.29653552236260333,0.3947182595729828,0.5206602811813354
230510_14,1,230510,HPMEC,train,0.3195757118086165,0.6813842561114668,0.7701607687873466,0.4097259655757755,0.36329859495162964,0.4228270947933197
230510_15,1,230510,HPMEC,train,0.3195757118086165,0.7728534439879905,0.7681615164215131,0.43355974519051915,0.8263879418373108,0.850546658039093
230510_16,1,230510,HPMEC,train,0.3195757118086165,0.6847651025877068,0.4808446442843194,0.316736140799009,0.3186722695827484,0.20900577306747437
230510_17,1,230510,HPMEC,train,0.3195757118086165,0.8145752848124042,0.9244091057146028,0.6060717999224418,0.715765118598938,0.6788274645805359
230510_18,1,230510,HPMEC,test,0.3195757118086165,0.793551408162901,0.9247526464297792,0.5836172629060893,0.694363534450531,0.7513038516044617
230510_19,1,230510,HPMEC,val,0.3195757118086165,0.8364518252528823,0.823313259630833,0.49133286290227685,0.9190834760665894,0.9181346297264099
230510_2,1,230510,HPMEC,test,0.3195757118086165,0.7156159271983477,0.703074694930286,0.36672612337925736,0.6925745010375977,0.5512386560440063
230510_20,1,230510,HPMEC,train,0.3195757118086165,0.7846338607930015,0.7801189700295765,0.4719854339473897,0.9160047769546509,0.9226125478744507
230510_21,1,230510,HPMEC,train,0.3195757118086165,0.738667323249705,0.6960023505066686,0.49791296338772073,0.7351543307304382,0.7702903151512146
230510_22,1,230510,HPMEC,train,0.3195757118086165,0.8534200883260628,0.9250478294569946,0.6948035463071276,0.9201102256774902,0.9095503091812134
230510_23,1,230510,HPMEC,train,0.3195757118086165,0.8797186009080177,0.8963854392286932,0.631900102075757,0.9460224509239197,0.9204441905021667
230510_24,0,230510,HPMEC,train,0.3195757118086165,0.8906734658212264,0.8835622108464928,0.5726296024038808,0.8864198923110962,0.870719850063324
230510_25,0,230510,HPMEC,val,0.3195757118086165,0.8745857524600607,0.8440371797054145,0.6246516117647909,0.8937438130378723,0.8502030372619629
230510_26,0,230510,HPMEC,train,0.3195757118086165,0.8566322904161375,0.854805933410705,0.6819766442655297,0.8966150879859924,0.8226945996284485
230510_27,0,230510,HPMEC,train,0.3195757118086165,0.8790815973956582,0.8502842337805593,0.6939700141231587,0.9417328834533691,0.929828941822052
230510_28,0,230510,HPMEC,train,0.3195757118086165,0.8050543821236742,0.8456300136733288,0.6259810221194576,0.9274330735206604,0.9042490124702454
230510_29,0,230510,HPMEC,train,0.3195757118086165,0.8291940584741717,0.8998735692261488,0.6537216947434555,0.9749740958213806,0.9510409235954285
230510_3,1,230510,HPMEC,train,0.3195757118086165,0.8943271586980253,0.8910711582638997,0.6886385334407961,0.8458971381187439,0.8653449416160583
230510_30,1,230510,HPMEC,train,0.3195757118086165,0.5113709995732906,0.7159271927081,0.41379608001913987,0.5148372054100037,0.5927339196205139
230510_31,0,230510,HPMEC,test,0.3195757118086165,0.024464913931174875,0.017602492203918997,0.013167898886819072,0.023111937567591667,0.009120352566242218
230510_32,0,230510,HPMEC,train,0.3195757118086165,0.1383675463044578,0.0211554141958097,0.01464593362746532,0.41730839014053345,0.26468515396118164
230510_33,1,230510,HPMEC,train,0.3195757118086165,0.7530057422111204,0.7856562221757925,0.593872115109971,0.5247985124588013,0.5360919237136841
230510_34,0,230510,HPMEC,train,0.3195757118086165,0.7508497017384328,0.6436200159724906,0.4313523400954104,0.4293854832649231,0.4009951055049896
230510_35,0,230510,HPMEC,test,0.3195757118086165,0.023428923682240817,0.020666500495057943,0.028769647554996353,0.02193642407655716,0.01379543635994196
230510_36,1,230510,HPMEC,test,0.3195757118086165,0.7866140111314414,0.828093811261081,0.5767471440802433,0.3577047884464264,0.33930230140686035
230510_37,0,230510,HPMEC,test,0.3195757118086165,0.009575352007849638,0.02671606196496949,0.026362441049850364,0.053920384496450424,0.024509180337190628
230510_38,0,230510,HPMEC,train,0.3195757118086165,0.07278921101367132,0.037849800936128754,0.03909727573093533,0.10636064410209656,0.1265045702457428
230510_39,1,230510,A549,train,0.4913129883972301,0.571812021838747,0.7203687075803313,0.774408076440274,0.6822217106819153,0.7228615880012512
230510_4,1,230510,HPMEC,val,0.3195757118086165,0.8971908098076268,0.8847643269996646,0.6753241154549151,0.8807123303413391,0.8140565156936646
230510_40,1,230510,A549,train,0.4913129883972301,0.5745578859379235,0.725820578132518,0.7548411268673653,0.6753040552139282,0.7567395567893982
230510_41,1,230510,A549,test,0.4913129883972301,0.7644070031160078,0.8459351771840004,0.9296888613373314,0.9084711074829102,0.9474924206733704
230510_42,1,230510,A549,train,0.4913129883972301,0.7906946527698411,0.9009847828695446,0.9344708062542789,0.9661774039268494,0.9596871137619019
230510_43,1,230510,A549,train,0.4913129883972301,0.8577966278412912,0.874702286505624,0.9336221651881488,0.9538291692733765,0.9491220116615295
230510_44,0,230510,A549,train,0.4913129883972301,0.9201803376998724,0.884588208502021,0.909626859372524,0.9629887938499451,0.9404382705688477
230510_45,1,230510,A549,train,0.4913129883972301,0.8942229266571202,0.8752613908452357,0.9296956846607634,0.8592566251754761,0.8764602541923523
230510_46,1,230510,A549,test,0.4913129883972301,0.9091312064212826,0.8616914463122491,0.9251959602856024,0.8093625903129578,0.8491057753562927
230510_47,1,230510,A549,test,0.4913129883972301,0.8571324375035804,0.7526272644478146,0.9277289544624311,0.7926906943321228,0.8515995144844055
230510_48,1,230510,A549,train,0.4913129883972301,0.8266567469930527,0.9165921758588444,0.9384243721888192,0.8108760118484497,0.8211982250213623
230510_49,1,230510,A549,train,0.4913129883972301,0.7232884846604679,0.42798704073453675,0.6865047805034553,0.41535577178001404,0.4939667880535126
230510_5,0,230510,HPMEC,train,0.3195757118086165,0.0819765446012389,0.04355959944446119,0.04251771582314072,0.09463275223970413,0.028498100116848946
230510_50,1,230510,A549,train,0.4913129883972301,0.7628980649046095,0.3699165633065781,0.7184769487351541,0.2554968595504761,0.3493587076663971
230510_51,1,230510,A549,train,0.4913129883972301,0.7510237136533726,0.8285583734721331,0.8619387281683549,0.4633397161960602,0.6685478091239929
230510_52,1,230510,A549,train,0.4913129883972301,0.7506214799801733,0.7896400282002906,0.8356154080909605,0.4539206624031067,0.6842491030693054
230510_53,1,230510,A549,train,0.4913129883972301,0.7806966025398939,0.8720468228127405,0.9162950118030784,0.7222034335136414,0.8366339206695557
230510_54,1,230510,A549,train,0.4913129883972301,0.669432791883724,0.458758927379483,0.7303106812001982,0.1395680457353592,0.28836220502853394
230510_55,1,230510,A549,val,0.4913129883972301,0.7829548239415773,0.8992826289437881,0.9353262356866228,0.3586104214191437,0.6377392411231995
230510_56,1,230510,A549,val,0.4913129883972301,0.8117865165927372,0.8943445560602099,0.9342030713701476,0.3684752881526947,0.6467645764350891
230510_57,1,230510,A549,test,0.4913129883972301,0.8010295021306855,0.7583065312302238,0.8735463774138421,0.6672014594078064,0.7356817126274109
230510_58,1,230510,A549,train,0.4913129883972301,0.7253700552995166,0.8001327226107684,0.9058753345134253,0.7812818884849548,0.8751533031463623
230510_59,1,230510,A549,train,0.4913129883972301,0.8616101879726658,0.735402593545709,0.8532169646551806,0.7453696727752686,0.7481738924980164
230510_6,1,230510,HPMEC,train,0.3195757118086165,0.9375245860886267,0.8782344937004292,0.6825761032489718,0.9110416173934937,0.9092028141021729
230510_60,1,230510,A549,train,0.4913129883972301,0.9245330584292951,0.9234759261480457,0.937243941177623,0.7944178581237793,0.8364819288253784
230510_61,1,230510,A549,val,0.4913129883972301,0.90053565119586,0.9279810265124735,0.9448879416112019,0.8772558569908142,0.8554589152336121
230510_62,1,230510,A549,test,0.4913129883972301,0.8048421561570225,0.798370333837838,0.9562374474208196,0.8873612284660339,0.8857443332672119
230510_63,1,230510,A549,train,0.4913129883972301,0.8066027103932046,0.8459407862631637,0.9417891754293913,0.8812831044197083,0.9048674702644348
230510_64,1,230510,A549,val,0.4913129883972301,0.7304297891862273,0.8393509349191477,0.9287245354305025,0.6874721646308899,0.6669045090675354
230510_65,1,230510,A549,train,0.4913129883972301,0.7554073866366035,0.8174485820457986,0.9236744214145227,0.743755578994751,0.7104799151420593
230510_66,1,230510,A549,test,0.4913129883972301,0.7301778318329457,0.866835286685849,0.9430348666985964,0.8703536987304688,0.8831222057342529
230510_67,1,230510,A549,train,0.4913129883972301,0.7760753265395407,0.8365880637162542,0.9085277704914934,0.8449745178222656,0.8433137536048889
230510_68,0,230510,A549,train,0.4913129883972301,0.02400588164641981,0.014635429382502568,0.01677630693467711,0.006903550587594509,0.009245413355529308
230510_69,1,230510,A549,train,0.4913129883972301,0.32245847282679774,0.13696661010665503,0.20496758287993497,0.32112112641334534,0.40113550424575806
230510_7,1,230510,HPMEC,train,0.3195757118086165,0.9270759346780523,0.8848183907604763,0.7220620110096788,0.9200689196586609,0.8949689269065857
230510_70,1,230510,A549,test,0.4913129883972301,0.7121782776926106,0.8238563893316353,0.9100490972546198,0.5876714587211609,0.5899887681007385
230510_71,1,230510,A549,test,0.4913129883972301,0.6928137209164108,0.6152419345884687,0.8686084870960292,0.1989205777645111,0.40931564569473267
230510_72,1,230510,A549,test,0.4913129883972301,0.7613419737836199,0.7989737261855514,0.9272326578117633,0.4043271541595459,0.539046049118042
230510_73,1,230510,A549,train,0.4913129883972301,0.7877991276096218,0.7462227208516099,0.9267088830402483,0.4631264805793762,0.55157071352005
230510_74,1,230510,A549,test,0.4913129883972301,0.7717824537357055,0.8966238832213312,0.9341688332094128,0.17770591378211975,0.32895031571388245
230510_75,1,230510,A549,train,0.4913129883972301,0.7095219404368815,0.8338528514048648,0.9087410728979376,0.4786832630634308,0.576204240322113
230510_76,1,230510,A549,train,0.4913129883972301,0.7039319214824654,0.8195581081920265,0.8809704784980749,0.3632428050041199,0.4578392803668976
230510_77,0,230510,HPMEC,test,0.3195757118086165,0.7474178164729284,0.11074320836735871,0.06253856350873789,0.76518315076828,0.5442206263542175
230510_78,0,230510,HPMEC,train,0.3195757118086165,0.5389054725600009,0.03643089923089493,0.027063700606156593,0.6248937249183655,0.45474785566329956
230510_79,0,230510,HPMEC,train,0.3195757118086165,0.5640568648305833,0.04106908515564674,0.06395336722342695,0.5521788597106934,0.4592096209526062
230510_8,1,230510,HPMEC,val,0.3195757118086165,0.9285300455056417,0.8627157444813562,0.7413205303353034,0.8575078248977661,0.8744779229164124
230510_80,0,230510,HPMEC,test,0.3195757118086165,0.4403480144853357,0.048665858579939034,0.027749361769463604,0.451643705368042,0.40140530467033386
230510_81,0,230510,HPMEC,train,0.3195757118086165,0.02476116719288479,0.03681846750212499,0.04287610288024349,0.01320108212530613,0.009546130895614624
230510_82,0,230510,HPMEC,train,0.3195757118086165,0.7120075888534665,0.06309657409928976,0.0664588010161703,0.5692982077598572,0.4609038233757019
230510_83,0,230510,HPMEC,train,0.3195757118086165,0.7043096319170025,0.0650808243773564,0.06547773682148551,0.577966570854187,0.48277008533477783
230510_84,0,230510,HPMEC,train,0.3195757118086165,0.012097378548536574,0.02636473948017584,0.027977809491561704,0.008418381214141846,0.0068765864707529545
230510_85,0,230510,HPMEC,test,0.3195757118086165,0.49718924753003285,0.04541828917431496,0.03488868551777901,0.24772925674915314,0.27112674713134766
230510_86,0,230510,NHBE,train,0.5953960598143808,0.9117955832258486,0.3193740268438711,0.136220321840575,0.7715564370155334,0.6669156551361084
230510_87,0,230510,NHBE,train,0.5953960598143808,0.8828172343955265,0.2678413854844321,0.12292638846930333,0.7889643311500549,0.6856511831283569
230510_88,0,230510,NHBE,train,0.5953960598143808,0.7265044838046602,0.23849079719879654,0.1664395431863039,0.7937111854553223,0.6416914463043213
230510_89,0,230510,NHBE,test,0.5953960598143808,0.8523980977566818,0.25693497527664616,0.11265794118088523,0.6250805854797363,0.4945979714393616
230510_9,1,230510,HPMEC,train,0.3195757118086165,0.9243529800171096,0.877030118999924,0.696067698855724,0.8788686394691467,0.8899694085121155
230510_90,0,230510,NHBE,test,0.5953960598143808,0.8822153906566123,0.16190686939573315,0.07206527784089303,0.6500997543334961,0.5914857387542725
230510_91,0,230510,NHBE,train,0.5953960598143808,0.8640717778040186,0.5204285933727918,0.20491886268050724,0.7238260507583618,0.6263708472251892
230510_92,0,230510,NHBE,train,0.5953960598143808,0.8741387923224968,0.36191749721169153,0.14558952607176132,0.6581313610076904,0.5931688547134399
230510_93,0,230510,NHBE,test,0.5953960598143808,0.8098633024835451,0.1121195601842042,0.12880707239252467,0.6361833810806274,0.5023571848869324
230510_94,0,230510,NHBE,train,0.5953960598143808,0.8333447641463468,0.09229244966492031,0.10645735288411666,0.6274296641349792,0.4704693555831909
230512_1,1,230512,HPMEC,train,0.4048330675166085,0.7807584879444852,0.7893601600379397,0.6978892832728453,0.93243408203125,0.8658861517906189
230512_10,0,230512,HPMEC,train,0.4048330675166085,0.35436361117867926,0.8249723498193707,0.7958798882019272,0.603399932384491,0.5906137824058533
230512_11,0,230512,HPMEC,train,0.4048330675166085,0.26650122725097897,0.6903337439597217,0.7264588355821877,0.7741305828094482,0.7653191685676575
230512_12,1,230512,HPMEC,train,0.4048330675166085,0.5235383856609813,0.8469014841299374,0.7476434225942173,0.6909545063972473,0.7163702249526978
230512_13,1,230512,HPMEC,train,0.4048330675166085,0.42700001269123894,0.2011452758270365,0.2609842969002217,0.8566213846206665,0.8490672707557678
230512_14,1,230512,HPMEC,test,0.4048330675166085,0.2982193673509554,0.5341909013550444,0.5249352809277688,0.514149010181427,0.35311582684516907
230512_15,1,230512,HPMEC,train,0.4048330675166085,0.5266757312981866,0.8212108914746247,0.7769533587786973,0.44242140650749207,0.46134963631629944
230512_16,1,230512,HPMEC,val,0.4048330675166085,0.4058542514919133,0.7860547608243066,0.5820154207481745,0.8912201523780823,0.8190553784370422
230512_17,1,230512,HPMEC,val,0.4048330675166085,0.6976780971260512,0.8056510427355119,0.7300134420290669,0.8891710042953491,0.8412742614746094
230512_18,1,230512,HPMEC,test,0.4048330675166085,0.6774446426303272,0.8730700214960572,0.8445632811347394,0.9376165866851807,0.929157555103302
230512_19,1,230512,HPMEC,train,0.4048330675166085,0.6860916901868348,0.944758761283042,0.9357546483509573,0.9352100491523743,0.9252030849456787
230512_2,0,230512,HPMEC,val,0.4048330675166085,0.06452049174272802,0.07373471413624785,0.060015859526490814,0.0676177591085434,0.03608095645904541
230512_20,1,230512,HPMEC,train,0.4048330675166085,0.7405978841502198,0.8702128435746049,0.8738079493861722,0.6723409295082092,0.7608206868171692
230512_21,1,230512,HPMEC,test,0.4048330675166085,0.740991244107084,0.5524009061861371,0.4677143507649733,0.8782592415809631,0.9033203125
230512_22,1,230512,HPMEC,train,0.4048330675166085,0.7307687554429758,0.5421660285274774,0.5265035118349647,0.9038410186767578,0.9284212589263916
230512_23,1,230512,HPMEC,train,0.4048330675166085,0.7161177103975511,0.6250893676602773,0.5629700241219778,0.7328325510025024,0.7755662202835083
230512_24,1,230512,HPMEC,test,0.4048330675166085,0.6513598704478394,0.5625803612054899,0.559228655934277,0.8732950091362,0.9067254662513733
230512_25,1,230512,HPMEC,train,0.4048330675166085,0.6773401620912619,0.4732666294513621,0.4095547313063437,0.7881355881690979,0.8452604413032532
230512_26,0,230512,HPMEC,train,0.4048330675166085,0.6698325828898526,0.5112882832381569,0.5075754313663527,0.8931078910827637,0.9019880294799805
230512_27,0,230512,HPMEC,train,0.4048330675166085,0.5899462609992674,0.7498972311443117,0.5663295924293131,0.8399630188941956,0.7809528112411499
230512_28,0,230512,HPMEC,train,0.4048330675166085,0.07435894803808726,0.053426330848698814,0.04800811326244753,0.017004061490297318,0.00753271859139204
230512_29,0,230512,HPMEC,test,0.4048330675166085,0.1417076660538871,0.12826459167181248,0.17142004596039528,0.05342520773410797,0.03857574984431267
230512_3,1,230512,HPMEC,train,0.4048330675166085,0.7501150315102766,0.8877169490974994,0.83111413638367,0.9048050045967102,0.914919912815094
230512_30,0,230512,HPMEC,train,0.4048330675166085,0.4165311310726633,0.8752215722940123,0.734722361538509,0.5075977444648743,0.5157003998756409
230512_31,0,230512,HPMEC,train,0.4048330675166085,0.010285162860443538,0.1297442936161692,0.12391940138598845,0.023184476420283318,0.01440777350217104
230512_32,0,230512,HPMEC,train,0.4048330675166085,0.333070687017327,0.8595122624264936,0.7196958895158158,0.5651616454124451,0.4939987063407898
230512_33,0,230512,HPMEC,train,0.4048330675166085,0.32243870909437916,0.8100816342968099,0.6953554582307684,0.27484381198883057,0.32606106996536255
230512_34,0,230512,HPMEC,test,0.4048330675166085,0.3368820762041649,0.8786077613964473,0.7670303249342364,0.5970730781555176,0.5680630207061768
230512_35,0,230512,HPMEC,train,0.4048330675166085,0.34358353382092793,0.6035817558764591,0.5252360334641769,0.46272560954093933,0.4487389326095581
230512_36,1,230512,A549,train,0.557057399933428,0.6791238389619133,0.8194701414124151,0.8638207749341155,0.9618006348609924,0.9206240177154541
230512_37,1,230512,A549,val,0.557057399933428,0.7052773351392531,0.9396203552490782,0.9335695403147259,0.9609915614128113,0.9447907209396362
230512_38,0,230512,A549,train,0.557057399933428,0.07741811511662475,0.06999266982376189,0.041253955832257466,0.06948995590209961,0.024431629106402397
230512_39,1,230512,A549,train,0.557057399933428,0.7200197812557723,0.9299993422472381,0.9481656023809539,0.9407418370246887,0.9268497228622437
230512_4,0,230512,HPMEC,train,0.4048330675166085,0.1436609461503211,0.057206731934823014,0.038933057835397286,0.106815867125988,0.05772551894187927
230512_40,1,230512,A549,test,0.557057399933428,0.715629783096476,0.8821926169616717,0.9317321886503882,0.9665818214416504,0.9226087927818298
230512_41,0,230512,A549,train,0.557057399933428,0.1521415219687,0.06399405583964028,0.03325963734288443,0.1637694090604782,0.10991151630878448
230512_42,1,230512,A549,train,0.557057399933428,0.7291357292292048,0.9175948435501148,0.9444078302747003,0.953019380569458,0.9351177215576172
230512_43,0,230512,A549,test,0.557057399933428,0.1330709979217686,0.05655765092685997,0.03048111886739247,0.09046952426433563,0.026212258264422417
230512_44,1,230512,A549,train,0.557057399933428,0.790343326591723,0.8132092277856724,0.8637711793645054,0.9400167465209961,0.8212336897850037
230512_45,0,230512,A549,val,0.557057399933428,0.47907081030464677,0.523872520441006,0.5210692439030095,0.3222716450691223,0.29025423526763916
230512_46,0,230512,A549,train,0.557057399933428,0.4409284994034669,0.6240535558055478,0.6621249751582376,0.6419165730476379,0.6400318145751953
230512_47,0,230512,A549,train,0.557057399933428,0.356849826469117,0.6668873392893397,0.6659523966567924,0.760884165763855,0.6970378756523132
230512_48,0,230512,A549,train,0.557057399933428,0.5481154725126048,0.8639116087973305,0.7650511474771412,0.6052559614181519,0.7180635929107666
230512_49,0,230512,A549,train,0.557057399933428,0.447476055987078,0.41552488882355154,0.5962514729326783,0.835564136505127,0.8136700391769409
230512_5,1,230512,HPMEC,train,0.4048330675166085,0.8143786196080832,0.9272513981905495,0.8586836478285925,0.8762763738632202,0.9029837250709534
230512_50,0,230512,A549,test,0.557057399933428,0.4022682218360525,0.5270479928316939,0.3154694137816144,0.6624526381492615,0.6355304718017578
230512_51,0,230512,A549,test,0.557057399933428,0.496776573419946,0.8908688083227594,0.765326410601669,0.48161858320236206,0.4670807719230652
230512_52,0,230512,A549,train,0.557057399933428,0.42828639949369146,0.6055776671219918,0.6115587327249905,0.8005089163780212,0.7886167764663696
230512_53,1,230512,A549,train,0.557057399933428,0.7497523428190466,0.8887896426682769,0.810524049083175,0.811574399471283,0.7317002415657043
230512_54,1,230512,A549,test,0.557057399933428,0.7948114246024232,0.8325411795051376,0.8986466284649708,0.883160412311554,0.8356062769889832
230512_55,1,230512,A549,train,0.557057399933428,0.807774262345761,0.868160174901268,0.889952537560396,0.897223174571991,0.8615323901176453
230512_56,0,230512,A549,train,0.557057399933428,0.07930030125275395,0.046794926797010625,0.038960774986841265,0.037817373871803284,0.014726856723427773
230512_57,1,230512,A549,train,0.557057399933428,0.7612686488723341,0.9314294925302984,0.9374319351943692,0.8288891911506653,0.7094683051109314
230512_58,0,230512,A549,train,0.557057399933428,0.29470722536218513,0.07180133868659001,0.050856866663827514,0.5713797807693481,0.46302518248558044
230512_59,1,230512,A549,train,0.557057399933428,0.7700560999866777,0.9531651681200363,0.9727508696123686,0.888483464717865,0.8835688829421997
230512_6,1,230512,HPMEC,test,0.4048330675166085,0.811747745386343,0.9269881335879065,0.8766038803272735,0.8755890727043152,0.903270959854126
230512_60,1,230512,A549,train,0.557057399933428,0.7806843066523854,0.9376326306344536,0.9675857885270079,0.8184782266616821,0.808552086353302
230512_61,0,230512,A549,train,0.557057399933428,0.06748922018199079,0.046515626879182474,0.020453945900596265,0.08746460825204849,0.0482553169131279
230512_62,1,230512,A549,train,0.557057399933428,0.7467697028463838,0.9192173001389395,0.9557987132793282,0.8257887363433838,0.7413660883903503
230512_63,1,230512,A549,train,0.557057399933428,0.6747147915965616,0.6658544379950044,0.653932408291506,0.5026037096977234,0.5003214478492737
230512_64,0,230512,A549,train,0.557057399933428,0.23876247111064114,0.30190028195601204,0.33756710781497495,0.3743194341659546,0.5832377076148987
230512_65,1,230512,A549,train,0.557057399933428,0.6274820370211824,0.5852009809462401,0.715977320078225,0.7807451486587524,0.7313506603240967
230512_66,0,230512,A549,train,0.557057399933428,0.41110941751464336,0.7340466352766518,0.7295203660624395,0.4001367688179016,0.3865058124065399
230512_67,0,230512,A549,train,0.557057399933428,0.3094765587208367,0.5746021994155714,0.6034906482073835,0.38832759857177734,0.2865523099899292
230512_68,0,230512,A549,train,0.557057399933428,0.3014509343785945,0.7031637844713554,0.6151241492365536,0.22355185449123383,0.21918053925037384
230512_69,0,230512,A549,train,0.557057399933428,0.2572710559627659,0.739025214801266,0.6879708910664477,0.3897014856338501,0.33441609144210815
230512_7,0,230512,HPMEC,test,0.4048330675166085,0.15251109442186067,0.044392871742581046,0.03419483675780874,0.10327529907226562,0.05413130670785904
230512_70,0,230512,A549,val,0.557057399933428,0.3640362765859143,0.8815853559068059,0.8410545141372504,0.6440492868423462,0.6398180723190308
230512_71,0,230512,A549,train,0.557057399933428,0.3505725335525444,0.848096032684401,0.6949894437639302,0.4111439287662506,0.4133910834789276
230512_72,0,230512,HPMEC,train,0.4048330675166085,0.6074499466383498,0.025065090948872396,0.14021053691748778,0.6042618751525879,0.5972127914428711
230512_73,0,230512,HPMEC,val,0.4048330675166085,0.49462640413504516,0.03412758520668394,0.10729516470887629,0.16178634762763977,0.18888163566589355
230512_74,0,230512,HPMEC,train,0.4048330675166085,0.4153977823441812,0.02881829963668709,0.1073041697335985,0.16838687658309937,0.1953093707561493
230512_75,0,230512,HPMEC,val,0.4048330675166085,0.45506024950471474,0.031103624873622514,0.12128035364136384,0.15220798552036285,0.1904023140668869
230512_76,0,230512,HPMEC,train,0.4048330675166085,0.5058223693230526,0.05157481697116361,0.17963143689920533,0.2033715546131134,0.276813805103302
230512_77,0,230512,HPMEC,train,0.4048330675166085,0.5524390222484615,0.07459787620082517,0.15382794471833935,0.20100243389606476,0.21441322565078735
230512_78,0,230512,HPMEC,train,0.4048330675166085,0.4664670119898328,0.05933142386628893,0.20774143182095345,0.16967029869556427,0.23793181777000427
230512_79,0,230512,HPMEC,train,0.4048330675166085,0.5085702740782365,0.09537301231439785,0.1955955060053053,0.22031913697719574,0.3406006991863251
230512_8,1,230512,HPMEC,test,0.4048330675166085,0.8330010268091503,0.8787053770487493,0.7918065056689955,0.9375011920928955,0.9104980826377869
230512_80,0,230512,HPMEC,test,0.4048330675166085,0.562552442593252,0.05434735732588311,0.17000646512215825,0.23183812201023102,0.28638631105422974
230512_81,0,230512,NHBE,train,0.6363748739203677,0.7881768675221144,0.17438976189085964,0.22067043740001363,0.5832017064094543,0.5807119607925415
230512_82,0,230512,NHBE,train,0.6363748739203677,0.7448656470982005,0.1853416950056032,0.2574856688611929,0.3691574037075043,0.37863415479660034
230512_83,0,230512,NHBE,train,0.6363748739203677,0.5715736339859394,0.0590338474448324,0.07288015253931009,0.40572383999824524,0.4294178783893585
230512_84,0,230512,NHBE,train,0.6363748739203677,0.715577280158146,0.24808868895475514,0.28133520269582013,0.44472765922546387,0.43731415271759033
230512_85,0,230512,NHBE,test,0.6363748739203677,0.7487529906915308,0.16901216672496236,0.1803133445894699,0.316486120223999,0.31682467460632324
230512_86,0,230512,NHBE,train,0.6363748739203677,0.7513277735252972,0.15712280195955936,0.20896433658431263,0.33433765172958374,0.35647982358932495
230512_87,0,230512,NHBE,test,0.6363748739203677,0.02260888918622136,0.034463591770196256,0.034679964676149484,0.02546541392803192,0.01235866267234087
230512_88,0,230512,NHBE,test,0.6363748739203677,0.7138897591197702,0.2319165803608452,0.25362526263365365,0.31098565459251404,0.41235610842704773
230512_89,0,230512,NHBE,train,0.6363748739203677,0.030985714996007618,0.024284254938050802,0.02401514928962959,0.023979656398296356,0.014824801124632359
230512_9,0,230512,HPMEC,test,0.4048330675166085,0.35368653506506675,0.41543959868331004,0.5478793692169664,0.5703344345092773,0.650968074798584
230517_1,1,230517,HPMEC,train,0.4878842411775492,0.8049245928593087,0.8454888321330116,0.7441744896683015,0.9032230377197266,0.9391279220581055
230517_10,1,230517,HPMEC,train,0.4878842411775492,0.350373280787015,0.13783247479489863,0.1316589790909942,0.8813270330429077,0.9351561665534973
230517_11,1,230517,HPMEC,test,0.4878842411775492,0.3697963290904136,0.25444022351934725,0.16585889281539987,0.8123334050178528,0.5966240167617798
230517_12,1,230517,HPMEC,val,0.4878842411775492,0.5964826870094159,0.25454381385939834,0.29496561491194234,0.8024418354034424,0.7136304974555969
230517_13,1,230517,HPMEC,train,0.4878842411775492,0.7125999330357928,0.7462695172882857,0.6399095802100432,0.8342410922050476,0.8452646732330322
230517_14,1,230517,HPMEC,train,0.4878842411775492,0.6438347311712581,0.6036801257873508,0.5705075967722336,0.8324633836746216,0.8137081265449524
230517_15,1,230517,HPMEC,train,0.4878842411775492,0.6628559589957033,0.6781493741195078,0.6057914912332176,0.7861807942390442,0.841821551322937
230517_16,1,230517,HPMEC,train,0.4878842411775492,0.7156925487884991,0.4294374100688996,0.562044485752789,0.8663918972015381,0.9301907420158386
230517_17,1,230517,HPMEC,test,0.4878842411775492,0.7978856696566478,0.47821552916067245,0.6629609639723915,0.927983820438385,0.9739230871200562
230517_18,1,230517,HPMEC,test,0.4878842411775492,0.8177389618858493,0.48865062951876315,0.6721174395299677,0.8569116592407227,0.9453860521316528
230517_19,1,230517,HPMEC,train,0.4878842411775492,0.7378354230454996,0.8840482239300624,0.7530231855504483,0.8001818656921387,0.8309786319732666
230517_2,1,230517,HPMEC,train,0.4878842411775492,0.6985099372556807,0.6123442041397962,0.47924910123944847,0.7557270526885986,0.796089768409729
230517_20,1,230517,HPMEC,train,0.4878842411775492,0.7926429297866283,0.8870462403923527,0.8164647198435806,0.8325830698013306,0.8493542075157166
230517_21,1,230517,HPMEC,train,0.4878842411775492,0.8299809563351082,0.9234321824155624,0.8888890461328703,0.7878017425537109,0.7473545670509338
230517_22,1,230517,HPMEC,train,0.4878842411775492,0.8274352640831214,0.9261695399717157,0.8543370195899795,0.8246665596961975,0.8469662070274353
230517_23,1,230517,HPMEC,test,0.4878842411775492,0.839241570814821,0.9507211472573446,0.8856812992643734,0.8030436038970947,0.8295125365257263
230517_24,1,230517,HPMEC,train,0.4878842411775492,0.7782020774921926,0.9421109968076679,0.8581417280130752,0.7984426021575928,0.7834939360618591
230517_25,1,230517,HPMEC,val,0.4878842411775492,0.7970064732999255,0.924367140107812,0.7910850114337152,0.7416899800300598,0.7801077365875244
230517_26,1,230517,HPMEC,train,0.4878842411775492,0.7858988659639179,0.9123098781157433,0.8309777347142993,0.7895074486732483,0.7554630041122437
230517_27,1,230517,HPMEC,train,0.4878842411775492,0.7809086197283058,0.9030949725230464,0.7423376153034758,0.8095202445983887,0.8139399886131287
230517_28,0,230517,HPMEC,train,0.4878842411775492,0.514380986507742,0.18739937498453987,0.0924238704573578,0.057063136249780655,0.11901700496673584
230517_29,0,230517,HPMEC,test,0.4878842411775492,0.5766783318927933,0.6911861611358723,0.6547444760503096,0.579880952835083,0.5470032691955566
230517_3,1,230517,HPMEC,test,0.4878842411775492,0.5515046033514338,0.419095492896531,0.3450804238468855,0.18100190162658691,0.3469240963459015
230517_30,0,230517,HPMEC,train,0.4878842411775492,0.8085075549961968,0.8993720798339762,0.7987551681684593,0.8317537903785706,0.795268714427948
230517_31,0,230517,HPMEC,train,0.4878842411775492,0.8284772070860902,0.9310716490131727,0.7972572102797062,0.601218044757843,0.6723147034645081
230517_32,1,230517,HPMEC,train,0.4878842411775492,0.7721135860229297,0.878614565075654,0.7790576046977911,0.55051589012146,0.6158152222633362
230517_33,1,230517,HPMEC,train,0.4878842411775492,0.7439499472324277,0.8759255192080052,0.7859043459509986,0.48537713289260864,0.3159124255180359
230517_34,0,230517,HPMEC,train,0.4878842411775492,0.7164461002823217,0.8473574418723129,0.7128610889421803,0.43237313628196716,0.45314380526542664
230517_35,0,230517,HPMEC,train,0.4878842411775492,0.7643972134880743,0.7933580553093048,0.6629529430596395,0.4894065260887146,0.4825451374053955
230517_36,0,230517,HPMEC,train,0.4878842411775492,0.8220869611940749,0.8073839958051116,0.6636140500179368,0.5746818780899048,0.5286158919334412
230517_37,1,230517,A549,train,0.5732885187193365,0.8208437629926313,0.9256010243418985,0.9386235004235667,0.843269944190979,0.9363738298416138
230517_38,1,230517,A549,test,0.5732885187193365,0.6369074308142055,0.6712415483919411,0.8472979544820839,0.5770372152328491,0.7663467526435852
230517_39,1,230517,A549,test,0.5732885187193365,0.5928382533486554,0.8037605802386879,0.8068890946905541,0.11507675796747208,0.2616320550441742
230517_4,1,230517,HPMEC,train,0.4878842411775492,0.7626214599299742,0.800533175622786,0.7259381434843608,0.8807406425476074,0.9444818496704102
230517_40,1,230517,A549,train,0.5732885187193365,0.8026214913810239,0.9207825363083583,0.9062548667745196,0.9214726686477661,0.9672200083732605
230517_41,1,230517,A549,val,0.5732885187193365,0.8115039585904239,0.9248121909933729,0.9106975772631285,0.8381946086883545,0.9336248636245728
230517_42,1,230517,A549,train,0.5732885187193365,0.7973282786356665,0.9320215193509229,0.9121788765594078,0.7512463927268982,0.872137725353241
230517_43,1,230517,A549,train,0.5732885187193365,0.7648503114858572,0.9077107163482091,0.9102740024036683,0.8345561623573303,0.9123709797859192
230517_44,1,230517,A549,train,0.5732885187193365,0.8122595646434008,0.876241725576338,0.8445716618752676,0.8981044292449951,0.9012296795845032
230517_45,1,230517,A549,train,0.5732885187193365,0.7751878502830887,0.8791391926569374,0.8384025594109676,0.8286579251289368,0.8721588850021362
230517_46,0,230517,A549,train,0.5732885187193365,0.34807701885539505,0.34204224850274106,0.31567846271572125,0.6503239274024963,0.7573421597480774
230517_47,0,230517,A549,test,0.5732885187193365,0.3440838953285463,0.3146710354586602,0.3520367394355617,0.4501369893550873,0.6505586504936218
230517_48,1,230517,A549,train,0.5732885187193365,0.630968469206083,0.5675613207297981,0.5081192928943096,0.8089591860771179,0.8476003408432007
230517_49,1,230517,A549,test,0.5732885187193365,0.7511495855549988,0.8837801043424124,0.8550076267151245,0.7937309145927429,0.8602548241615295
230517_5,1,230517,HPMEC,train,0.4878842411775492,0.8035445124861957,0.9016786471746523,0.7004486147323215,0.8876625299453735,0.9373378157615662
230517_50,1,230517,A549,train,0.5732885187193365,0.7057721919731433,0.8658911414671887,0.8792787572899362,0.839797854423523,0.8778233528137207
230517_51,1,230517,A549,test,0.5732885187193365,0.7492842065302742,0.8562933673325144,0.8791986522479751,0.799821674823761,0.8750907182693481
230517_52,1,230517,A549,train,0.5732885187193365,0.8091130898925377,0.9230220489717961,0.8961718835874827,0.9137935042381287,0.9203541874885559
230517_53,1,230517,A549,val,0.5732885187193365,0.8235898999032226,0.935258235393763,0.9212993056438342,0.6803556084632874,0.6343809962272644
230517_54,1,230517,A549,train,0.5732885187193365,0.8323381561223402,0.930083823497684,0.929409961409674,0.6100088953971863,0.68412184715271
230517_55,0,230517,A549,test,0.5732885187193365,0.8472847659573125,0.8087047752077441,0.8339222895488868,0.7740046977996826,0.7525296807289124
230517_56,0,230517,A549,train,0.5732885187193365,0.8165142049293337,0.7759362342213577,0.7650702248656182,0.8125981688499451,0.6698431968688965
230517_57,1,230517,A549,test,0.5732885187193365,0.860199219331438,0.9028720510051607,0.8884160724006124,0.8758096098899841,0.8748993873596191
230517_58,1,230517,A549,train,0.5732885187193365,0.8263235880795958,0.8829033781488503,0.8130659817874991,0.8418563008308411,0.9056345820426941
230517_59,1,230517,A549,train,0.5732885187193365,0.8415267971325224,0.8417714767616169,0.8195573851750393,0.7655060887336731,0.7360102534294128
230517_6,1,230517,HPMEC,train,0.4878842411775492,0.8119615776085726,0.9351436905544682,0.7507273529345136,0.8462651968002319,0.9039685726165771
230517_60,1,230517,A549,train,0.5732885187193365,0.8117482585472404,0.7145674527908021,0.6917776075787052,0.760679304599762,0.7924249172210693
230517_61,1,230517,A549,train,0.5732885187193365,0.7535169378528673,0.7385690623708594,0.7507862001809973,0.8066387176513672,0.8063193559646606
230517_62,1,230517,A549,train,0.5732885187193365,0.7639743411597125,0.7701867458130904,0.7344978179404713,0.9106868505477905,0.9479877352714539
230517_63,1,230517,A549,train,0.5732885187193365,0.8279878405122147,0.8041599528754176,0.7219647690728782,0.8798127174377441,0.9182308316230774
230517_64,0,230517,A549,train,0.5732885187193365,0.4669360252278523,0.25096698119183064,0.12734924462794192,0.06014642119407654,0.16080544888973236
230517_65,1,230517,A549,train,0.5732885187193365,0.5469284183588238,0.7242701802131175,0.702448500034728,0.6164170503616333,0.6066462397575378
230517_66,1,230517,A549,test,0.5732885187193365,0.7658338110910531,0.9064154668320674,0.9160938513631881,0.72675621509552,0.6661185622215271
230517_67,0,230517,A549,train,0.5732885187193365,0.8115535410676155,0.8347747536906621,0.8841975453150847,0.8779925107955933,0.874801754951477
230517_68,0,230517,A549,train,0.5732885187193365,0.785780763664403,0.7211367338963485,0.7683690384375782,0.8296603560447693,0.8480006456375122
230517_69,0,230517,A549,val,0.5732885187193365,0.7828801018547442,0.6384105095440187,0.7262259664071281,0.730804979801178,0.720632016658783
230517_7,1,230517,HPMEC,train,0.4878842411775492,0.7631378251313191,0.8749215639650076,0.7321203309206323,0.7838755249977112,0.869531512260437
230517_70,0,230517,A549,val,0.5732885187193365,0.6627759980421558,0.6331369454630369,0.7866627180494731,0.825437068939209,0.7493797540664673
230517_71,0,230517,A549,train,0.5732885187193365,0.7904785491557222,0.5249076322466754,0.6914683250144433,0.6846017837524414,0.733790934085846
230517_72,0,230517,A549,val,0.5732885187193365,0.8252216142480496,0.7793493610246567,0.7227422182258473,0.5247833132743835,0.5482542514801025
230517_73,0,230517,HPMEC,test,0.4878842411775492,0.8154380897919087,0.2325435124215254,0.18572439409361724,0.45475414395332336,0.18207992613315582
230517_74,0,230517,HPMEC,train,0.4878842411775492,0.7594221959620229,0.1333409251054145,0.14350042160365814,0.41606467962265015,0.25180235505104065
230517_75,0,230517,HPMEC,train,0.4878842411775492,0.451914043676082,0.20844281771436624,0.20833513186524824,0.3878185451030731,0.17923963069915771
230517_76,0,230517,HPMEC,val,0.4878842411775492,0.8456948606617554,0.3272144886300688,0.31341480242029635,0.6008436679840088,0.2539254426956177
230517_77,0,230517,HPMEC,train,0.4878842411775492,0.8699163772901212,0.5075380635286229,0.40458515611254486,0.5957018733024597,0.4352269768714905
230517_78,0,230517,HPMEC,train,0.4878842411775492,0.875074234351646,0.6015563953139398,0.3745082970312236,0.6316297650337219,0.3781493604183197
230517_79,0,230517,HPMEC,train,0.4878842411775492,0.8987618326852534,0.7743320610986887,0.6721177995679908,0.6622592210769653,0.4450687766075134
230517_8,1,230517,HPMEC,train,0.4878842411775492,0.7229004641502423,0.7836970143490019,0.6179564148867415,0.742912769317627,0.7885429263114929
230517_80,0,230517,HPMEC,train,0.4878842411775492,0.8796247287638593,0.8091287511200391,0.6800782446010619,0.6230882406234741,0.31459981203079224
230517_81,0,230517,HPMEC,val,0.4878842411775492,0.784982533616515,0.34789747955531497,0.344572819583719,0.5831916928291321,0.32366809248924255
230517_82,0,230517,NHBE,train,0.7030547194729696,0.7330572370681075,0.06868326045989542,0.10797251738825686,0.21450075507164001,0.17790095508098602
230517_83,0,230517,NHBE,train,0.7030547194729696,0.5227766916559552,0.03465890589882229,0.06115537555059405,0.18212391436100006,0.14779219031333923
230517_84,0,230517,NHBE,train,0.7030547194729696,0.33190867571554505,0.02850987089715421,0.051136433030425955,0.2844594419002533,0.1389988362789154
230517_85,0,230517,NHBE,test,0.7030547194729696,0.6957856477664907,0.04731027192713478,0.0794471443248493,0.3903433382511139,0.15992146730422974
230517_86,0,230517,NHBE,train,0.7030547194729696,0.8339807975057886,0.13717261966754912,0.141561067238467,0.36760228872299194,0.19244183599948883
230517_87,0,230517,NHBE,train,0.7030547194729696,0.7937129381839286,0.17371291501662917,0.18578285356168633,0.5589349865913391,0.3334663212299347
230517_88,0,230517,NHBE,test,0.7030547194729696,0.8770516217526186,0.2758477828420223,0.19550160925065735,0.7109211683273315,0.37883415818214417
230517_89,0,230517,NHBE,train,0.7030547194729696,0.8777937390421461,0.18784893579492534,0.17123913330873222,0.5704219937324524,0.39550167322158813
230517_9,1,230517,HPMEC,train,0.4878842411775492,0.7260442499546651,0.6046947306825584,0.6601210628709181,0.8386644721031189,0.8520832657814026
230517_90,0,230517,NHBE,train,0.7030547194729696,0.7341081217014155,0.07267968489674305,0.10605095967893109,0.2608027458190918,0.1341906189918518
230523_1,1,230523,HPMEC,train,0.6857556786108093,0.5173757985384133,0.7134501365483495,0.793953408954616,0.5245262384414673,0.4376407265663147
230523_10,0,230523,HPMEC,train,0.6857556786108093,0.5366368390696986,0.773890008340975,0.6334854159589675,0.6743171811103821,0.6395878195762634
230523_100,0,230523,HPMEC,test,0.6857556786108093,0.24857303455725463,0.04009710353347323,0.06622671602515964,0.7004576325416565,0.6707794666290283
230523_101,0,230523,HPMEC,train,0.6857556786108093,0.3830330828804126,0.36172516179801045,0.18825832927391759,0.7254197001457214,0.6445779800415039
230523_102,0,230523,HPMEC,train,0.6857556786108093,0.644483946650185,0.5756484906350362,0.6298964919198128,0.506262481212616,0.636888325214386
230523_103,0,230523,HPMEC,train,0.6857556786108093,0.39399823451091365,0.10761447221374623,0.2491105917719714,0.5622349977493286,0.6628943085670471
230523_104,0,230523,HPMEC,train,0.6857556786108093,0.3031745820083988,0.3617990486764238,0.4091676139976139,0.2722097337245941,0.17117640376091003
230523_105,0,230523,HPMEC,train,0.6857556786108093,0.21880651028738968,0.1736919735504066,0.32128701021216816,0.5831555128097534,0.4628355801105499
230523_106,0,230523,HPMEC,train,0.6857556786108093,0.1680322925842695,0.1041736835733606,0.2054104095018609,0.5107223391532898,0.41199392080307007
230523_107,1,230523,HPMEC,test,0.6857556786108093,0.2862866639547434,0.28936021275140933,0.5579627052195554,0.5703771114349365,0.5661664605140686
230523_108,0,230523,HPMEC,train,0.6857556786108093,0.3330955112722063,0.12731829151641513,0.3518374846328856,0.527885913848877,0.586820125579834
230523_109,0,230523,HPMEC,train,0.6857556786108093,0.25948237819132264,0.1527242106350299,0.24075792319200182,0.528444766998291,0.5236497521400452
230523_11,0,230523,HPMEC,test,0.6857556786108093,0.42850623612171723,0.7398273472995512,0.6802702796479673,0.47898608446121216,0.27945470809936523
230523_110,1,230523,HPMEC,train,0.6857556786108093,0.45737582575687785,0.562427581072852,0.6437627588496562,0.429432213306427,0.5970411896705627
230523_111,0,230523,HPMEC,train,0.6857556786108093,0.0022214270186927607,0.0077427761377116015,0.01387700136685329,0.010170953348279,0.009361089207231998
230523_12,0,230523,HPMEC,train,0.6857556786108093,0.484744101442481,0.7550920094204752,0.7572118529028572,0.5095384120941162,0.3258625268936157
230523_13,0,230523,HPMEC,test,0.6857556786108093,0.6631758465103443,0.7507619440347235,0.6891598511595433,0.14907027781009674,0.13701149821281433
230523_14,0,230523,HPMEC,train,0.6857556786108093,0.6901565015052613,0.5604928717404217,0.5105236377276732,0.2898913621902466,0.35573604702949524
230523_15,0,230523,HPMEC,test,0.6857556786108093,0.45791158766519374,0.399307409549836,0.43736844047714846,0.07465264201164246,0.1082225888967514
230523_16,0,230523,HPMEC,val,0.6857556786108093,0.5395185794631702,0.7698622073052256,0.6698090271929259,0.25849732756614685,0.20750020444393158
230523_17,0,230523,HPMEC,test,0.6857556786108093,0.747473446073671,0.6681597897055365,0.7735883308194673,0.15035074949264526,0.20723959803581238
230523_18,0,230523,HPMEC,train,0.6857556786108093,0.23290255865663229,0.21042166279796076,0.28741000570832825,0.3569335341453552,0.14709565043449402
230523_19,0,230523,HPMEC,train,0.6857556786108093,0.39693235326464044,0.5566534490285485,0.49761155132120055,0.19684980809688568,0.1204460933804512
230523_2,1,230523,HPMEC,val,0.6857556786108093,0.6164544898010007,0.7302200075418767,0.7175863316225475,0.7747296094894409,0.798575222492218
230523_20,0,230523,HPMEC,train,0.6857556786108093,0.3238148003746982,0.5189721650232578,0.6041831094296503,0.5652243494987488,0.3094255030155182
230523_21,1,230523,HPMEC,test,0.6857556786108093,0.5547973144386958,0.7535703501099187,0.6519081772462131,0.28993597626686096,0.2319069355726242
230523_22,0,230523,HPMEC,val,0.6857556786108093,0.6103274387197872,0.7268054536233176,0.6398750125198488,0.5763466358184814,0.4761676788330078
230523_23,0,230523,HPMEC,train,0.6857556786108093,0.4755789851983946,0.6401769579836905,0.6570502579937755,0.45728081464767456,0.24792975187301636
230523_24,0,230523,HPMEC,train,0.6857556786108093,0.05777866007680344,0.011939077271387797,0.038159287541895834,0.023754984140396118,0.027683377265930176
230523_25,0,230523,HPMEC,train,0.6857556786108093,0.5956957070949801,0.7670407402057965,0.6690304106373168,0.5168166160583496,0.3248916268348694
230523_26,0,230523,HPMEC,train,0.6857556786108093,0.5449120602005251,0.6444020673438652,0.6695747129028707,0.3855572044849396,0.3695538341999054
230523_27,0,230523,HPMEC,train,0.6857556786108093,0.6248007587993402,0.6413691364199429,0.6423983734125,0.19792824983596802,0.13499973714351654
230523_28,0,230523,HPMEC,train,0.6857556786108093,0.11109321071159418,0.09351747623308829,0.2359381124553172,0.3156726360321045,0.2148204892873764
230523_29,0,230523,HPMEC,test,0.6857556786108093,0.399427368638298,0.4805778743337087,0.486870775431773,0.43898966908454895,0.2101951241493225
230523_3,1,230523,HPMEC,test,0.6857556786108093,0.6012887982002155,0.8067041429663844,0.8455435737456511,0.7354413866996765,0.805548906326294
230523_30,0,230523,HPMEC,train,0.6857556786108093,0.5074325962789253,0.3415334815282713,0.45771720162637913,0.05527359992265701,0.14544853568077087
230523_31,0,230523,HPMEC,train,0.6857556786108093,0.5271287263230956,0.6393887514652052,0.6477235501488793,0.298821359872818,0.21762418746948242
230523_32,0,230523,HPMEC,train,0.6857556786108093,0.4888467540096619,0.5764713419308588,0.5696376232712809,0.24511070549488068,0.21908164024353027
230523_33,0,230523,HPMEC,train,0.6857556786108093,0.5152716377510436,0.5509464000617912,0.629785618625906,0.3409687578678131,0.21024936437606812
230523_34,0,230523,HPMEC,train,0.6857556786108093,0.536800650851621,0.7310057464219474,0.6779844727159002,0.3166763186454773,0.1769222617149353
230523_35,0,230523,HPMEC,val,0.6857556786108093,0.6052085825378565,0.6546046865540085,0.6087845306342278,0.06013214960694313,0.04750114679336548
230523_36,0,230523,HPMEC,val,0.6857556786108093,0.07542667248456406,0.07853732089617368,0.12071189405839165,0.2709050476551056,0.25735366344451904
230523_37,0,230523,HPMEC,train,0.6857556786108093,0.26835099014926483,0.4616096193665841,0.4601538828213208,0.12166334688663483,0.1843784898519516
230523_38,1,230523,HPMEC,train,0.6857556786108093,0.4954832061422668,0.4426299816558808,0.47655785508967285,0.6069135069847107,0.7600656151771545
230523_39,1,230523,HPMEC,train,0.6857556786108093,0.694956390841559,0.5116541252508531,0.4809117417409538,0.38053473830223083,0.39418691396713257
230523_4,1,230523,HPMEC,val,0.6857556786108093,0.5913099141942566,0.8402488668765254,0.809202253300854,0.826941728591919,0.807102620601654
230523_40,0,230523,HPMEC,test,0.6857556786108093,0.524846218712197,0.5645544699734243,0.646240066274973,0.44493910670280457,0.33148831129074097
230523_41,0,230523,HPMEC,train,0.6857556786108093,0.45881842746159257,0.5443636318820464,0.5165601019434898,0.21764369308948517,0.17803393304347992
230523_42,0,230523,HPMEC,train,0.6857556786108093,0.39372879848538866,0.45238239022914145,0.5656136985527753,0.6083619594573975,0.4416116774082184
230523_43,0,230523,HPMEC,test,0.6857556786108093,0.44623082246779927,0.567581827155187,0.5711521098198674,0.6046293377876282,0.3623923063278198
230523_44,0,230523,HPMEC,test,0.6857556786108093,0.6303513124061586,0.2322262943907062,0.3781097775205513,0.24412237107753754,0.2179686278104782
230523_45,0,230523,HPMEC,train,0.6857556786108093,0.033374587394307494,0.011805605797027515,0.01853714379118236,0.010695109143853188,0.020362917333841324
230523_46,0,230523,HPMEC,test,0.6857556786108093,0.5263113547785425,0.6490606618311913,0.7234339957464166,0.5970698595046997,0.5422340035438538
230523_47,1,230523,HPMEC,train,0.6857556786108093,0.4608143444371547,0.4477572476691284,0.5934465054847292,0.3856126368045807,0.2201945036649704
230523_48,0,230523,HPMEC,test,0.6857556786108093,0.016065830514751106,0.013591680238830606,0.029249777241672964,0.00799553282558918,0.014843685552477837
230523_49,0,230523,HPMEC,test,0.6857556786108093,0.49847000970541555,0.5040637063365967,0.6700414247088081,0.5967475771903992,0.5639281868934631
230523_5,0,230523,HPMEC,test,0.6857556786108093,0.013829849798608606,0.007064153815907162,0.023367909576250206,0.037655383348464966,0.020224664360284805
230523_50,1,230523,HPMEC,train,0.6857556786108093,0.4744234510722875,0.485631037486795,0.6236065541503902,0.5770072340965271,0.6552176475524902
230523_51,1,230523,HPMEC,test,0.6857556786108093,0.6155581781984608,0.5383502509126331,0.7835412668917451,0.6646444797515869,0.8066807985305786
230523_52,1,230523,HPMEC,train,0.6857556786108093,0.5927142974480959,0.44581381972820244,0.6919890044344775,0.804892897605896,0.7709940075874329
230523_53,1,230523,HPMEC,train,0.6857556786108093,0.6463279839417424,0.5686026296604004,0.7004110030860219,0.7950571775436401,0.7501277327537537
230523_54,1,230523,HPMEC,train,0.6857556786108093,0.7062714666652726,0.4798821197881511,0.79258379696039,0.6908482313156128,0.6814924478530884
230523_55,1,230523,HPMEC,train,0.6857556786108093,0.6056421166227939,0.5732875504511472,0.7702211391584736,0.8360970616340637,0.8070831894874573
230523_56,1,230523,HPMEC,val,0.6857556786108093,0.4513472734623108,0.35048254640936866,0.43144573789921453,0.3391370475292206,0.1928328424692154
230523_57,1,230523,HPMEC,train,0.6857556786108093,0.6404184345031175,0.6583884767532852,0.6328331936444135,0.6484670042991638,0.5075049996376038
230523_58,1,230523,HPMEC,train,0.6857556786108093,0.7686330721621729,0.2510201675226357,0.23061097172530962,0.51416015625,0.5772219300270081
230523_59,1,230523,HPMEC,train,0.6857556786108093,0.5896442620811928,0.11437898553356202,0.22119559115139747,0.396921843290329,0.46329790353775024
230523_6,0,230523,HPMEC,train,0.6857556786108093,0.6031218930602344,0.7513566699530481,0.742316075653326,0.7421355843544006,0.628837525844574
230523_60,0,230523,HPMEC,train,0.6857556786108093,0.4545709419587837,0.2605369961981097,0.41669870410374926,0.6980099081993103,0.7259345650672913
230523_61,1,230523,HPMEC,test,0.6857556786108093,0.6636865591233986,0.2682281047595937,0.3000770944473112,0.2613798677921295,0.35913950204849243
230523_62,1,230523,HPMEC,train,0.6857556786108093,0.7000806579811901,0.7127422991419581,0.5845753873359788,0.6850371956825256,0.5380471348762512
230523_63,1,230523,HPMEC,train,0.6857556786108093,0.5532221140567085,0.421111637547661,0.4468015039976595,0.13717316091060638,0.365700900554657
230523_64,1,230523,HPMEC,val,0.6857556786108093,0.6094425500074624,0.5951578694599812,0.5180193729474931,0.7730525135993958,0.7296926975250244
230523_65,1,230523,HPMEC,train,0.6857556786108093,0.6341776951849757,0.4676617278517611,0.5204902390678795,0.8115416169166565,0.7770859003067017
230523_66,1,230523,HPMEC,test,0.6857556786108093,0.5261773765086805,0.5173895026660674,0.4835978172226173,0.8151805400848389,0.8426492810249329
230523_67,1,230523,HPMEC,train,0.6857556786108093,0.5708239092745838,0.35969606811332383,0.4127518793902661,0.7618218660354614,0.7666462659835815
230523_68,1,230523,HPMEC,test,0.6857556786108093,0.639212344786332,0.4872643193828428,0.41837358966030186,0.4714711010456085,0.5475402474403381
230523_69,1,230523,HPMEC,test,0.6857556786108093,0.681445568488267,0.6546592672464578,0.5422121384533307,0.9084550142288208,0.8807727098464966
230523_7,0,230523,HPMEC,train,0.6857556786108093,0.6759108515613131,0.7657837626867171,0.7846883657701508,0.7667464017868042,0.7312846779823303
230523_70,1,230523,HPMEC,train,0.6857556786108093,0.7652973635594524,0.6645327898165875,0.4863346525270429,0.8585020303726196,0.8382865190505981
230523_71,0,230523,HPMEC,train,0.6857556786108093,0.6659646862727985,0.3842782583768869,0.3656328520581839,0.12168776988983154,0.37726709246635437
230523_72,1,230523,HPMEC,train,0.6857556786108093,0.6577490949793627,0.4949458646671044,0.40807174737557134,0.658075213432312,0.6029773950576782
230523_73,1,230523,HPMEC,train,0.6857556786108093,0.6075417225929928,0.4894512605925808,0.646412542032183,0.7192270755767822,0.7974798679351807
230523_74,1,230523,HPMEC,test,0.6857556786108093,0.561753652621493,0.32579354216793993,0.3708939545858357,0.7411362528800964,0.6321922540664673
230523_75,1,230523,HPMEC,train,0.6857556786108093,0.7207955118015975,0.7822021956791125,0.8134435415215201,0.8298479914665222,0.7862382531166077
230523_76,0,230523,HPMEC,test,0.6857556786108093,0.0037775087270726206,0.01026694224662947,0.01316054435241154,0.0052256654016673565,0.0054007903672754765
230523_77,1,230523,HPMEC,train,0.6857556786108093,0.6160657399735222,0.6111587790579455,0.6573582850342043,0.5300025939941406,0.3614891767501831
230523_78,0,230523,HPMEC,test,0.6857556786108093,0.001884937403724468,0.010882190029527453,0.012930457632045705,0.003225172171369195,0.00195358507335186
230523_79,0,230523,HPMEC,train,0.6857556786108093,0.43628227543090825,0.17820059264340046,0.3593461548274503,0.14521044492721558,0.23383353650569916
230523_8,0,230523,HPMEC,val,0.6857556786108093,0.7669377152187712,0.6730915915861407,0.6509986279742878,0.5153397917747498,0.3931255042552948
230523_80,1,230523,HPMEC,train,0.6857556786108093,0.5443661491535862,0.11164921005941032,0.3310096816479244,0.6194785237312317,0.4500679075717926
230523_81,0,230523,HPMEC,train,0.6857556786108093,0.015521979216379817,0.010231592465365971,0.017432873165721858,0.004519491922110319,0.00414163526147604
230523_82,1,230523,HPMEC,train,0.6857556786108093,0.6276509595325697,0.5839882106274915,0.5400868148946175,0.1416347324848175,0.5321151614189148
230523_83,0,230523,HPMEC,test,0.6857556786108093,0.7895291062156319,0.06401156459581438,0.11027901241555897,0.017235765233635902,0.009473835118114948
230523_84,1,230523,HPMEC,train,0.6857556786108093,0.501075110192068,0.6017860934787836,0.636741938073593,0.6766812801361084,0.7073512673377991
230523_85,1,230523,HPMEC,val,0.6857556786108093,0.3680488629204521,0.5921172886919466,0.5763715708373112,0.6288188099861145,0.42883142828941345
230523_86,1,230523,HPMEC,train,0.6857556786108093,0.3939499818566244,0.7334142753988631,0.5799584164463046,0.7565380930900574,0.7301745414733887
230523_87,1,230523,HPMEC,train,0.6857556786108093,0.4032537492622832,0.5207508832111822,0.6016967671019793,0.7024542689323425,0.7487328052520752
230523_88,1,230523,HPMEC,train,0.6857556786108093,0.35024702124178464,0.4277047073839001,0.44630144631542307,0.37450170516967773,0.40583908557891846
230523_89,0,230523,HPMEC,train,0.6857556786108093,0.3848381605974866,0.36084900263286707,0.38223867398756484,0.6725643277168274,0.45246025919914246
230523_9,0,230523,HPMEC,train,0.6857556786108093,0.21116766475611914,0.1688181770309588,0.29826079590849364,0.5145345330238342,0.37141603231430054
230523_90,0,230523,HPMEC,train,0.6857556786108093,0.3031140677547683,0.04374154142605904,0.11704326595153802,0.20009541511535645,0.1907041221857071
230523_91,0,230523,HPMEC,train,0.6857556786108093,0.5775659364440017,0.6145455049317252,0.696813417094623,0.7501254081726074,0.5296987891197205
230523_92,1,230523,HPMEC,train,0.6857556786108093,0.7237868904012825,0.6232474933784373,0.7272744515666728,0.6042798757553101,0.6370943188667297
230523_93,0,230523,HPMEC,train,0.6857556786108093,0.35471121740833506,0.39477229565129446,0.5331136144392823,0.7258716225624084,0.6045123338699341
230523_94,0,230523,HPMEC,train,0.6857556786108093,0.004015949247409664,0.0095887461231786,0.00977103515603708,0.018251461908221245,0.014331142418086529
230523_95,0,230523,HPMEC,train,0.6857556786108093,0.2205824365438633,0.06335925612098588,0.08576936122210774,0.373758465051651,0.3011555075645447
230523_96,0,230523,HPMEC,test,0.6857556786108093,0.22954279634933986,0.12255725850802222,0.21011879964279467,0.4970424771308899,0.303488165140152
230523_97,0,230523,HPMEC,train,0.6857556786108093,0.1892751585742835,0.17868024677054314,0.22472882647691111,0.4138670861721039,0.30695948004722595
230523_98,0,230523,HPMEC,train,0.6857556786108093,0.24042169654544848,0.13278751520930387,0.17265386452997258,0.7393538951873779,0.7260215878486633
230523_99,0,230523,HPMEC,test,0.6857556786108093,0.21879265152631236,0.07243166380267356,0.10761160776732455,0.8932782411575317,0.9109996557235718
230524_1,0,230524,HPMEC,train,0.4079671736240353,0.3242556678917045,0.5027931583097536,0.35935688473944777,0.23729604482650757,0.10177569091320038
230524_10,0,230524,HPMEC,train,0.4079671736240353,0.31865301018678144,0.2704855884116058,0.20883475109385957,0.13622869551181793,0.12548130750656128
230524_100,0,230524,HPMEC,train,0.4079671736240353,0.3933944127230304,0.2172705938596573,0.19090490237954413,0.35479459166526794,0.19099347293376923
230524_101,0,230524,HPMEC,train,0.4079671736240353,0.20858796630389106,0.02387407818598176,0.0187500611465938,0.5883185267448425,0.6253640055656433
230524_102,0,230524,HPMEC,test,0.4079671736240353,0.28442701413700017,0.032580506943891356,0.02839431507444903,0.39254307746887207,0.3911360204219818
230524_103,1,230524,HPMEC,train,0.4079671736240353,0.2511183669592598,0.16907132219267115,0.15146151489682289,0.6524893641471863,0.47051486372947693
230524_104,0,230524,HPMEC,test,0.4079671736240353,0.007080798816329752,0.010167765406635639,0.010083455501461641,0.06647668778896332,0.034517787396907806
230524_105,0,230524,HPMEC,train,0.4079671736240353,0.3157816016055567,0.0767558475680693,0.11341602834199385,0.4068864583969116,0.35252514481544495
230524_106,0,230524,HPMEC,test,0.4079671736240353,0.007705105505199374,0.015239940553295278,0.015367299715521905,0.04396755248308182,0.01353086344897747
230524_107,0,230524,HPMEC,train,0.4079671736240353,0.5356565596773077,0.7138957960645484,0.5415796488116922,0.7176915407180786,0.57244873046875
230524_108,0,230524,HPMEC,train,0.4079671736240353,0.6507341407877837,0.6760831272384468,0.6225801789080874,0.6584488749504089,0.6082628965377808
230524_11,0,230524,HPMEC,test,0.4079671736240353,0.008761085264416787,0.10151062369074967,0.14037370468658314,0.0035558391828089952,0.0024052716325968504
230524_12,0,230524,HPMEC,train,0.4079671736240353,0.08668897792857201,0.03823352050247357,0.07682176958278482,0.18033424019813538,0.11846031248569489
230524_13,0,230524,HPMEC,test,0.4079671736240353,0.2762610994444636,0.4872624839983105,0.40254622718264077,0.45176073908805847,0.5316517949104309
230524_14,0,230524,HPMEC,train,0.4079671736240353,0.12717334684257967,0.10972645548355067,0.16527138560596782,0.05368657037615776,0.06873022764921188
230524_15,0,230524,HPMEC,train,0.4079671736240353,0.3072110539623588,0.46781333825152177,0.34188935727034564,0.053479745984077454,0.03449482470750809
230524_16,0,230524,HPMEC,train,0.4079671736240353,0.24105228283045935,0.3370309470705258,0.21295882760860613,0.04626147821545601,0.026059020310640335
230524_17,0,230524,HPMEC,train,0.4079671736240353,0.015647285133073913,0.03160063923308878,0.03481537656442963,0.10380706191062927,0.04354722052812576
230524_18,0,230524,HPMEC,test,0.4079671736240353,0.21481987072108483,0.19728081669070047,0.29782599008731686,0.17650896310806274,0.13045622408390045
230524_19,0,230524,HPMEC,val,0.4079671736240353,0.14944442365862784,0.12418763312472642,0.19409584771735847,0.13075058162212372,0.13484935462474823
230524_2,1,230524,HPMEC,train,0.4079671736240353,0.22133864629477415,0.10461428638514171,0.1458863482754835,0.41137444972991943,0.36671215295791626
230524_20,0,230524,HPMEC,train,0.4079671736240353,0.06052373016870804,0.25283259798761765,0.29076070187623765,0.044709332287311554,0.04780052974820137
230524_21,0,230524,HPMEC,val,0.4079671736240353,0.03580605997186048,0.2202702284827598,0.24178430294177444,0.06673132628202438,0.07458911091089249
230524_22,0,230524,HPMEC,test,0.4079671736240353,0.09746128429604237,0.16051322475069252,0.24205864589327467,0.07422281801700592,0.09931088238954544
230524_23,0,230524,HPMEC,val,0.4079671736240353,0.10400805179790962,0.07539253031973675,0.17232213467318785,0.20442606508731842,0.20745551586151123
230524_24,0,230524,HPMEC,train,0.4079671736240353,0.27022680567666096,0.2649153212988668,0.2814192049693197,0.07681190967559814,0.06309372931718826
230524_25,0,230524,HPMEC,train,0.4079671736240353,0.21801661137966605,0.3623868070480845,0.2622863351959706,0.18212734162807465,0.16529197990894318
230524_26,0,230524,HPMEC,val,0.4079671736240353,0.11846592159488313,0.03324224689564666,0.04723465370837419,0.10527104139328003,0.10752162337303162
230524_27,0,230524,HPMEC,train,0.4079671736240353,0.3774873362771368,0.1439746661451111,0.2993309763814971,0.1853163093328476,0.18382291495800018
230524_28,0,230524,HPMEC,train,0.4079671736240353,0.11795492378481746,0.10297551222902071,0.24519987614583846,0.05077679082751274,0.08882281929254532
230524_29,0,230524,HPMEC,train,0.4079671736240353,0.10651384030463398,0.250248338768822,0.3364709809280907,0.1923152357339859,0.30796658992767334
230524_3,0,230524,HPMEC,train,0.4079671736240353,0.12437806168160583,0.1595883733606506,0.24828210132750902,0.30799731612205505,0.42661216855049133
230524_30,0,230524,HPMEC,val,0.4079671736240353,0.006356808005574734,0.049226993680834545,0.11913860670241111,0.007534048054367304,0.004250722471624613
230524_31,1,230524,HPMEC,test,0.4079671736240353,0.07334385275494505,0.14033239730766559,0.24179186586845128,0.18610382080078125,0.24817413091659546
230524_32,1,230524,HPMEC,train,0.4079671736240353,0.08343595572570192,0.11792737453699871,0.22830685332199188,0.2567994296550751,0.2893320918083191
230524_33,0,230524,HPMEC,train,0.4079671736240353,0.06348067576689087,0.06396325486836836,0.2240154694583808,0.14409171044826508,0.14328421652317047
230524_34,0,230524,HPMEC,train,0.4079671736240353,0.3275807250512007,0.346120883832396,0.31045233247549564,0.05803244933485985,0.053608592599630356
230524_35,0,230524,HPMEC,train,0.4079671736240353,0.32439074203525575,0.38816360170398834,0.35535055519086034,0.5054735541343689,0.29668253660202026
230524_36,0,230524,HPMEC,train,0.4079671736240353,0.028656793446766103,0.04852283289937004,0.06971727771658325,0.4351747930049896,0.3969653844833374
230524_37,1,230524,HPMEC,train,0.4079671736240353,0.6604509886741333,0.568880734772517,0.5238833225236,0.21503259241580963,0.2608101963996887
230524_38,1,230524,HPMEC,train,0.4079671736240353,0.7512381878791392,0.6124386387515357,0.6341917328796222,0.4548528790473938,0.4377535283565521
230524_39,0,230524,HPMEC,test,0.4079671736240353,0.5459107900166463,0.7065346095486521,0.6639858483118511,0.5647477507591248,0.6122293472290039
230524_4,0,230524,HPMEC,val,0.4079671736240353,0.1726707988700078,0.11313980703136259,0.17676337458693614,0.4250403046607971,0.4734589755535126
230524_40,0,230524,HPMEC,train,0.4079671736240353,0.528205451519679,0.7205788897501901,0.6059340017363358,0.6649086475372314,0.6789427399635315
230524_41,0,230524,HPMEC,train,0.4079671736240353,0.5798929726872387,0.704399932656659,0.5769249880922019,0.47173887491226196,0.5339003801345825
230524_42,0,230524,HPMEC,train,0.4079671736240353,0.5069584625571355,0.6174919712842181,0.4604976821328188,0.47326841950416565,0.4291810393333435
230524_43,0,230524,HPMEC,train,0.4079671736240353,0.7135499145834137,0.2059766891168114,0.36663692712066887,0.31804561614990234,0.5149053931236267
230524_44,0,230524,HPMEC,val,0.4079671736240353,0.6099437476460966,0.2211936260673174,0.23734755323484763,0.47039803862571716,0.6184055805206299
230524_45,0,230524,HPMEC,test,0.4079671736240353,0.49518033630946645,0.17522309559850605,0.43898194497650406,0.5551939010620117,0.5642256736755371
230524_46,1,230524,HPMEC,test,0.4079671736240353,0.7415186263652035,0.8773482288362514,0.7473918369224517,0.7674254179000854,0.6608733534812927
230524_47,1,230524,HPMEC,train,0.4079671736240353,0.7314424575298186,0.8134127390639614,0.7151562544571035,0.7062616348266602,0.6613816022872925
230524_48,0,230524,HPMEC,val,0.4079671736240353,0.5045530655309948,0.4895691477578123,0.4249428704106687,0.5921335816383362,0.5959415435791016
230524_49,1,230524,HPMEC,train,0.4079671736240353,0.6648583234254193,0.7698652375433943,0.6697452072601214,0.25566381216049194,0.1750161498785019
230524_5,0,230524,HPMEC,train,0.4079671736240353,0.419885488453345,0.24841042290564067,0.17934284767121078,0.5598305463790894,0.5782674551010132
230524_50,1,230524,HPMEC,test,0.4079671736240353,0.6327443964803819,0.8165761501028819,0.8071076025700673,0.7809834480285645,0.7959704995155334
230524_51,1,230524,HPMEC,train,0.4079671736240353,0.6441912344567959,0.8412488790872623,0.8187313558593556,0.779874324798584,0.8160760998725891
230524_52,1,230524,HPMEC,train,0.4079671736240353,0.6861858221980043,0.8585240588992207,0.7439409749856993,0.7912516593933105,0.8115476965904236
230524_53,1,230524,HPMEC,test,0.4079671736240353,0.7135349662319206,0.8802006544270186,0.682665660661603,0.5792756676673889,0.5044909119606018
230524_54,1,230524,HPMEC,train,0.4079671736240353,0.6553643273942916,0.7923340041805602,0.7186432783404348,0.7719399333000183,0.5403246879577637
230524_55,0,230524,HPMEC,train,0.4079671736240353,0.6416255443099439,0.6395148396637287,0.632205064604097,0.5773494243621826,0.573462963104248
230524_56,0,230524,HPMEC,train,0.4079671736240353,0.7736928013348471,0.6371334870411038,0.673929101021193,0.7762599587440491,0.7677058577537537
230524_57,0,230524,HPMEC,train,0.4079671736240353,0.6982230270337328,0.6791338806801759,0.723998201116442,0.8076120018959045,0.6911023855209351
230524_58,0,230524,HPMEC,train,0.4079671736240353,0.7515310541601914,0.6554036216816367,0.7023786156829619,0.5566905736923218,0.4785716235637665
230524_59,0,230524,HPMEC,test,0.4079671736240353,0.8219605240752755,0.8049577803822735,0.7438968757838134,0.7998523116111755,0.7093122005462646
230524_6,0,230524,HPMEC,train,0.4079671736240353,0.5761420619820683,0.4842994574645586,0.3977495116154544,0.6448870301246643,0.5604379177093506
230524_60,0,230524,HPMEC,train,0.4079671736240353,0.7946321405423129,0.7123745921025171,0.6653998005737134,0.778864860534668,0.7968126535415649
230524_61,0,230524,HPMEC,train,0.4079671736240353,0.7697491146630456,0.6287255051701783,0.4770303934336015,0.062132637947797775,0.08292359113693237
230524_62,1,230524,HPMEC,test,0.4079671736240353,0.7382369712073259,0.7492894471352726,0.4886169616324813,0.8315871357917786,0.7888783812522888
230524_63,0,230524,HPMEC,train,0.4079671736240353,0.7065502198484973,0.7821529402531228,0.6623075126177307,0.888700008392334,0.8762179017066956
230524_64,0,230524,HPMEC,train,0.4079671736240353,0.6256879559739346,0.7343913837202404,0.6570201690064974,0.9593954086303711,0.9613386988639832
230524_65,0,230524,HPMEC,train,0.4079671736240353,0.0432533094315024,0.02855317141069382,0.04292877467899051,0.07368782162666321,0.031784698367118835
230524_66,1,230524,HPMEC,val,0.4079671736240353,0.7172507656064736,0.6712954061359062,0.7813512606720184,0.7932384014129639,0.5427629947662354
230524_67,1,230524,HPMEC,val,0.4079671736240353,0.7761682515911362,0.8393350003974629,0.8070640766853135,0.9498426914215088,0.9421704411506653
230524_68,1,230524,HPMEC,test,0.4079671736240353,0.8109583500910063,0.82802939028282,0.6777744901826203,0.9496209025382996,0.9335390329360962
230524_69,1,230524,HPMEC,train,0.4079671736240353,0.7337072668946224,0.7392814578600883,0.5187601699804409,0.7559423446655273,0.7333272099494934
230524_7,0,230524,HPMEC,train,0.4079671736240353,0.5883550596693297,0.5122419374402216,0.5386133874480273,0.28031763434410095,0.15818655490875244
230524_70,0,230524,HPMEC,train,0.4079671736240353,0.02310290968623928,0.019864150637659388,0.02154605267647596,0.08862365037202835,0.03284738212823868
230524_71,0,230524,HPMEC,train,0.4079671736240353,0.40357394852030937,0.47762582478397386,0.38289434117156346,0.3936331868171692,0.43658149242401123
230524_72,1,230524,HPMEC,train,0.4079671736240353,0.5272343675995781,0.5681269561110975,0.6983177442506333,0.29450687766075134,0.3303218185901642
230524_73,1,230524,HPMEC,train,0.4079671736240353,0.5252870797196028,0.6572344357064518,0.6922999316794354,0.499502569437027,0.3139519691467285
230524_74,1,230524,HPMEC,train,0.4079671736240353,0.5343406753390216,0.39504609459472345,0.5130423959261927,0.2643490433692932,0.2275385707616806
230524_75,1,230524,HPMEC,train,0.4079671736240353,0.5237962628514748,0.29363686303374104,0.43796138034256665,0.0971144363284111,0.0818052813410759
230524_76,1,230524,HPMEC,train,0.4079671736240353,0.5850452243360919,0.3202674162771736,0.3682670333660038,0.17937928438186646,0.12448810786008835
230524_77,1,230524,HPMEC,train,0.4079671736240353,0.538585803095148,0.20477643681988456,0.3866404800034535,0.3719432055950165,0.35435664653778076
230524_78,0,230524,HPMEC,train,0.4079671736240353,0.5256548167320846,0.3021362402974141,0.3268011998809498,0.2870227098464966,0.26438677310943604
230524_79,0,230524,HPMEC,train,0.4079671736240353,0.5772925412597425,0.5977102015862278,0.6695275363414904,0.6825816631317139,0.7450686097145081
230524_8,0,230524,HPMEC,val,0.4079671736240353,0.3637910623744652,0.3078771062261476,0.43338868710768047,0.378142774105072,0.2854404151439667
230524_80,0,230524,HPMEC,val,0.4079671736240353,0.7031669097143985,0.31236805806680357,0.55121207975637,0.37995007634162903,0.3620326519012451
230524_81,0,230524,HPMEC,train,0.4079671736240353,0.46535228772196013,0.6310655754076949,0.5791802273596738,0.42734473943710327,0.3870130181312561
230524_82,0,230524,HPMEC,test,0.4079671736240353,0.4414750888365047,0.4606921726638116,0.5957377564931201,0.35853540897369385,0.34639647603034973
230524_83,0,230524,HPMEC,train,0.4079671736240353,0.43101552330845827,0.5029608555915909,0.5908912660969953,0.5287989377975464,0.36132994294166565
230524_84,0,230524,HPMEC,test,0.4079671736240353,0.016060136773382527,0.01861128537278783,0.01719876348659018,0.012066345661878586,0.0045711989514529705
230524_85,0,230524,HPMEC,test,0.4079671736240353,0.388195155544763,0.24875325942576587,0.3540585474938116,0.2830204665660858,0.2145274579524994
230524_86,0,230524,HPMEC,train,0.4079671736240353,0.3975879369099469,0.44622713940310327,0.3668032969841766,0.3005217909812927,0.25469255447387695
230524_87,0,230524,HPMEC,train,0.4079671736240353,0.4941737959920841,0.4485826629321647,0.39418946729358606,0.27854833006858826,0.16451971232891083
230524_88,0,230524,HPMEC,train,0.4079671736240353,0.5245637200931428,0.40151009552714734,0.4288765615826259,0.3437788486480713,0.28379911184310913
230524_89,0,230524,HPMEC,train,0.4079671736240353,0.5669860032671035,0.5133602309806817,0.5555662076652285,0.26393839716911316,0.30402886867523193
230524_9,0,230524,HPMEC,train,0.4079671736240353,0.3144768328743216,0.3908270034587136,0.27915132074987414,0.2010577768087387,0.23642876744270325
230524_90,0,230524,HPMEC,train,0.4079671736240353,0.5156300062302656,0.6462359409512082,0.6002124129848116,0.5768933296203613,0.6999167203903198
230524_91,0,230524,HPMEC,train,0.4079671736240353,0.4291976666798742,0.4120232049459456,0.4037039904785285,0.44506677985191345,0.4040791988372803
230524_92,0,230524,HPMEC,val,0.4079671736240353,0.4227067205692059,0.4355766042721529,0.4126309286053324,0.4148675203323364,0.349655419588089
230524_93,0,230524,HPMEC,train,0.4079671736240353,0.42384930103313395,0.5677773719159296,0.46422154238618407,0.30508121848106384,0.27349093556404114
230524_94,0,230524,HPMEC,train,0.4079671736240353,0.5108080420893127,0.44053754252568755,0.4107790042704844,0.5896660685539246,0.5993024706840515
230524_95,0,230524,HPMEC,train,0.4079671736240353,0.4647855562967232,0.5086547329119013,0.49827391684847655,0.6536312699317932,0.5014445781707764
230524_96,0,230524,HPMEC,train,0.4079671736240353,0.5019470311689308,0.4419823836046783,0.4152103025524484,0.4647633135318756,0.32480090856552124
230524_97,0,230524,HPMEC,train,0.4079671736240353,0.5587486912221755,0.6885207205942007,0.6244609845258957,0.10624939203262329,0.04227264225482941
230524_98,0,230524,HPMEC,val,0.4079671736240353,0.6966047883631122,0.671575335726751,0.6381160573773544,0.5653297901153564,0.7387245893478394
230524_99,0,230524,HPMEC,train,0.4079671736240353,0.3501491611521411,0.03883633659545905,0.04462225337256145,0.42856526374816895,0.3663327991962433
230525_1,1,230525,HPMEC,train,0.40023197647772246,0.10753387185914609,0.11576322321842206,0.19941418806836922,0.02124251239001751,0.35997796058654785
230525_10,0,230525,HPMEC,train,0.40023197647772246,0.14081922206406308,0.12332468694463058,0.21032208879533829,0.00970089714974165,0.21692489087581635
230525_100,1,230525,HPMEC,train,0.40023197647772246,0.6445012888700108,0.8461859939322602,0.7629923512223896,0.8351889848709106,0.6346171498298645
230525_101,1,230525,HPMEC,test,0.40023197647772246,0.5869165749636195,0.7178478323452733,0.7983174450264522,0.7351435422897339,0.8317884206771851
230525_102,1,230525,HPMEC,train,0.40023197647772246,0.49688796733720725,0.6284091762946085,0.6804813266410444,0.6293365955352783,0.8394495248794556
230525_103,1,230525,HPMEC,train,0.40023197647772246,0.6740253663329119,0.6687885777680393,0.8126065042579755,0.5385941863059998,0.5833616852760315
230525_104,1,230525,HPMEC,train,0.40023197647772246,0.6622311901243448,0.7337739782411333,0.8219282615048744,0.8115301728248596,0.7921852469444275
230525_105,1,230525,HPMEC,train,0.40023197647772246,0.7472762928352419,0.8368974706033353,0.8780795685772821,0.7228196859359741,0.7440529465675354
230525_106,1,230525,HPMEC,train,0.40023197647772246,0.7475298450889777,0.8918926893624507,0.8843548722782382,0.5587095618247986,0.6335338354110718
230525_107,1,230525,HPMEC,train,0.40023197647772246,0.6831136356257143,0.8570182750135721,0.8754728870751978,0.8095789551734924,0.7160289883613586
230525_108,0,230525,HPMEC,train,0.40023197647772246,0.5283546429823865,0.7604681970862418,0.674304571290969,0.8621435761451721,0.8132221102714539
230525_109,0,230525,HPMEC,test,0.40023197647772246,0.5082025621806746,0.6615964774269811,0.7766621653434143,0.7532689571380615,0.7312042713165283
230525_11,0,230525,HPMEC,train,0.40023197647772246,0.5456160065482308,0.2672124058967621,0.48675013427794334,0.2317599207162857,0.3118034899234772
230525_110,1,230525,A549,test,0.8472080648034944,0.6990629535705623,0.7902734146542675,0.8941228313280652,0.8412585258483887,0.8806362748146057
230525_111,0,230525,A549,train,0.8472080648034944,0.020116058971804823,0.02020773428484954,0.041681491258340024,0.00801917165517807,0.009415809065103531
230525_112,1,230525,A549,train,0.8472080648034944,0.7235088483474474,0.9153576799296451,0.9627317834467313,0.6588646769523621,0.759610652923584
230525_113,0,230525,A549,val,0.8472080648034944,0.032997223822953003,0.029469241216522165,0.038573927507265134,0.0049569858238101006,0.005411047954112291
230525_114,0,230525,A549,test,0.8472080648034944,0.019808604050335143,0.047557205988660436,0.04594416385767708,0.028816943988204002,0.035602327436208725
230525_115,1,230525,A549,train,0.8472080648034944,0.5258364450548484,0.45131688911311546,0.7966185136306795,0.7539008259773254,0.8081361651420593
230525_116,1,230525,A549,train,0.8472080648034944,0.4561467853584525,0.2001295742629504,0.5376094858464914,0.7333852052688599,0.7813393473625183
230525_117,1,230525,A549,test,0.8472080648034944,0.5476359339846848,0.36217786952161646,0.6346988774967997,0.44672128558158875,0.6581152677536011
230525_118,1,230525,A549,train,0.8472080648034944,0.4261199625561631,0.3942547279925346,0.4483549134569518,0.26942917704582214,0.4059862196445465
230525_119,1,230525,A549,train,0.8472080648034944,0.3459062811511383,0.537340407640765,0.5024938570932717,0.5641162991523743,0.5840541124343872
230525_12,0,230525,HPMEC,train,0.40023197647772246,0.7170638982294032,0.5924233729402169,0.7801825877430584,0.13610823452472687,0.3060033321380615
230525_120,1,230525,A549,test,0.8472080648034944,0.4608942628726056,0.29961709590369906,0.7847787254670101,0.6796619892120361,0.6761128306388855
230525_121,1,230525,A549,train,0.8472080648034944,0.36512767001342705,0.3055848040941489,0.6524835758081269,0.784457266330719,0.5976719260215759
230525_122,0,230525,A549,test,0.8472080648034944,0.4760979463647469,0.33308108803895087,0.7450068531770994,0.6469361186027527,0.5824891328811646
230525_123,0,230525,A549,test,0.8472080648034944,0.4656861211438675,0.4115292617889648,0.7801739593845153,0.8343568444252014,0.8611241579055786
230525_124,0,230525,A549,test,0.8472080648034944,0.4831067401254329,0.31963494296460926,0.6806218920316849,0.733177661895752,0.6636694073677063
230525_125,0,230525,A549,val,0.8472080648034944,0.379641552016324,0.6095032804094731,0.8963258095675934,0.6947862505912781,0.7394094467163086
230525_126,0,230525,A549,train,0.8472080648034944,0.6572108233883537,0.8365157904487883,0.9466308521956015,0.9048967957496643,0.8952088356018066
230525_127,0,230525,A549,train,0.8472080648034944,0.6240199305267318,0.8635799382496352,0.9546984926161872,0.7512677311897278,0.808423638343811
230525_128,0,230525,A549,train,0.8472080648034944,0.5518224070238714,0.7330136179873893,0.913318195103484,0.7745475769042969,0.7344434261322021
230525_129,1,230525,A549,train,0.8472080648034944,0.29082224202848034,0.3476580372518406,0.6892238621701654,0.8716071844100952,0.909012496471405
230525_13,0,230525,HPMEC,train,0.40023197647772246,0.6329869252772146,0.7168645059445085,0.7803294790695835,0.2448565512895584,0.46467533707618713
230525_130,1,230525,A549,train,0.8472080648034944,0.7409065818383901,0.8193154169490751,0.9685904017755098,0.8858070969581604,0.9028966426849365
230525_131,1,230525,A549,train,0.8472080648034944,0.7228409584496314,0.8127083213879812,0.9630083573125428,0.7946287989616394,0.8610785007476807
230525_132,1,230525,A549,test,0.8472080648034944,0.428769846009777,0.6016515682377339,0.9000426404062928,0.823769211769104,0.8862478733062744
230525_133,1,230525,A549,train,0.8472080648034944,0.745477080923219,0.8229189779910915,0.9570377450719207,0.8725383281707764,0.8771349191665649
230525_134,1,230525,A549,train,0.8472080648034944,0.8057503956524396,0.8052840399074254,0.9504678619201337,0.9287247657775879,0.960098147392273
230525_135,1,230525,A549,test,0.8472080648034944,0.7212632815016312,0.8695460301213777,0.9468534907746515,0.9257447123527527,0.919533908367157
230525_136,1,230525,A549,train,0.8472080648034944,0.7520430783766687,0.8040924531348721,0.9536605346563545,0.7877000570297241,0.8756122589111328
230525_137,1,230525,A549,train,0.8472080648034944,0.5433473341555125,0.7139979048086744,0.9290471050022586,0.9067164659500122,0.6552177667617798
230525_138,1,230525,A549,train,0.8472080648034944,0.7079979555697424,0.8569530546891528,0.972252666287355,0.9657666087150574,0.9770028591156006
230525_139,1,230525,A549,train,0.8472080648034944,0.7607108637112477,0.7994215399732195,0.9731068423971899,0.9483553767204285,0.9225006103515625
230525_14,0,230525,HPMEC,train,0.40023197647772246,0.6456285094480787,0.5784193295623455,0.703034011289823,0.16215603053569794,0.24914181232452393
230525_140,1,230525,A549,test,0.8472080648034944,0.7576844094142421,0.8377044674380797,0.9571422698397027,0.8234917521476746,0.7480686902999878
230525_141,1,230525,A549,train,0.8472080648034944,0.7490624789630042,0.7729689347153519,0.9531823575659882,0.8815805315971375,0.9426824450492859
230525_142,1,230525,A549,train,0.8472080648034944,0.7752315139900384,0.7468434546252153,0.9547271771625032,0.945206344127655,0.955781877040863
230525_143,1,230525,A549,test,0.8472080648034944,0.7812819940308168,0.7830304767208954,0.9549803442820612,0.9001843333244324,0.918308436870575
230525_144,1,230525,A549,test,0.8472080648034944,0.7548786778972436,0.841667076146577,0.9469903899300912,0.8745119571685791,0.8316583633422852
230525_145,1,230525,A549,train,0.8472080648034944,0.610131157612246,0.7266105068657083,0.9465228517028345,0.899808406829834,0.851056694984436
230525_146,1,230525,A549,train,0.8472080648034944,0.6317431925953222,0.8047377772014482,0.9605803684997426,0.9041188359260559,0.8843815326690674
230525_147,0,230525,HPMEC,train,0.40023197647772246,0.21032476325606222,0.15334598048486262,0.16537719084101393,0.23612047731876373,0.20941463112831116
230525_148,0,230525,HPMEC,train,0.40023197647772246,0.2715619211601967,0.20537831804259557,0.23516863069198587,0.09399133920669556,0.1004854291677475
230525_149,0,230525,HPMEC,val,0.40023197647772246,0.26361696282698355,0.16385901079503104,0.21228690978673384,0.26186472177505493,0.34668442606925964
230525_15,0,230525,HPMEC,train,0.40023197647772246,0.6034054454124771,0.5742514507127824,0.7759425816153128,0.20582056045532227,0.33900922536849976
230525_150,0,230525,HPMEC,train,0.40023197647772246,0.35769345441427497,0.34523736787366177,0.27326974954640854,0.11217447370290756,0.1472914218902588
230525_151,0,230525,HPMEC,train,0.40023197647772246,0.0051181804433403115,0.03883964265941846,0.03248857149784978,0.0028261072002351284,0.004501675721257925
230525_152,0,230525,HPMEC,train,0.40023197647772246,0.15201355664500937,0.1396692743801756,0.13739224671582448,0.3096877634525299,0.6079983115196228
230525_153,1,230525,HPMEC,test,0.40023197647772246,0.28830823163414493,0.2587198249837099,0.2544920219722422,0.7902100086212158,0.8550693392753601
230525_154,1,230525,HPMEC,test,0.40023197647772246,0.5632131175064651,0.47557752592843616,0.43193691183548266,0.7866541147232056,0.750680685043335
230525_155,1,230525,HPMEC,train,0.40023197647772246,0.12242866664578923,0.3053920007819547,0.35119618501834904,0.13850797712802887,0.25256380438804626
230525_156,1,230525,HPMEC,train,0.40023197647772246,0.13564726299668667,0.1289995398356887,0.1460951002540513,0.17887179553508759,0.39920711517333984
230525_157,1,230525,HPMEC,train,0.40023197647772246,0.09272829312261999,0.09122654134835625,0.10002537239210679,0.19740508496761322,0.4597029387950897
230525_158,1,230525,HPMEC,train,0.40023197647772246,0.05103662136150365,0.07491617924200993,0.05768139414823547,0.03349209576845169,0.2511100172996521
230525_159,0,230525,HPMEC,train,0.40023197647772246,0.08190904132964695,0.0950218702624882,0.06607749587905877,0.10264208912849426,0.43927204608917236
230525_16,0,230525,HPMEC,val,0.40023197647772246,0.2960179212061787,0.5547521958195542,0.5907115828604356,0.01649552956223488,0.11319345980882645
230525_160,1,230525,HPMEC,train,0.40023197647772246,0.08784844855392239,0.07148714233122472,0.06923583742902802,0.114396832883358,0.444372296333313
230525_161,1,230525,HPMEC,train,0.40023197647772246,0.14447437818010747,0.12087194013182574,0.12805229336088053,0.23821254074573517,0.71091628074646
230525_162,1,230525,HPMEC,train,0.40023197647772246,0.14761207837668536,0.08666414797877874,0.09235709493429856,0.07753061503171921,0.3037133514881134
230525_163,1,230525,HPMEC,train,0.40023197647772246,0.4359262383155203,0.12180128528136527,0.28590870242325167,0.5438241958618164,0.775526762008667
230525_164,1,230525,HPMEC,train,0.40023197647772246,0.26705706745516794,0.18637054985273965,0.2218786402626952,0.326902836561203,0.6193866729736328
230525_165,1,230525,HPMEC,train,0.40023197647772246,0.2936495470152336,0.1666643872193175,0.12179950557280925,0.1309213489294052,0.2305031269788742
230525_166,1,230525,HPMEC,test,0.40023197647772246,0.18551529883951745,0.17994696108955163,0.14782742834208262,0.3379284739494324,0.4693426489830017
230525_167,1,230525,HPMEC,train,0.40023197647772246,0.26273431154296406,0.35469078103649815,0.2507038958491717,0.1861625611782074,0.3237621486186981
230525_168,1,230525,HPMEC,test,0.40023197647772246,0.27712717690330635,0.1920364770734391,0.1751806239613047,0.44247493147850037,0.5611604452133179
230525_169,1,230525,HPMEC,train,0.40023197647772246,0.2729189582137249,0.19775006182352736,0.1436931845464523,0.2861945927143097,0.501548707485199
230525_17,0,230525,HPMEC,train,0.40023197647772246,0.0535548148998494,0.10183077350991526,0.11810243492905173,0.01646263897418976,0.15936216711997986
230525_170,1,230525,HPMEC,val,0.40023197647772246,0.341462232059817,0.2327276328001588,0.21176986414201146,0.10131411999464035,0.2834753692150116
230525_171,1,230525,HPMEC,train,0.40023197647772246,0.4285831309065706,0.3191687585927053,0.2606190907170293,0.2068532556295395,0.3872887194156647
230525_172,1,230525,HPMEC,test,0.40023197647772246,0.6272424204590891,0.3404253292607296,0.45068027135339395,0.10033734142780304,0.34074369072914124
230525_173,0,230525,HPMEC,test,0.40023197647772246,0.3841815644347508,0.3119534833857682,0.20485292600631372,0.27114710211753845,0.5203882455825806
230525_174,1,230525,HPMEC,train,0.40023197647772246,0.4224042032173045,0.33795992041993084,0.29116545127602456,0.09347985684871674,0.2709035873413086
230525_175,0,230525,HPMEC,train,0.40023197647772246,0.3109064013435722,0.18591935438895865,0.19400413048867368,0.32412397861480713,0.4978184998035431
230525_176,0,230525,HPMEC,train,0.40023197647772246,0.25088651495655717,0.21344479805857655,0.21735684986810072,0.3711893558502197,0.3933875858783722
230525_177,0,230525,HPMEC,train,0.40023197647772246,0.2195026111457151,0.13190247117239842,0.16704152233418154,0.09475529938936234,0.17120486497879028
230525_178,0,230525,HPMEC,train,0.40023197647772246,0.32278115554986725,0.14507251911381158,0.16417870570654458,0.17223072052001953,0.4252721071243286
230525_179,0,230525,HPMEC,train,0.40023197647772246,0.3374111646228657,0.12298530473475663,0.17210417580350562,0.3374088704586029,0.5409227013587952
230525_18,0,230525,HPMEC,train,0.40023197647772246,0.022012215703826162,0.10658523825958277,0.12771922300158187,0.012944900430738926,0.25381168723106384
230525_180,1,230525,HPMEC,train,0.40023197647772246,0.5005597643554359,0.36179634259808585,0.2902701562973683,0.2691071033477783,0.5367690920829773
230525_181,0,230525,HPMEC,train,0.40023197647772246,0.4036372211415912,0.22886252574747853,0.30395705105163445,0.44319382309913635,0.6976026296615601
230525_182,1,230525,A549,train,0.8472080648034944,0.3656341704054376,0.28073643574270296,0.4537251635345433,0.3092759847640991,0.1978600174188614
230525_183,0,230525,A549,train,0.8472080648034944,0.3105121419380008,0.1207866824508862,0.3404214141346557,0.2671467661857605,0.24208171665668488
230525_184,1,230525,A549,train,0.8472080648034944,0.32692817313345524,0.12661378508591042,0.2663383988166813,0.2174428552389145,0.2323760986328125
230525_185,1,230525,A549,train,0.8472080648034944,0.38388853552428504,0.3570312935496237,0.38088190808730055,0.2861520051956177,0.34301772713661194
230525_186,0,230525,A549,train,0.8472080648034944,0.3989129085281788,0.2025804796223815,0.30808909370841925,0.03624781593680382,0.18004292249679565
230525_187,1,230525,A549,test,0.8472080648034944,0.31681132376473253,0.1573621150074657,0.25536464260482533,0.04803486540913582,0.21595002710819244
230525_188,1,230525,A549,train,0.8472080648034944,0.35504974894294794,0.1387666866698814,0.3213347172749723,0.4635300934314728,0.690203070640564
230525_189,1,230525,A549,train,0.8472080648034944,0.5435363169956128,0.12017487881824464,0.3918465699375729,0.732754647731781,0.8002088665962219
230525_19,0,230525,HPMEC,train,0.40023197647772246,0.26085853725012764,0.505160707412479,0.49132826363649335,0.003390488913282752,0.17875175178050995
230525_190,1,230525,A549,train,0.8472080648034944,0.618635636664592,0.5938555078285354,0.7451348612903207,0.7757316827774048,0.6815634369850159
230525_191,1,230525,A549,train,0.8472080648034944,0.26460077140100924,0.26396750556392706,0.5437064498663371,0.2769215703010559,0.480643630027771
230525_192,1,230525,A549,val,0.8472080648034944,0.18348846422657844,0.22542472538984645,0.3151493558176546,0.18200549483299255,0.5939950942993164
230525_193,1,230525,A549,val,0.8472080648034944,0.1701223545453185,0.2847963984267751,0.4418646817339732,0.12098725885152817,0.5893336534500122
230525_194,1,230525,A549,train,0.8472080648034944,0.11537513550017287,0.18490555673642792,0.2356181688237414,0.0728524923324585,0.5148094296455383
230525_195,1,230525,A549,train,0.8472080648034944,0.16196431115161125,0.21021798493436458,0.2808057549914707,0.15113483369350433,0.5355847477912903
230525_196,1,230525,A549,train,0.8472080648034944,0.16181726423182888,0.281389460108356,0.4162100419865173,0.08081204444169998,0.37102702260017395
230525_197,1,230525,A549,test,0.8472080648034944,0.18724161183531507,0.24857650265387285,0.4270644368113277,0.41050490736961365,0.6012388467788696
230525_198,1,230525,A549,train,0.8472080648034944,0.16871980465037192,0.2842234459404696,0.33229028257067905,0.2974516451358795,0.6485200524330139
230525_199,1,230525,A549,train,0.8472080648034944,0.4971178661621323,0.21065192823828596,0.32758061770905966,0.33258965611457825,0.6477190256118774
230525_2,1,230525,HPMEC,val,0.40023197647772246,0.45088303370008787,0.6558361845418939,0.5689831910468987,0.430775910615921,0.5590319633483887
230525_20,0,230525,HPMEC,train,0.40023197647772246,0.6070540361271202,0.22850092821210596,0.41862319207253074,0.19729293882846832,0.487357497215271
230525_200,1,230525,A549,train,0.8472080648034944,0.3593465997843271,0.23177346811042807,0.48555729157506833,0.4202761948108673,0.5877739787101746
230525_201,1,230525,A549,train,0.8472080648034944,0.3425685606514304,0.2910298600842797,0.5531052368673467,0.30570104718208313,0.6366223096847534
230525_202,1,230525,A549,train,0.8472080648034944,0.2653384442289664,0.2531044635826735,0.2746796518993072,0.3037179112434387,0.5755019783973694
230525_203,1,230525,A549,train,0.8472080648034944,0.2465613571032491,0.24994043735252147,0.3741786354773094,0.087607741355896,0.1608937531709671
230525_204,1,230525,A549,val,0.8472080648034944,0.3097360493672734,0.37230164612784267,0.3915086661981195,0.2849017083644867,0.47446873784065247
230525_205,1,230525,A549,train,0.8472080648034944,0.29462009272682216,0.21493394557514786,0.24150603861162329,0.23431284725666046,0.5156723260879517
230525_206,1,230525,A549,test,0.8472080648034944,0.345037489039342,0.20540595444198104,0.3042939627072851,0.15790994465351105,0.331295907497406
230525_207,1,230525,A549,train,0.8472080648034944,0.3761087938024025,0.2878406505266061,0.31649257060347274,0.1902218759059906,0.44864320755004883
230525_208,0,230525,A549,train,0.8472080648034944,0.014918400779625543,0.04020376342838742,0.035373929547006445,0.0014570775674656034,0.0067953430116176605
230525_209,1,230525,A549,train,0.8472080648034944,0.6248367907663424,0.5539603813104789,0.6557061253103109,0.4087540805339813,0.726606547832489
230525_21,0,230525,HPMEC,test,0.40023197647772246,0.4587169512735448,0.4486453573999192,0.41466071606563526,0.026251008734107018,0.06682692468166351
230525_210,0,230525,A549,train,0.8472080648034944,0.308656540693202,0.1678808207881353,0.2776593481342478,0.24739575386047363,0.5187735557556152
230525_211,0,230525,A549,test,0.8472080648034944,0.43896539275423063,0.3275701666324594,0.6133967449923237,0.09951779991388321,0.27338093519210815
230525_212,0,230525,A549,test,0.8472080648034944,0.25759115759093615,0.18950171837956087,0.24501326727267353,0.21869872510433197,0.4370788633823395
230525_213,0,230525,A549,train,0.8472080648034944,0.23034159561488804,0.18682984574294892,0.332497390007978,0.23097829520702362,0.3428972363471985
230525_214,0,230525,A549,train,0.8472080648034944,0.21507482896276853,0.2728232782323524,0.24756691323839242,0.16352246701717377,0.2279471904039383
230525_215,0,230525,A549,train,0.8472080648034944,0.3632107417699003,0.17556545289872713,0.26425215220620096,0.1797245591878891,0.46508514881134033
230525_216,0,230525,A549,train,0.8472080648034944,0.3440556017552901,0.17996042884182334,0.4491121168503982,0.3798004984855652,0.6270232200622559
230525_217,1,230525,A549,train,0.8472080648034944,0.5105042345653696,0.38683430021126497,0.6371717348815868,0.21602654457092285,0.48675742745399475
230525_218,0,230525,A549,train,0.8472080648034944,0.36853762836060894,0.13981150714586196,0.3559671349134864,0.3599041998386383,0.6114211082458496
230525_22,1,230525,HPMEC,train,0.40023197647772246,0.41108706764862585,0.3910492724554723,0.5703410103909207,0.03320374712347984,0.13187366724014282
230525_23,1,230525,HPMEC,train,0.40023197647772246,0.5417883540104433,0.6149955903817768,0.7717500014477353,0.04336079582571983,0.1400286853313446
230525_24,1,230525,HPMEC,train,0.40023197647772246,0.5995185829037074,0.5749982527962336,0.7679040512334612,0.07263632118701935,0.2744732201099396
230525_25,1,230525,HPMEC,train,0.40023197647772246,0.270188695096458,0.5684288848346714,0.5657062369259814,0.0070658051408827305,0.09531033784151077
230525_26,0,230525,HPMEC,test,0.40023197647772246,0.09417917770298881,0.14794775376170421,0.20462731261117145,0.005383962765336037,0.146861270070076
230525_27,0,230525,HPMEC,test,0.40023197647772246,0.008643957341224017,0.0726175003313187,0.1054508913607261,0.011209191754460335,0.18299230933189392
230525_28,1,230525,HPMEC,train,0.40023197647772246,0.3756415200734413,0.49141867446075943,0.5081217145031273,0.009476035833358765,0.30637744069099426
230525_29,0,230525,HPMEC,train,0.40023197647772246,0.008492156340891758,0.05138421267493483,0.051573271188572196,0.005783379543572664,0.025853712111711502
230525_3,1,230525,HPMEC,train,0.40023197647772246,0.44328546114165257,0.5102158563784911,0.4599407124658601,0.25248605012893677,0.3028371036052704
230525_30,1,230525,HPMEC,train,0.40023197647772246,0.5506481534521757,0.7881125679402222,0.8402979207630389,0.10030132532119751,0.25779208540916443
230525_31,0,230525,HPMEC,train,0.40023197647772246,0.5869262586761593,0.7523082245206549,0.7966467928182716,0.18178904056549072,0.5140565037727356
230525_32,0,230525,HPMEC,test,0.40023197647772246,0.01350182390371945,0.021131199193850914,0.02859555950936367,0.0031607644632458687,0.010349947027862072
230525_33,1,230525,HPMEC,test,0.40023197647772246,0.55916304747199,0.501751314471915,0.7394266315974658,0.2846325933933258,0.6540157198905945
230525_34,1,230525,HPMEC,test,0.40023197647772246,0.4955830271893751,0.7322197861595363,0.8036470124606083,0.10657484829425812,0.3863137364387512
230525_35,1,230525,HPMEC,train,0.40023197647772246,0.1754715623805822,0.1449691049829753,0.2618800216491622,0.006636653561145067,0.094919852912426
230525_36,1,230525,HPMEC,test,0.40023197647772246,0.1318378872478682,0.24527184035618033,0.31693817021890386,0.007459248881787062,0.2489331215620041
230525_37,0,230525,HPMEC,train,0.40023197647772246,0.012293229865107452,0.08377997721647153,0.09348107428762921,0.02567376010119915,0.3225713074207306
230525_38,1,230525,A549,val,0.8472080648034944,0.11404255657532424,0.2404789831672082,0.5952734418657918,0.02730194292962551,0.3113284409046173
230525_39,1,230525,A549,train,0.8472080648034944,0.6405095982770768,0.7254573648994735,0.9235845479336571,0.7114094495773315,0.748108446598053
230525_4,1,230525,HPMEC,test,0.40023197647772246,0.40808643626534014,0.6238407172820767,0.49979898216209856,0.1470852643251419,0.289489209651947
230525_40,1,230525,A549,train,0.8472080648034944,0.5855756153161377,0.601326849517545,0.9055925632011224,0.5594053864479065,0.5061917901039124
230525_41,1,230525,A549,test,0.8472080648034944,0.6633756769139825,0.6970660594544298,0.936390651351806,0.16687501966953278,0.3756412863731384
230525_42,1,230525,A549,test,0.8472080648034944,0.7701185598020964,0.6946626908956967,0.9390538163747992,0.7818625569343567,0.8249471783638
230525_43,1,230525,A549,train,0.8472080648034944,0.7613579179412454,0.786347132708841,0.9380502373178201,0.7923902273178101,0.7792898416519165
230525_44,1,230525,A549,train,0.8472080648034944,0.6088585813597902,0.7852795388625633,0.9416610426389196,0.13246475160121918,0.39738884568214417
230525_45,1,230525,A549,train,0.8472080648034944,0.0695852376273069,0.1412002672602504,0.17148481531467466,0.02588546834886074,0.3974577486515045
230525_46,1,230525,A549,test,0.8472080648034944,0.08497177733029518,0.18721891701811663,0.20862576344721515,0.04270223155617714,0.5001396536827087
230525_47,1,230525,A549,train,0.8472080648034944,0.12628360192236526,0.1641394461339203,0.33548972633710067,0.016644297167658806,0.2677474319934845
230525_48,0,230525,A549,train,0.8472080648034944,0.018306023700972545,0.019225259445940633,0.062103225779593374,0.0069694723933935165,0.014943141490221024
230525_49,1,230525,A549,train,0.8472080648034944,0.766532898017168,0.6411100627320675,0.8992181976336459,0.16134239733219147,0.296102374792099
230525_5,1,230525,HPMEC,train,0.40023197647772246,0.6251356559212707,0.751697276995244,0.7577827315784936,0.6770495772361755,0.7356829047203064
230525_50,1,230525,A549,val,0.8472080648034944,0.7032646847610622,0.7206633896133707,0.8963041409729379,0.2662007212638855,0.5137621760368347
230525_51,1,230525,A549,train,0.8472080648034944,0.6798253804256814,0.6776234765696602,0.9198250806536961,0.23593492805957794,0.4655432105064392
230525_52,1,230525,A549,test,0.8472080648034944,0.6267667621692878,0.65085747228485,0.9067204197372191,0.1312890648841858,0.34203070402145386
230525_53,1,230525,A549,train,0.8472080648034944,0.2730238164880839,0.3674599119232162,0.8098625114370515,0.011806792579591274,0.1502183973789215
230525_54,1,230525,A549,test,0.8472080648034944,0.04280408880044597,0.1073972799864642,0.18866347925516755,0.01760547049343586,0.15386900305747986
230525_55,0,230525,A549,train,0.8472080648034944,0.01948896560561644,0.11085383006713892,0.17349364692082211,0.012929786927998066,0.3696885108947754
230525_56,1,230525,A549,train,0.8472080648034944,0.23801416971267197,0.43091567711021544,0.6911026292779195,0.015657790005207062,0.3916562795639038
230525_57,1,230525,A549,train,0.8472080648034944,0.6170718564238498,0.6269907279686855,0.8932811923089582,0.338482528924942,0.5435588359832764
230525_58,0,230525,A549,train,0.8472080648034944,0.6070799231154741,0.5681128929524195,0.8441658789653184,0.03633541986346245,0.110878586769104
230525_59,1,230525,A549,val,0.8472080648034944,0.6098532242384996,0.4612404723352455,0.8920746058819508,0.09113644808530807,0.37695303559303284
230525_6,1,230525,HPMEC,train,0.40023197647772246,0.6269380728630571,0.581121251153628,0.5637512892012919,0.7670337557792664,0.7574880123138428
230525_60,1,230525,A549,train,0.8472080648034944,0.6687237122941132,0.7293438685025249,0.9325109435276356,0.11000167578458786,0.2604950964450836
230525_61,1,230525,A549,train,0.8472080648034944,0.7269587092780094,0.5373320023874056,0.9086808264411905,0.1249026358127594,0.39952290058135986
230525_62,1,230525,A549,train,0.8472080648034944,0.2661896193524701,0.5488899678706667,0.7961733093150704,0.02016451023519039,0.1854250729084015
230525_63,0,230525,A549,train,0.8472080648034944,0.08341517553217376,0.13030082017047798,0.2272697921003511,0.010401328094303608,0.3141669034957886
230525_64,0,230525,A549,train,0.8472080648034944,0.006906975773715875,0.06998197927994261,0.11932399068392797,0.013770682737231255,0.14821799099445343
230525_65,1,230525,A549,test,0.8472080648034944,0.43381488491301023,0.6160941882018146,0.8856589197654464,0.020829761400818825,0.5110767483711243
230525_66,1,230525,A549,train,0.8472080648034944,0.6311939592207603,0.8663472886990576,0.9592555910665872,0.04781229421496391,0.18040049076080322
230525_67,0,230525,A549,train,0.8472080648034944,0.5874139938610141,0.5212888666094574,0.8788298124624838,0.27044954895973206,0.5501950979232788
230525_68,1,230525,A549,val,0.8472080648034944,0.6419939364831184,0.5651760767867668,0.9337367999537471,0.2586178779602051,0.5549110174179077
230525_69,1,230525,A549,train,0.8472080648034944,0.6071077071282667,0.6031928642012796,0.9415575884932148,0.3705326318740845,0.680208146572113
230525_7,1,230525,HPMEC,train,0.40023197647772246,0.4543159141256271,0.27166067008254907,0.30315939536589953,0.06705745309591293,0.14732351899147034
230525_70,1,230525,A549,train,0.8472080648034944,0.5767559006790001,0.5363230942006195,0.9121257628235689,0.28951188921928406,0.7394888997077942
230525_71,1,230525,A549,train,0.8472080648034944,0.17778672924263095,0.34803019797697016,0.7455736056071262,0.016666492447257042,0.25406596064567566
230525_72,1,230525,A549,val,0.8472080648034944,0.09776943612740029,0.1282838142335563,0.20170189997283852,0.005854838062077761,0.41241878271102905
230525_73,1,230525,HPMEC,test,0.40023197647772246,0.6331418375061401,0.8149543675492638,0.6017016713189709,0.6598880887031555,0.6910903453826904
230525_74,1,230525,HPMEC,train,0.40023197647772246,0.7048696983362194,0.8367364838066219,0.8165535269191885,0.6814621686935425,0.6997108459472656
230525_75,1,230525,HPMEC,test,0.40023197647772246,0.5924641972173255,0.659082406324705,0.5969959475332018,0.8333197832107544,0.918369472026825
230525_76,1,230525,HPMEC,test,0.40023197647772246,0.5213353072330347,0.6043195561557936,0.5833817476358442,0.5726951360702515,0.7502464056015015
230525_77,1,230525,HPMEC,train,0.40023197647772246,0.46579301222586944,0.4331128059627533,0.3473716739312961,0.6469415426254272,0.7734862565994263
230525_78,1,230525,HPMEC,train,0.40023197647772246,0.44954198275111756,0.3482752269075354,0.34685677802073556,0.7414266467094421,0.8547353148460388
230525_79,0,230525,HPMEC,train,0.40023197647772246,0.5502656174961656,0.39431122457886514,0.33023563823388646,0.5010542273521423,0.5676068067550659
230525_8,1,230525,HPMEC,train,0.40023197647772246,0.07263870866545587,0.11214306524304234,0.12024233193564493,0.025073032826185226,0.30582189559936523
230525_80,0,230525,HPMEC,test,0.40023197647772246,0.4236124801909391,0.3708496335921186,0.25998899447946566,0.20423126220703125,0.19026486575603485
230525_81,0,230525,HPMEC,test,0.40023197647772246,0.02585399483541445,0.05780576414041942,0.04771232977063488,0.0073227123357355595,0.015315348282456398
230525_82,1,230525,HPMEC,train,0.40023197647772246,0.41823668721691243,0.5705895487698068,0.6156223657316664,0.6116185784339905,0.6151081919670105
230525_83,1,230525,HPMEC,train,0.40023197647772246,0.5130022991798684,0.384543906840255,0.5357558209863481,0.6077471375465393,0.6783009767532349
230525_84,1,230525,HPMEC,train,0.40023197647772246,0.4391152049884011,0.3404719625305205,0.4494348087103629,0.7777609825134277,0.7355223894119263
230525_85,0,230525,HPMEC,test,0.40023197647772246,0.5276859033143878,0.6594514406303777,0.6601811670463457,0.7862003445625305,0.7346178293228149
230525_86,1,230525,HPMEC,test,0.40023197647772246,0.6365251372975067,0.8610461055787929,0.8326486614540815,0.751457691192627,0.685846209526062
230525_87,1,230525,HPMEC,val,0.40023197647772246,0.5925290120906742,0.8082636498787695,0.7380832864971374,0.7888463735580444,0.7845211029052734
230525_88,0,230525,HPMEC,train,0.40023197647772246,0.45984222152201987,0.5049441577653363,0.43269842087570054,0.7858619093894958,0.7939430475234985
230525_89,1,230525,HPMEC,train,0.40023197647772246,0.6928324012880293,0.798696671868388,0.7841634814436172,0.909619152545929,0.8409615159034729
230525_9,1,230525,HPMEC,train,0.40023197647772246,0.07098832570422502,0.1829615001611482,0.18117190237763162,0.030598608776926994,0.5054795145988464
230525_90,1,230525,HPMEC,train,0.40023197647772246,0.5538014054005105,0.8314559839999814,0.8230689019145807,0.76662677526474,0.8272241353988647
230525_91,0,230525,HPMEC,train,0.40023197647772246,0.5436375454929668,0.8169423003113123,0.7510224113120993,0.6650971174240112,0.8153089880943298
230525_92,1,230525,HPMEC,test,0.40023197647772246,0.39670425329169007,0.45338715668744967,0.6887152237932673,0.7163647413253784,0.8457496762275696
230525_93,1,230525,HPMEC,train,0.40023197647772246,0.4051325846067959,0.3063591108154487,0.4129481831916622,0.7421123385429382,0.8536564707756042
230525_94,1,230525,HPMEC,train,0.40023197647772246,0.5374698478089279,0.4781399224111124,0.6479110175549085,0.7163273692131042,0.7922428250312805
230525_95,1,230525,HPMEC,val,0.40023197647772246,0.46453617171680583,0.3816664572298193,0.5823357914276479,0.8257007002830505,0.8358326554298401
230525_96,1,230525,HPMEC,train,0.40023197647772246,0.5595393243980468,0.5765248918680801,0.5385747455669707,0.6863608956336975,0.6826810836791992
230525_97,1,230525,HPMEC,train,0.40023197647772246,0.7146803863761938,0.8031131427797091,0.8446916214274485,0.7788487672805786,0.8710134029388428
230525_98,1,230525,HPMEC,train,0.40023197647772246,0.7120148039639456,0.859448915537071,0.8596672248229394,0.4588238298892975,0.363698810338974
230525_99,1,230525,HPMEC,test,0.40023197647772246,0.6640760801374844,0.8123386701109259,0.8111331040545527,0.867063045501709,0.6605985760688782
230529_1,1,230529,HPMEC,train,0.46742057883590576,0.378116218059128,0.35887320268029255,0.3540447202486002,0.04121698439121246,0.2558603584766388
230529_10,1,230529,HPMEC,train,0.46742057883590576,0.36363938605235757,0.3743200128961003,0.35430976495383615,0.03252076730132103,0.41301941871643066
230529_100,0,230529,HPMEC,test,0.46742057883590576,0.4665302088274996,0.6151846466398091,0.4655941904562142,0.5107517242431641,0.24199406802654266
230529_101,0,230529,HPMEC,train,0.46742057883590576,0.6778606599030867,0.49201967343696973,0.49404718186924856,0.6547333002090454,0.6584741473197937
230529_102,0,230529,HPMEC,val,0.46742057883590576,0.7189944304157867,0.8571304153635415,0.8673146514943153,0.8851957321166992,0.9310705661773682
230529_103,0,230529,HPMEC,val,0.46742057883590576,0.7387063996173623,0.7272330395107619,0.7110408379718274,0.5220305323600769,0.4253999590873718
230529_104,0,230529,HPMEC,test,0.46742057883590576,0.7405650993709312,0.7766426545325223,0.7763617340641847,0.3164884150028229,0.2994503378868103
230529_105,0,230529,HPMEC,train,0.46742057883590576,0.789020730134522,0.8621771659289954,0.7768522219310515,0.8757246136665344,0.8855584263801575
230529_106,0,230529,HPMEC,train,0.46742057883590576,0.7402947071552118,0.8704208389752839,0.7866149242989615,0.7916985154151917,0.8002710342407227
230529_107,0,230529,HPMEC,train,0.46742057883590576,0.48801631760270886,0.5494563297172567,0.404357057287276,0.8569309711456299,0.2628677189350128
230529_108,1,230529,A549,train,0.6153733905281605,0.7560740129505051,0.7335671990703263,0.7945705272192837,0.7985520958900452,0.8017298579216003
230529_109,1,230529,A549,test,0.6153733905281605,0.7316144935115779,0.8649943315430877,0.9511999162855288,0.8393718004226685,0.8228157162666321
230529_11,1,230529,HPMEC,train,0.46742057883590576,0.6737220584401173,0.7533534806517276,0.6717930025999934,0.45855486392974854,0.6417504549026489
230529_110,1,230529,A549,train,0.6153733905281605,0.6950634452188903,0.7997785766726443,0.9323675678464741,0.8236539959907532,0.7714543342590332
230529_111,1,230529,A549,val,0.6153733905281605,0.7914943386514655,0.8764726303863803,0.9507955234995208,0.7858389019966125,0.6969912648200989
230529_112,1,230529,A549,train,0.6153733905281605,0.7406090564388342,0.603564119134576,0.8935012268530261,0.4770832359790802,0.4696880578994751
230529_113,1,230529,A549,train,0.6153733905281605,0.8099272679472205,0.5320129347309333,0.8333916869532841,0.4483239948749542,0.3406620919704437
230529_114,0,230529,A549,train,0.6153733905281605,0.8102764907092764,0.19376075535942247,0.39135667191088275,0.24008479714393616,0.21619798243045807
230529_115,0,230529,A549,train,0.6153733905281605,0.810175868945534,0.40057360246325285,0.6106010855042018,0.6074510812759399,0.6589437127113342
230529_116,1,230529,A549,test,0.6153733905281605,0.7223448295222156,0.3420642432396618,0.5379934904262466,0.3185998201370239,0.18449357151985168
230529_117,1,230529,A549,test,0.6153733905281605,0.6640961173078683,0.7930258961739893,0.8256140692735778,0.3300262987613678,0.5215518474578857
230529_118,1,230529,A549,train,0.6153733905281605,0.5638558331538609,0.5298089776910869,0.5849938212493231,0.26708972454071045,0.500998318195343
230529_119,1,230529,A549,train,0.6153733905281605,0.6461593930805932,0.6108679757273948,0.6511161127451949,0.765265166759491,0.8111945390701294
230529_12,0,230529,HPMEC,val,0.46742057883590576,0.06151995802438077,0.02853901273120311,0.05764292038772584,0.007007086183875799,0.02304595336318016
230529_120,1,230529,A549,train,0.6153733905281605,0.7345795251820619,0.8249520103051898,0.7931899513318372,0.8067178726196289,0.8862743377685547
230529_121,1,230529,A549,train,0.6153733905281605,0.6882186300795341,0.8780760542235435,0.9373069597238624,0.8659600019454956,0.9155316352844238
230529_122,1,230529,A549,train,0.6153733905281605,0.7289767607105583,0.8001227781968419,0.8826613161980603,0.8000681400299072,0.7781651616096497
230529_123,1,230529,A549,train,0.6153733905281605,0.6680593698629986,0.7358547250069233,0.8235397598940973,0.737433135509491,0.8292487859725952
230529_124,0,230529,A549,train,0.6153733905281605,0.7420184610563374,0.7670335459760839,0.8515692965451526,0.36819252371788025,0.620726466178894
230529_125,0,230529,A549,train,0.6153733905281605,0.7624566209063173,0.8135019510101322,0.8436484155605912,0.5567442178726196,0.809721827507019
230529_126,0,230529,A549,test,0.6153733905281605,0.6819639385310181,0.19989041491522963,0.41969915831751103,0.7614228129386902,0.8142904043197632
230529_127,1,230529,A549,test,0.6153733905281605,0.7057036738718105,0.7477280734034717,0.7979441228615345,0.7585981488227844,0.8008738160133362
230529_128,0,230529,A549,test,0.6153733905281605,0.028896088001405338,0.029831785187820377,0.03960868468783051,0.01435778010636568,0.01026211492717266
230529_129,1,230529,A549,train,0.6153733905281605,0.8376006399335564,0.9348979059160548,0.9648122493420193,0.9377420544624329,0.9274884462356567
230529_13,0,230529,HPMEC,train,0.46742057883590576,0.04407262253139907,0.020769552164114944,0.04593580466460005,0.0057383943349123,0.007761270739138126
230529_130,1,230529,A549,train,0.6153733905281605,0.8622573352386099,0.9277356939784186,0.9566353331428558,0.9476650953292847,0.937808096408844
230529_131,1,230529,A549,train,0.6153733905281605,0.8607974429850758,0.9148386031286642,0.9393751174478353,0.9533632397651672,0.9380927085876465
230529_132,1,230529,A549,train,0.6153733905281605,0.8355846821212789,0.8877626378272405,0.9469749713919053,0.8927533626556396,0.9127510786056519
230529_133,1,230529,A549,test,0.6153733905281605,0.7456035422101337,0.9166044922741584,0.9478411919562127,0.8328210115432739,0.8430371880531311
230529_134,1,230529,A549,train,0.6153733905281605,0.6923200511926116,0.774011397585017,0.8661865624495023,0.45992010831832886,0.22361716628074646
230529_135,0,230529,A549,train,0.6153733905281605,0.515539757714399,0.46113556302622866,0.5710524642212589,0.39762288331985474,0.2780889570713043
230529_136,0,230529,A549,test,0.6153733905281605,0.6062387488410451,0.3960214256759956,0.5369343343514004,0.5055394768714905,0.39847469329833984
230529_137,1,230529,A549,test,0.6153733905281605,0.7616420434442224,0.9076264286256088,0.9547006686592907,0.8469434976577759,0.8356837630271912
230529_138,1,230529,A549,train,0.6153733905281605,0.8302554805013184,0.8566646820479674,0.9538858416879693,0.9236711859703064,0.9354455471038818
230529_139,0,230529,A549,train,0.6153733905281605,0.5582477223333782,0.525698064099513,0.7667997548462212,0.3749665319919586,0.08477643132209778
230529_14,1,230529,HPMEC,train,0.46742057883590576,0.5114686249317414,0.6662164235201684,0.6287697643918257,0.2341793030500412,0.3051642179489136
230529_140,1,230529,A549,train,0.6153733905281605,0.7103966210832773,0.8832791373946249,0.956179755884773,0.7819099426269531,0.654472291469574
230529_141,1,230529,A549,train,0.6153733905281605,0.7452390452964058,0.9195031179397899,0.9678849657041154,0.8907358050346375,0.8738765716552734
230529_142,0,230529,A549,train,0.6153733905281605,0.6073941698331197,0.6961766115107776,0.8153362679761774,0.5345457792282104,0.7204461693763733
230529_143,0,230529,A549,test,0.6153733905281605,0.6861470068425838,0.5847307445360664,0.8460098305386247,0.5149996876716614,0.37404417991638184
230529_144,0,230529,HPMEC,train,0.46742057883590576,0.31843568811922834,0.5733963937289643,0.4662118300272356,0.4226131737232208,0.5966187119483948
230529_145,0,230529,HPMEC,test,0.46742057883590576,0.3071228657744216,0.6151838289943142,0.4449973105216525,0.3734833598136902,0.4627397358417511
230529_146,0,230529,HPMEC,train,0.46742057883590576,0.2764905527929786,0.516383526405654,0.4599813650000988,0.31008246541023254,0.3118813633918762
230529_147,0,230529,HPMEC,train,0.46742057883590576,0.37559038637796904,0.23696154866957608,0.3021059503347139,0.1464328169822693,0.1374650001525879
230529_148,0,230529,HPMEC,train,0.46742057883590576,0.27738637119147813,0.3387896991985383,0.3691673484736628,0.15525442361831665,0.23444481194019318
230529_149,0,230529,HPMEC,train,0.46742057883590576,0.2541835045703608,0.3248230884645153,0.40086808400391805,0.27095329761505127,0.37069112062454224
230529_15,0,230529,HPMEC,test,0.46742057883590576,0.42659716146289284,0.5174007205013512,0.37592904927019505,0.09410976618528366,0.37762102484703064
230529_150,0,230529,HPMEC,train,0.46742057883590576,0.35267118240730744,0.1111922416530205,0.1775677349580181,0.43545523285865784,0.5650476217269897
230529_151,0,230529,HPMEC,train,0.46742057883590576,0.41973846874973314,0.23852409637701036,0.31041410077000964,0.5625389814376831,0.5992504954338074
230529_152,0,230529,HPMEC,train,0.46742057883590576,0.32758739662201475,0.2644228834718771,0.2069820876401875,0.6787967681884766,0.47474637627601624
230529_153,0,230529,HPMEC,train,0.46742057883590576,0.11643411315093918,0.12978413158429397,0.16887793648609703,0.07606451958417892,0.17962467670440674
230529_154,0,230529,HPMEC,train,0.46742057883590576,0.2253951154540246,0.14864126732657287,0.17537531054755007,0.1490612030029297,0.33638253808021545
230529_155,0,230529,HPMEC,train,0.46742057883590576,0.23423176486048017,0.1516034436016998,0.18565833404903626,0.09370670467615128,0.18743525445461273
230529_156,0,230529,HPMEC,train,0.46742057883590576,0.22374779920157206,0.17509137013103293,0.17009569533078042,0.04084375500679016,0.2068910151720047
230529_157,0,230529,HPMEC,test,0.46742057883590576,0.18822880156846816,0.15874364981386746,0.18269557929390554,0.11231425404548645,0.3584146797657013
230529_158,0,230529,HPMEC,train,0.46742057883590576,0.22002911496644498,0.18845067557564518,0.2744169209947614,0.057089079171419144,0.21503958106040955
230529_159,1,230529,HPMEC,train,0.46742057883590576,0.17653651696652786,0.15321296249388525,0.20230827359368136,0.041443079710006714,0.1909761279821396
230529_16,0,230529,HPMEC,train,0.46742057883590576,0.0006394532381341252,0.023907450306396714,0.02579299394004204,0.002580869710072875,0.14138135313987732
230529_160,0,230529,HPMEC,train,0.46742057883590576,0.0025911118637417865,0.050692967290439456,0.04139220355032271,0.00995591375976801,0.024508530274033546
230529_161,0,230529,HPMEC,train,0.46742057883590576,0.16642516412751343,0.14584734343732828,0.197729848619293,0.27372080087661743,0.6173163056373596
230529_162,0,230529,HPMEC,train,0.46742057883590576,0.28362608872605705,0.16390878346313584,0.278545598542779,0.4686695635318756,0.5102629661560059
230529_163,0,230529,HPMEC,train,0.46742057883590576,0.4663098956707479,0.1456194554461661,0.15155138620338154,0.30356720089912415,0.29007402062416077
230529_164,0,230529,HPMEC,train,0.46742057883590576,0.2929015404082322,0.09170955032059631,0.14119105969959694,0.3334583044052124,0.3021999001502991
230529_165,0,230529,HPMEC,train,0.46742057883590576,0.3892063977217669,0.3195220096015651,0.3884802979980868,0.2422650307416916,0.4711951017379761
230529_166,0,230529,HPMEC,train,0.46742057883590576,0.23108047086296798,0.21606249481086667,0.32212376870454884,0.022740529850125313,0.05820951238274574
230529_167,1,230529,HPMEC,train,0.46742057883590576,0.3055870503721727,0.25440208750954557,0.2170180579864817,0.2703273296356201,0.5341720581054688
230529_168,1,230529,HPMEC,train,0.46742057883590576,0.2881723615331608,0.10688774288502477,0.12404711771627043,0.13316741585731506,0.4186583161354065
230529_169,1,230529,HPMEC,train,0.46742057883590576,0.29108061177783745,0.13722787820132568,0.15991137775241412,0.1609291136264801,0.39246243238449097
230529_17,0,230529,HPMEC,test,0.46742057883590576,0.044362003394568965,0.1588856685262818,0.16892320706266178,0.01782331056892872,0.26002317667007446
230529_170,1,230529,HPMEC,train,0.46742057883590576,0.4763332819062973,0.44078674174804744,0.48022422730047143,0.14977701008319855,0.40744277834892273
230529_171,1,230529,HPMEC,train,0.46742057883590576,0.7368951607373587,0.6714339289298464,0.7099267786613581,0.5910772681236267,0.5800873637199402
230529_172,0,230529,HPMEC,train,0.46742057883590576,0.32520989580219806,0.24535689151944268,0.18169929758515377,0.11122701317071915,0.34002020955085754
230529_173,0,230529,HPMEC,test,0.46742057883590576,0.4034489282634561,0.21901415807805086,0.2133869672481259,0.07329908758401871,0.12379235774278641
230529_174,0,230529,HPMEC,train,0.46742057883590576,0.29472709684391235,0.31963883576226193,0.27255873282975746,0.24019691348075867,0.33209851384162903
230529_175,0,230529,HPMEC,train,0.46742057883590576,0.177190403967889,0.0770503047666378,0.10867160189416923,0.2866339385509491,0.2416803538799286
230529_176,0,230529,HPMEC,train,0.46742057883590576,0.13575430224996843,0.0701834528543398,0.11665755918348494,0.2100723683834076,0.12363842874765396
230529_177,0,230529,HPMEC,val,0.46742057883590576,0.11392601772222417,0.07406551467991758,0.10721365711569131,0.15486517548561096,0.16569457948207855
230529_178,0,230529,HPMEC,test,0.46742057883590576,0.2840852058101339,0.06903399887521965,0.09122038201536006,0.21065327525138855,0.22069858014583588
230529_179,0,230529,HPMEC,val,0.46742057883590576,0.36863971171543003,0.2699877841559833,0.28719405990666025,0.3724871873855591,0.4122445285320282
230529_18,0,230529,HPMEC,val,0.46742057883590576,0.280111626620735,0.27390811077833455,0.36361299094008226,0.024462783709168434,0.3235236704349518
230529_180,0,230529,HPMEC,test,0.46742057883590576,0.383394550314604,0.18956436594884188,0.1650025178339277,0.1505669504404068,0.13557834923267365
230529_181,1,230529,A549,train,0.6153733905281605,0.5953092436305868,0.49892828276086515,0.4868546782370625,0.5169898271560669,0.7340079545974731
230529_182,1,230529,A549,train,0.6153733905281605,0.4621062363949913,0.40461987489047424,0.548919478537216,0.6614813804626465,0.8134735226631165
230529_183,1,230529,A549,train,0.6153733905281605,0.4133629216112228,0.42183476247869794,0.561441854431868,0.47541874647140503,0.5373812913894653
230529_184,1,230529,A549,train,0.6153733905281605,0.4577912879788452,0.48795173416316057,0.40313476414291766,0.13398486375808716,0.1379593312740326
230529_185,1,230529,A549,train,0.6153733905281605,0.36460610861206055,0.4511379317142964,0.6080913338457165,0.15038666129112244,0.2462727129459381
230529_186,1,230529,A549,train,0.6153733905281605,0.3327507610863449,0.3402467101582442,0.3830569392368939,0.3137061893939972,0.4606879651546478
230529_187,0,230529,A549,train,0.6153733905281605,0.42811146762156793,0.25892132775637483,0.40363217662279166,0.47140729427337646,0.6245280504226685
230529_188,0,230529,A549,train,0.6153733905281605,0.01206347590996156,0.05661515832700676,0.04084108474117786,0.0075586894527077675,0.010841558687388897
230529_189,0,230529,A549,train,0.6153733905281605,0.06454600127715009,0.06146618330464991,0.055329219558526994,0.010521115735173225,0.013298260048031807
230529_19,0,230529,HPMEC,train,0.46742057883590576,0.6754404150777997,0.7525706683630693,0.6615640796759976,0.24888727068901062,0.4338141083717346
230529_190,0,230529,A549,train,0.6153733905281605,0.23187245318299118,0.2558034536344426,0.1698493938467867,0.20827192068099976,0.5858401656150818
230529_191,1,230529,A549,train,0.6153733905281605,0.3312540017683858,0.32776086519603626,0.2857980187075723,0.16629455983638763,0.3737647235393524
230529_192,1,230529,A549,val,0.6153733905281605,0.3845181575254179,0.17658658847403222,0.18955438210103828,0.07066314667463303,0.14110660552978516
230529_193,0,230529,A549,train,0.6153733905281605,0.26611677828295266,0.156727649491753,0.1866359405707898,0.06658300012350082,0.21930794417858124
230529_194,1,230529,A549,train,0.6153733905281605,0.3378467804033948,0.28610755675255706,0.3020069096705066,0.0849011167883873,0.47018003463745117
230529_195,1,230529,A549,train,0.6153733905281605,0.36008362950921674,0.4135667237753166,0.3044460750094573,0.0349387526512146,0.16932903230190277
230529_196,1,230529,A549,test,0.6153733905281605,0.297717484248333,0.30482134094383534,0.30636920693761704,0.7248105406761169,0.9238089919090271
230529_197,0,230529,A549,train,0.6153733905281605,0.26674545271895483,0.3741284013461494,0.22740744550276712,0.4460495710372925,0.8080490827560425
230529_198,0,230529,A549,train,0.6153733905281605,0.5613363461854971,0.3282017884182569,0.44526498085083266,0.7388538718223572,0.933039665222168
230529_199,0,230529,A549,train,0.6153733905281605,0.39784155088750695,0.11810106853788306,0.18847111174398934,0.4727100133895874,0.7044994235038757
230529_2,1,230529,HPMEC,test,0.46742057883590576,0.7552650142104808,0.7021125055754144,0.6332466777432516,0.6596968770027161,0.6776346564292908
230529_20,0,230529,HPMEC,train,0.46742057883590576,0.7269173515123315,0.7954060596015584,0.785533167125605,0.08881033957004547,0.2206198126077652
230529_200,0,230529,A549,train,0.6153733905281605,0.24939808585895362,0.0435689300551066,0.051867943916189645,0.36902835965156555,0.4507777690887451
230529_201,0,230529,A549,train,0.6153733905281605,0.30709157350300276,0.1605297663151092,0.2209685194380272,0.34992557764053345,0.49505746364593506
230529_202,0,230529,A549,train,0.6153733905281605,0.2380165586576464,0.14219614395247068,0.31201776097027806,0.07374947518110275,0.1518528312444687
230529_203,1,230529,A549,train,0.6153733905281605,0.38626288993090835,0.27165676625557955,0.4303847283323399,0.46237123012542725,0.690946638584137
230529_204,1,230529,A549,test,0.6153733905281605,0.3494392525947219,0.2274263507007953,0.2194933815135481,0.21555177867412567,0.4536583721637726
230529_205,1,230529,A549,train,0.6153733905281605,0.41818552186416963,0.20235122519896453,0.18270632990215524,0.2122485339641571,0.605910062789917
230529_206,1,230529,A549,train,0.6153733905281605,0.5050085164753964,0.42815405888474656,0.38953180645929636,0.20399755239486694,0.3829592764377594
230529_207,0,230529,A549,test,0.6153733905281605,0.7622644547325399,0.7904090015285137,0.8955968714374443,0.7263656258583069,0.8265073895454407
230529_208,0,230529,A549,train,0.6153733905281605,0.314763256567649,0.17304003361858308,0.2822324610828941,0.25044193863868713,0.4467099905014038
230529_209,0,230529,A549,train,0.6153733905281605,0.41315793662605593,0.24792473219123923,0.32743546501624027,0.08930060267448425,0.15234312415122986
230529_21,0,230529,HPMEC,train,0.46742057883590576,0.7577384142109544,0.8771105777503329,0.8520899645559384,0.10950874537229538,0.4123415946960449
230529_210,0,230529,A549,test,0.6153733905281605,0.2213073139329805,0.2398510112184567,0.35087090908918783,0.22552478313446045,0.3348960280418396
230529_211,0,230529,A549,train,0.6153733905281605,0.15643297303325954,0.05826963349356397,0.06074976464901428,0.23113702237606049,0.24412980675697327
230529_212,0,230529,A549,train,0.6153733905281605,0.09691144275513655,0.03489321929925455,0.03046613907031302,0.2570798695087433,0.35753029584884644
230529_213,0,230529,A549,test,0.6153733905281605,0.07230225822115645,0.04966209807561644,0.03624135362580381,0.13082192838191986,0.13869762420654297
230529_214,0,230529,A549,train,0.6153733905281605,0.26287865725332776,0.07992136692493511,0.046386582136822216,0.24228934943675995,0.25480782985687256
230529_215,0,230529,A549,train,0.6153733905281605,0.41297569708243337,0.17263513594051647,0.13925553300822835,0.46378082036972046,0.46860191226005554
230529_216,0,230529,A549,test,0.6153733905281605,0.2939755091634126,0.17152525954349346,0.10857818673646297,0.239364892244339,0.48306331038475037
230529_22,0,230529,HPMEC,val,0.46742057883590576,0.8093512453299135,0.8610470463181099,0.8592982232053404,0.11643984913825989,0.2975282371044159
230529_23,0,230529,HPMEC,train,0.46742057883590576,0.6548032467751606,0.6514238660725695,0.6892426032900091,0.11203577369451523,0.35375654697418213
230529_24,0,230529,HPMEC,train,0.46742057883590576,0.4531892362171916,0.4593079794452098,0.4852776677409968,0.004822127521038055,0.08097787946462631
230529_25,0,230529,HPMEC,train,0.46742057883590576,0.16509654039478183,0.1772522583379815,0.1311315041028678,0.005406097508966923,0.23441676795482635
230529_26,0,230529,HPMEC,train,0.46742057883590576,0.05177561600619239,0.24022013086313204,0.20782781178782894,0.04875420033931732,0.2696843147277832
230529_27,0,230529,HPMEC,train,0.46742057883590576,0.05526100178657498,0.15377147227614688,0.14438397343595807,0.03078199177980423,0.3442116379737854
230529_28,0,230529,HPMEC,train,0.46742057883590576,0.13059357165178476,0.14606952382766109,0.2776388907806387,0.07651836425065994,0.16145387291908264
230529_29,0,230529,HPMEC,train,0.46742057883590576,0.15926510208351735,0.19470103398805166,0.33282950608679246,0.12984757125377655,0.26015758514404297
230529_3,1,230529,HPMEC,val,0.46742057883590576,0.6966364914573564,0.8380307961469129,0.7591427220507214,0.6672229170799255,0.7900881767272949
230529_30,0,230529,HPMEC,train,0.46742057883590576,0.0004239208047076924,0.016513756458998902,0.020606282828407027,0.008364945650100708,0.03869279846549034
230529_31,0,230529,HPMEC,val,0.46742057883590576,0.04904557475717196,0.13739811127627338,0.24245196208990977,0.02770211175084114,0.014483753591775894
230529_32,0,230529,HPMEC,val,0.46742057883590576,0.05096185026146808,0.13739811127627338,0.24245196208990977,0.02511940710246563,0.016880977898836136
230529_33,0,230529,HPMEC,train,0.46742057883590576,0.0011916407576037919,0.04440377845964856,0.030732503502215586,0.010949678719043732,0.22252951562404633
230529_34,0,230529,HPMEC,train,0.46742057883590576,0.0026372936998819633,0.09727091791916496,0.1343688604569576,0.025887954980134964,0.34929159283638
230529_35,0,230529,HPMEC,test,0.46742057883590576,0.002522501116994358,0.09205458341976251,0.13917381623626257,0.028395578265190125,0.47665512561798096
230529_36,1,230529,A549,test,0.6153733905281605,0.4236699942378957,0.39190391345126957,0.6566424667744244,0.04959603399038315,0.44968801736831665
230529_37,1,230529,A549,train,0.6153733905281605,0.7397590300112298,0.824561665738316,0.8802332668544647,0.8724302649497986,0.8927285671234131
230529_38,1,230529,A549,train,0.6153733905281605,0.7394480271184207,0.8945460135123972,0.9472361150796821,0.7497004866600037,0.7285290360450745
230529_39,1,230529,A549,train,0.6153733905281605,0.7611541385640768,0.8694941187876094,0.9215786336476873,0.9107569456100464,0.9093355536460876
230529_4,1,230529,HPMEC,train,0.46742057883590576,0.6958263850853889,0.7336983434788622,0.7652493657633568,0.7845894694328308,0.8138864636421204
230529_40,1,230529,A549,train,0.6153733905281605,0.7601929308267533,0.8951915516345155,0.9476197407402414,0.49892622232437134,0.5907257199287415
230529_41,1,230529,A549,train,0.6153733905281605,0.6413947152354869,0.8018336094093557,0.8865261014413415,0.1879899650812149,0.28216055035591125
230529_42,1,230529,A549,train,0.6153733905281605,0.4323747837465162,0.5857920884792464,0.7365525412490334,0.03628933057188988,0.16402016580104828
230529_43,1,230529,A549,train,0.6153733905281605,0.11658430545188755,0.11472964870258592,0.14404140396805654,0.05207424610853195,0.5523237586021423
230529_44,0,230529,A549,test,0.6153733905281605,0.04649055355596831,0.11103578912683751,0.13727157205257262,0.05150400474667549,0.32756507396698
230529_45,1,230529,A549,train,0.6153733905281605,0.43202016898432516,0.5522303559433785,0.6752077086657482,0.07152723520994186,0.6168469786643982
230529_46,0,230529,A549,test,0.6153733905281605,0.09654242649858888,0.019831325082581258,0.028598451307502437,0.011462949216365814,0.010860192589461803
230529_47,1,230529,A549,train,0.6153733905281605,0.8152739815781098,0.8734665265904665,0.9521341649054973,0.6647475361824036,0.897363543510437
230529_48,0,230529,A549,test,0.6153733905281605,0.07087220518709281,0.02735474575256072,0.04537472157852437,0.013938764110207558,0.019619857892394066
230529_49,1,230529,A549,train,0.6153733905281605,0.7574618505387882,0.8497366461006032,0.8970036349557078,0.7890545725822449,0.8628547191619873
230529_5,1,230529,HPMEC,test,0.46742057883590576,0.6279115723098064,0.787290245366879,0.8151351467023985,0.5699238777160645,0.6961405277252197
230529_50,1,230529,A549,train,0.6153733905281605,0.7575988153893786,0.8426120801122312,0.9382509640842542,0.5738069415092468,0.7749819755554199
230529_51,1,230529,A549,train,0.6153733905281605,0.776668467672385,0.4996960004281079,0.840253354937545,0.4512641131877899,0.7012565732002258
230529_52,1,230529,A549,test,0.6153733905281605,0.4002716423707556,0.5308241119180147,0.6665951615480545,0.05337308719754219,0.4112876355648041
230529_53,1,230529,A549,val,0.6153733905281605,0.16774917738957704,0.4331331278600067,0.5371770581231383,0.028259381651878357,0.42801907658576965
230529_54,0,230529,A549,train,0.6153733905281605,0.03286538899222058,0.1954379621493932,0.24129543935116443,0.049887143075466156,0.5312159657478333
230529_55,0,230529,A549,train,0.6153733905281605,0.33202253745210386,0.30372357008565337,0.428115252105833,0.016080563887953758,0.35506516695022583
230529_56,0,230529,A549,val,0.6153733905281605,0.7804325025922275,0.819179888248243,0.9402020410269277,0.12609072029590607,0.41220614314079285
230529_57,1,230529,A549,val,0.6153733905281605,0.8177214572062267,0.8560305004516755,0.945183379918298,0.03323010355234146,0.245333731174469
230529_58,1,230529,A549,train,0.6153733905281605,0.8029959328669755,0.890069083462531,0.9469389144407633,0.08098013699054718,0.36734384298324585
230529_59,1,230529,A549,train,0.6153733905281605,0.8386500791979254,0.8621538791828063,0.9565774068641849,0.06269554793834686,0.28779321908950806
230529_6,1,230529,HPMEC,val,0.46742057883590576,0.46680975322267204,0.6623658741451682,0.6992256174683715,0.16505621373653412,0.16559049487113953
230529_60,1,230529,A549,train,0.6153733905281605,0.7663853518618516,0.8540001614461673,0.9426442384165605,0.08953666687011719,0.4028831124305725
230529_61,1,230529,A549,train,0.6153733905281605,0.38879375993812626,0.46718135298087443,0.708538042639754,0.0037914393469691277,0.09752409160137177
230529_62,1,230529,A549,val,0.6153733905281605,0.11972846842788115,0.32821517894211016,0.40790332127788487,0.02064264379441738,0.5156301259994507
230529_63,0,230529,A549,train,0.6153733905281605,0.026673374450643078,0.1897728998696405,0.09148174477556223,0.015856146812438965,0.3400321900844574
230529_64,0,230529,A549,train,0.6153733905281605,0.00014096781594544788,0.02251047178709916,0.019080777254474036,0.02146630734205246,0.05838905647397041
230529_65,0,230529,A549,val,0.6153733905281605,0.12583296901169946,0.2558440173004241,0.38215065120315095,0.19249053299427032,0.24324363470077515
230529_66,0,230529,A549,train,0.6153733905281605,0.0644572177807231,0.156808881484469,0.27273920927983025,0.3027225732803345,0.3618834614753723
230529_67,0,230529,A549,test,0.6153733905281605,0.04881567781329111,0.14255439886965382,0.18143991737205112,0.08120473474264145,0.06579756736755371
230529_68,0,230529,A549,test,0.6153733905281605,0.0469561654758601,0.15197401351541978,0.21080774217298,0.10878536105155945,0.11877913028001785
230529_69,0,230529,A549,train,0.6153733905281605,0.03470198728049003,0.12377348234160228,0.05820212776685368,0.060320284217596054,0.13069546222686768
230529_7,0,230529,HPMEC,train,0.46742057883590576,0.027952313826544624,0.08052153277237695,0.048572556332146605,0.005244000349193811,0.020697183907032013
230529_70,0,230529,A549,train,0.6153733905281605,0.0002669891454669092,0.01780566410139818,0.010853097690451534,0.039428792893886566,0.21045900881290436
230529_71,0,230529,A549,train,0.6153733905281605,0.0020576625483279295,0.08752843939964602,0.05118543045581329,0.04112956300377846,0.4610843062400818
230529_72,1,230529,HPMEC,train,0.46742057883590576,0.6907642754709752,0.7308795164947698,0.6447263367550952,0.7125248908996582,0.6526657938957214
230529_73,1,230529,HPMEC,val,0.46742057883590576,0.7706907673582789,0.8195353286565561,0.7686485596660071,0.7689536809921265,0.7546690106391907
230529_74,0,230529,HPMEC,test,0.46742057883590576,0.6864259355630263,0.8272198175172801,0.7506092547209914,0.5808272957801819,0.5304633378982544
230529_75,0,230529,HPMEC,val,0.46742057883590576,0.7366307042692724,0.8423272755972266,0.7980401486491042,0.643095850944519,0.5088309049606323
230529_76,0,230529,HPMEC,train,0.46742057883590576,0.7102797231667133,0.6028733056770536,0.7192123565415054,0.4171609580516815,0.391915500164032
230529_77,0,230529,HPMEC,train,0.46742057883590576,0.7808185330578933,0.4323065439853381,0.595533700530403,0.37922927737236023,0.31265023350715637
230529_78,0,230529,HPMEC,train,0.46742057883590576,0.7624084366978081,0.32244336765706944,0.4390408345179637,0.17873330414295197,0.17932109534740448
230529_79,0,230529,HPMEC,train,0.46742057883590576,0.7672833777514843,0.5584144494920958,0.6093475684991347,0.5863675475120544,0.47045111656188965
230529_8,1,230529,HPMEC,train,0.46742057883590576,0.12675017383364207,0.09221606470858146,0.11158050499513936,0.015177776105701923,0.24033629894256592
230529_80,0,230529,HPMEC,train,0.46742057883590576,0.7325063366321344,0.4597654154377322,0.41780774243028207,0.2748574912548065,0.19846059381961823
230529_81,1,230529,HPMEC,test,0.46742057883590576,0.687729040289095,0.6602733068715992,0.5784240231051145,0.4859831631183624,0.634337306022644
230529_82,1,230529,HPMEC,train,0.46742057883590576,0.6228251481267519,0.7161175192515661,0.5692969268089931,0.37018463015556335,0.49636110663414
230529_83,1,230529,HPMEC,train,0.46742057883590576,0.6837317157872739,0.7993323208300303,0.7478956279177165,0.6670539379119873,0.8101503849029541
230529_84,1,230529,HPMEC,train,0.46742057883590576,0.6771622692527157,0.8318716762560084,0.765140007816973,0.7354621887207031,0.9048846960067749
230529_85,1,230529,HPMEC,train,0.46742057883590576,0.7209446153072542,0.8193155642495578,0.7460125230879094,0.8084566593170166,0.8900253176689148
230529_86,1,230529,HPMEC,train,0.46742057883590576,0.7238226011206159,0.8153992574905862,0.7753665527326751,0.8856009840965271,0.8574126958847046
230529_87,1,230529,HPMEC,train,0.46742057883590576,0.7608074388564328,0.7498031553809923,0.5937067539341989,0.6892659664154053,0.7884600162506104
230529_88,0,230529,HPMEC,test,0.46742057883590576,0.7085327005878487,0.7326208670407053,0.6479102796184637,0.4460850954055786,0.5129467844963074
230529_89,0,230529,HPMEC,val,0.46742057883590576,0.6662626232342418,0.8091026870902297,0.7683147095327494,0.2955346405506134,0.6308653354644775
230529_9,0,230529,HPMEC,train,0.46742057883590576,0.049824374939410575,0.08470336654156138,0.10608929323320841,0.07425522804260254,0.501738429069519
230529_90,0,230529,HPMEC,train,0.46742057883590576,0.8823824761871184,0.685315114099651,0.6831394004665136,0.8585705161094666,0.9144842624664307
230529_91,0,230529,HPMEC,train,0.46742057883590576,0.02549212927448775,0.02996277245955153,0.034227398035279584,0.012034737505018711,0.042882729321718216
230529_92,0,230529,HPMEC,train,0.46742057883590576,0.5756391231093173,0.6856954312523549,0.5873740513279372,0.8597012758255005,0.8861560225486755
230529_93,1,230529,HPMEC,train,0.46742057883590576,0.6661467855010748,0.8453397932239302,0.7393711847921701,0.9136947989463806,0.8651721477508545
230529_94,1,230529,HPMEC,train,0.46742057883590576,0.7317174365357484,0.8163325277877742,0.7731243988870211,0.8202176094055176,0.8680770397186279
230529_95,1,230529,HPMEC,train,0.46742057883590576,0.82030464363815,0.9000817706886295,0.824403036210768,0.783133327960968,0.8097131252288818
230529_96,1,230529,HPMEC,train,0.46742057883590576,0.8372356236876424,0.8332073388043708,0.8230449553428708,0.7778419852256775,0.8603841662406921
230529_97,1,230529,HPMEC,train,0.46742057883590576,0.8772300348611871,0.8814176417658323,0.8835789529762564,0.8657703399658203,0.9328211545944214
230529_98,1,230529,HPMEC,train,0.46742057883590576,0.817214003391331,0.8731828143301652,0.8436351003832991,0.8560312390327454,0.6330302357673645
230529_99,0,230529,HPMEC,train,0.46742057883590576,0.3897738244912101,0.5117747601719973,0.4473821959823678,0.4213864803314209,0.12152466922998428
